country,iso3,year,account_ownership,account_female,account_male,account_poorest40,account_young,account_older,account_primary_education,internet_users,mobile_subscriptions,gdp_per_capita,gdp_growth,inflation,unemployment,labor_force_participation,urban_population,adult_literacy,gini,population
Afghanistan,AFG,2011,9.00501207340641,,,,,,,5.0,47.0151842862822,606.694676337726,0.426354776777345,11.8041858089129,7.83,46.884,22.8205691572485,31.4500007629394,,29347708.0
Afghanistan,AFG,2014,9.96100118859884,,,,,,,7.0,56.1322103822265,625.054941813938,2.72454336219565,4.67399603536345,7.915,47.096,24.1910166387726,,,32792523.0
Afghanistan,AFG,2017,14.8933122000757,7.16068414784076,22.5364950637625,13.8025032794991,9.75258646537481,18.0164994279687,8.88774888074038,13.5,67.0507903920361,525.469770891619,2.6470032027451,4.97595150553833,11.184,47.305,24.8352821238871,,,35688935.0
Afghanistan,AFG,2021,9.65382184434304,,,,,,,16.51429939,56.6944760468967,356.496214115892,-20.7388393676343,5.13320340824963,12.006,40.684,25.3478620272481,37.2700004577637,,40000412.0
Afghanistan,AFG,2024,,,,,,,,16.09499931,60.0990815591219,416.871146273728,1.87319280045979,-6.60118564073726,13.687,37.547,25.7007352636188,,,42647492.0
Albania,ALB,2011,28.2681244109764,22.6726112235836,33.6646774405553,17.5185828736703,26.403656977758,28.729258644798,15.061745970692,47.0,106.474179667965,4465.70914328865,2.46351683915714,3.42807130141501,13.481,59.938,53.2917382892465,96.8499984741211,,2905195.0
Albania,ALB,2014,37.9863523485894,33.5942341082043,42.5196913972188,23.8900959919099,29.9647681278506,40.4027012498267,24.0050720120978,54.29999924,115.700565028176,4793.59751131525,2.24022695382642,1.62586504402614,18.055,53.42,54.7325813178673,,34.6,2773767.0
Albania,ALB,2017,40.0151702048926,38.1029578691588,42.0435031953365,22.7510281551132,31.5006779647126,42.5132495383674,27.4970110290199,62.40000153,125.099939894598,5006.36012951959,3.28317593330073,1.98666133171194,13.616,58.057,55.980276426546,98.8099975585938,33.1,2648285.0
Albania,ALB,2021,44.1741742874165,45.6861097525436,42.5851653897092,27.2656016953082,43.8671001579856,44.2597377664696,34.3555700968774,79.32371752,92.4843357131703,7242.45513146613,8.96957619074095,2.04147163139545,11.474,59.684,57.5077187031778,,,2489762.0
Albania,ALB,2024,46.069250627042,41.1560488283684,51.4508986584924,30.1748781570827,29.35566021935,48.7114253554633,26.2017574802131,85.86389923,89.1328603947682,11374.0085781236,4.04592845095348,2.21587375089992,10.689,64.006,58.5463634043555,,,2377128.0
Algeria,DZA,2011,33.2861125283373,20.4072969564249,46.1278243450452,23.0946035766989,20.2971324873696,39.8755571608214,30.0699513096789,14.89999962,96.5112947931918,5916.31364364343,2.99999999941909,4.5242115050527,9.96,43.321,67.7344007507578,,27.6,36903376.0
Algeria,DZA,2014,50.4757907242262,40.0709673603606,60.9090821531733,36.9710709130652,38.4515585021223,57.4825566130256,48.3506774330471,29.5,110.440351392657,6094.69392314956,4.09999999866501,2.91692692067458,10.207,42.603,69.5468765157615,,,39205031.0
Algeria,DZA,2017,42.7766256472914,29.2687291611843,56.2549369803644,34.9708014726942,28.5835978222623,48.7470776948191,38.9481583678863,47.69110107,109.96986300969,4554.66753957828,1.49999999895587,5.59111590961664,12.0,42.325,71.3227912436551,,,41689299.0
Algeria,DZA,2021,44.0970221449773,31.1915131938875,56.8304332635687,31.9058848139226,26.7237576514328,51.4889150138789,38.9861822379999,72.21240234,105.037092587919,4160.55926736925,3.79999999900707,7.22606307415477,13.656,38.425,73.6199218261573,,,44761099.0
Algeria,DZA,2024,35.2901069097173,18.0709885603285,51.8629151446207,31.248963734877,18.5253329498679,40.9394574215698,25.0171288171979,77.4178009,115.457278573892,5752.99076651465,3.69999999907979,4.04611455313434,11.655,41.161,75.2792907190618,,,46814308.0
American Samoa,ASM,2011,,,,,,,,,,10383.459331451,0.0,,,,86.0284991724475,,,54895.0
American Samoa,ASM,2014,,,,,,,,,,12026.3344929488,1.76282051282051,,,,85.0351448001542,,,53466.0
American Samoa,ASM,2017,,,,,,,,,,11863.6839452565,-6.98757763975155,,,,83.8890385422071,,,51586.0
American Samoa,ASM,2021,,,,,,,,,,15236.1604875571,-0.782472613458523,,,,82.2127091544092,,,49225.0
American Samoa,ASM,2024,,,,,,,,,,,,,,,80.9446986961818,,,46765.0
Andorra,AND,2011,,,,,,,,81.0,83.6223853541262,46657.1561204071,-0.00806975341139093,,,,88.6888340319763,,,77783.0
Andorra,AND,2014,,,,,,,,86.09999847,89.8341402552314,44369.6596894579,2.50446552114518,,,,88.544042920911,,,73737.0
Andorra,AND,2017,,,,,,,,91.5674670273926,108.912327318574,40672.9943362327,0.346071889630295,,,,88.4977035522461,,,73763.0
Andorra,AND,2021,,,,,,,,93.89749908,119.687611658415,42425.6996761083,8.28677879049404,,,,88.6627318165299,,,78364.0
Andorra,AND,2024,,,,,,,,94.39759827,155.692108667529,49357.437070178,3.8491605039052,,,,88.8850044816278,,,81938.0
Angola,AGO,2011,39.2035423430619,38.9283452528467,39.4809697161049,,30.4581974286428,44.3138130744405,34.818920477785,4.699999809,49.8515258181069,5184.15269151846,3.59386960240222,13.4824679218511,16.77,77.315,60.8431610396073,,,24218352.0
Angola,AGO,2014,29.3181213047365,22.3316464905364,36.1321313839668,12.5435418804567,14.8649616480157,37.6685556166544,14.3491078155487,21.3623407584103,51.7384393645114,5649.68762467535,4.65572356315585,7.28038730361121,16.372,76.473,62.723115793241,66.0299987792969,,27160769.0
Angola,AGO,2017,,,,,,,,26.0,44.0682088632918,2832.14997950512,-0.164688656961076,29.8444799015679,16.617,75.609,65.0850525086068,,,30234839.0
Angola,AGO,2021,,,,,,,,34.55649948,44.3868689341257,2266.96834861584,1.09058369944815,25.7542948841891,15.799,76.372,68.2524163556969,,,34532429.0
Angola,AGO,2024,,,,,,,,40.70479965,69.7039467163584,2720.81900669715,4.95267860425956,28.2404948915772,14.02,74.881,70.6551379036435,,,37885849.0
Antigua and Barbuda,ATG,2011,,,,,,,,52.0,203.8734188945,14911.7275084471,-1.95874262217572,3.4567496723461,,,25.694689859722,,,86332.0
Antigua and Barbuda,ATG,2014,,,,,,,,67.77999878,135.234608235228,15532.1062063584,2.19829188738797,1.08944157435355,,,25.0899726107741,,,88765.0
Antigua and Barbuda,ATG,2017,,,,,,,,70.54419708,203.386832913295,16965.7288273816,2.71272657973627,2.43248789041363,,,24.8500263836871,,,90468.0
Antigua and Barbuda,ATG,2021,,,,,,,,71.64530182,199.244171566557,17348.6006987182,8.17286311186622,2.06299638545334,,,24.574983819566,,,92349.0
Antigua and Barbuda,ATG,2024,,,,,,,,72.73040009,,23059.8330702839,2.54044193946544,6.19886698842116,,,24.3906919254799,,,93772.0
Argentina,ARG,2011,33.1302169855518,31.8185625007432,34.6139694251615,19.6749244641824,15.5354047251279,38.3509965132977,28.2723853004235,51.0,145.511067881505,12704.2831819684,6.00395169280579,,7.18,60.651,91.1072286738406,,42.7,41730660.0
Argentina,ARG,2014,50.1972944916064,50.8523585472508,49.4589611838116,44.6274994192405,24.4910061858489,57.5038217985662,52.2676985836301,64.69999695,142.325481008062,12233.1444119186,-2.51261532081394,,7.268,59.444,91.3975345472954,,41.8,43024071.0
Argentina,ARG,2017,48.7084867377005,50.7572521924034,46.4663784457919,38.0612805090574,33.1053117819895,53.337498149218,43.0478230118406,74.2949068657957,139.758240519621,14532.5009308511,2.81850297775918,,8.347,58.808,91.6776028433824,,41.4,44288894.0
Argentina,ARG,2021,71.6270859300586,73.7532007447968,69.5619457466371,65.2348173798696,75.367146508302,70.6820806315964,57.0962488085077,87.15070683,130.352799939601,10738.0179223384,10.4418119882506,48.4093786255199,8.736,60.358,92.0292776175651,,42.4,45312281.0
Argentina,ARG,2024,81.7442446865007,84.2497432521024,78.939553062565,74.6649664777064,84.3725875762201,81.0976343350842,62.9313926179087,89.66715228,140.234979049333,13969.7836603737,-1.34293072157739,219.883929014578,7.15,61.862,92.2742315972952,,42.4,45696159.0
Armenia,ARM,2011,17.4868727402134,18.1485614609566,16.7159959623523,15.0356863235267,13.8532414499407,18.6043743165615,6.96654317762622,32.0,109.850061797213,3349.55309771906,4.69999999867412,7.65000807859294,18.884,61.814,64.3207449145194,99.7399978637695,29.4,3027900.0
Armenia,ARM,2014,17.6690646898034,14.7447497009393,21.1198247803461,11.0929259056446,10.3974111250234,19.8846653781335,6.13103012866202,54.6228058583362,118.365417451689,3852.11800610384,3.60000000058993,2.98130868933672,17.498,61.527,64.4142934233291,,31.5,3013800.0
Armenia,ARM,2017,47.7590178255505,40.9064362416815,55.7514172704514,34.419274848206,46.8151012824212,48.0150558558329,50.0519528297528,64.7448843250726,119.676441862212,3869.05373867752,7.50000000164144,0.969553268816138,17.704,61.462,64.7124948593667,99.7399978637695,33.6,2979400.0
Armenia,ARM,2021,55.3477332562389,52.1827201673961,59.3752985946116,45.4501446306977,47.6440386063758,57.1453334554363,44.557773571195,78.61225758,125.395134877327,4685.17997128509,5.80000000065645,7.18483629443371,15.469,61.946,65.3572875314441,,27.9,2962300.0
Armenia,ARM,2024,71.3734734683257,67.9879799098157,75.5669244748589,64.0431618561374,63.6788281951967,72.5797321302503,57.4522223529168,81.33930206,134.88694751567,8556.21406956719,5.90000000046228,0.269511978259125,12.405,59.917,65.8113671449901,,27.4,3033500.0
Aruba,ABW,2011,,,,,,,,69.0,,25712.3843015186,3.36923718421511,4.31629742195203,,,63.9992605838571,,,102591.0
Aruba,ABW,2014,,,,,,,,83.78,135.141671422905,26129.8390617693,1.42609951155575,0.421440918881214,,,63.4392531303795,,,106807.0
Aruba,ABW,2017,,,,,,,,97.17,,28440.0416881491,3.49342985290626,-1.02828178762012,,,62.7768488886109,,,108735.0
Aruba,ABW,2021,,,,,,,,,131.09206195727,26827.3447869986,14.833691976226,,,,61.9275339886843,,,107700.0
Aruba,ABW,2024,,,,,,,,,,38590.5650288641,6.81077669324554,,,,61.7909396819594,,,107995.0
Australia,AUS,2011,99.0648467076788,98.5922847400357,99.5946951892606,97.9535462742265,98.7611337250767,99.1180767361714,100.0,79.4876977139029,105.824012918279,62799.3895017032,2.39473494330615,3.30384784681081,5.083,65.514,86.3268946146423,,,22340024.0
Australia,AUS,2014,98.8595663603042,99.0362332919231,98.6705804971415,100.0,94.7786717999594,99.6190708463125,100.0,84.0,106.206237340596,62817.2061751737,2.60118978187332,2.48792932080492,6.078,64.787,86.7221289343356,,34.4,23475686.0
Australia,AUS,2017,99.5193731088495,99.195095517338,99.8545402891758,99.2878443540561,100.0,99.4466180064564,100.0,86.5450488476768,107.799761578952,54117.547718609,2.29331030192918,1.94864309065653,5.592,65.248,87.12809266445,,,24592588.0
Australia,AUS,2021,99.323149822978,100.0,98.5933711053423,98.3045518736545,100.0,99.2149003646375,86.4782956195717,96.97219849,105.118514623956,60758.9044397144,2.00694844335034,2.86391284709318,5.022,66.147,87.2353407632761,,,25685412.0
Australia,AUS,2024,98.0103778290099,97.7243209573911,98.3026509430008,96.8175014225166,98.7486383229919,97.8871769891587,83.7759315262171,96.13140106,112.581025002429,64609.9865116088,1.37340773365975,3.16656665428797,3.942,66.719,87.6021469990446,,,27194286.0
Austria,AUT,2011,97.0817387939481,96.5633105550431,97.736656221903,94.7229329742602,92.5412912412789,97.7435482713707,88.9370135845399,78.7399930986888,155.15499918387,51116.8953522042,2.92746800169145,3.2865791487538,4.637,59.909,67.1484255415056,,30.8,8391643.0
Austria,AUT,2014,96.7340575707929,97.3726703175597,96.0563983090839,96.2738365091476,88.4852204311455,98.1421852838956,96.3620982435735,80.9958249574764,151.531145320495,51314.9722616322,0.755798850316665,1.60581182954474,5.674,60.172,67.4154327591781,,30.5,8546356.0
Austria,AUT,2017,98.1636642688047,98.375772399059,97.934967207399,97.9066007228722,92.5929084251051,99.0935942688063,95.9586973637392,87.9355865856062,123.414865109678,47163.7425775142,2.27224992038207,2.08126911385587,5.561,60.665,67.9051196052802,,29.7,8797566.0
Austria,AUT,2021,99.9507174861928,100.0,99.8986708345233,100.0,100.0,99.9453633609893,100.0,92.52915104,121.357731973824,53648.6437976214,4.92309171717903,2.7666666666667,6.459,60.631,68.773601700253,,30.7,8955797.0
Austria,AUT,2024,99.5084974640411,99.1873269882702,99.8378902484104,99.1909686711131,100.0,99.4406298958393,100.0,94.91974877,124.45929984531,58268.8787651601,-0.659089573171372,2.93791574279376,5.2,60.507,69.4658181096788,,,9177982.0
Azerbaijan,AZE,2011,14.9008503578404,14.259250121104,15.6162590128988,8.15484464983794,4.50734495217988,18.560718660415,8.6996828741779,50.0,109.333848306261,7189.81869211976,-1.5729973511111,7.8583333333334,5.42,61.19,53.5085461893249,99.7799987792969,,9173082.0
Azerbaijan,AZE,2014,29.1514931157209,25.8969871745184,32.6135533426979,24.7933543959545,10.0249458244772,36.3055623754424,17.3035930575216,75.0000156363396,109.566699179266,7890.84028062087,2.79758521448559,1.37344181533176,4.91,62.761,54.6319175926151,99.7900009155273,,9535079.0
Azerbaijan,AZE,2017,28.5712045327385,27.7196270076434,29.4360921381406,18.1351790494703,12.570999328667,34.5417161719185,20.4831117718272,79.0,101.589906615934,4147.1981423222,0.153614661745507,12.9359184187335,5.0,65.038,56.4331887124691,99.7900009155273,,9854033.0
Azerbaijan,AZE,2021,,,,,,,,85.99998954,105.693559477177,5408.04535175023,5.61644027150554,6.65029912708779,6.04,63.7,58.3659969744818,,,10137750.0
Azerbaijan,AZE,2024,56.3046655573957,46.1732591791453,67.0043773076741,41.1579115269579,31.7424862215137,61.7441197860066,39.9877544909509,90.43979645,109.543149535867,7294.64276088105,4.15806800428062,2.21217188919901,5.648,63.901,58.573795837717,,,10202830.0
"Bahamas, The",BHS,2011,,,,,,,,65.0,80.3784477401548,27090.8376801379,0.613170735890648,3.1987814166032,14.52,73.807,82.4130347470308,,,371729.0
"Bahamas, The",BHS,2014,,,,,,,,76.91999817,82.3551261058127,29137.2175632622,1.8469701294558,1.51375643050831,13.8,73.862,82.3180931037043,,,382298.0
"Bahamas, The",BHS,2017,,,,,,,,80.59999847,90.5386890661613,31875.4881749619,3.3713988456489,1.51820700736147,9.8,74.159,82.0814018736052,,,390485.0
"Bahamas, The",BHS,2021,,,,,,,,92.34980011,100.257333370336,30367.8605757708,17.5861390037409,2.90491262928478,11.078,69.658,81.4784235345083,,,396373.0
"Bahamas, The",BHS,2024,,,,,,,,92.47270203,96.6798992232414,39455.4466548546,3.37866553336166,0.409162489083286,9.049,73.999,81.3249262966481,,,401283.0
Bahrain,BHR,2011,64.5145712448929,48.7776716235398,78.9754539629195,66.1476815475861,41.4045220761438,72.9991234126214,63.000654429068,76.9999665032303,140.350600963929,25032.7867743333,1.92815791170796,-0.40004069748808,1.21,71.188,100.0,,,1195020.0
Bahrain,BHR,2014,81.9393438680275,66.7409748459355,90.2455451935413,81.0302585065702,66.5253157476602,85.8160945111001,79.783762129914,90.5031334814656,177.400125528622,26451.7965647453,4.30885692657077,2.64755321246189,1.144,71.169,100.0,,,1314562.0
Bahrain,BHR,2017,82.6128501969395,75.4067447311449,86.3137045931606,75.8219837962385,67.3034243068406,85.4848779156146,71.4081446530376,95.8781357543453,159.546894557674,24784.7693514607,4.95383534123657,1.38671830576406,1.18,72.389,100.0,,,1501116.0
Bahrain,BHR,2021,,,,,,,,100.0,128.078912532195,27147.8083882286,4.35004091668986,-0.60631938514085,1.548,68.94,100.0,,,1504365.0
Bahrain,BHR,2024,82.3220521049445,83.0178852537418,81.9582393316251,77.338312091395,76.6126202800977,83.3248370108227,68.0918556590376,100.0,159.536143577452,29717.1424605273,2.89710543153512,0.919635459817651,1.084,70.569,100.0,97.8199996948242,,1588670.0
Bangladesh,BGD,2011,31.7436490922018,26.0116972985799,37.2916464189303,19.0637565730993,20.318977301259,36.7621347470499,21.0617201154815,4.5,54.9307304807214,837.336944695647,6.46437912497728,11.3951651552399,3.737,58.112,28.1100162712427,58.7700004577637,,153591076.0
Bangladesh,BGD,2014,30.9908189209299,26.4532869099198,35.3692533542347,23.0339877101303,20.8307106687882,35.4420064571501,24.9048898301401,9.052900314,80.3128212085608,1094.46199702838,6.0610593588495,6.99163889220849,4.417,56.817,29.1944442321013,61.0900001525879,,157964929.0
Bangladesh,BGD,2017,50.0469129996798,35.8363454066493,64.5861549888833,40.0787327296842,40.9932137464436,53.5263717713504,39.8387522839252,21.5,93.0689844922452,1811.08221668646,6.59024999794057,5.70207015717239,4.372,58.328,30.2015798381799,72.8899993896484,,162186147.0
Bangladesh,BGD,2021,52.8060649194004,43.4566925057512,62.8624571838322,48.651171951709,47.7993148449764,54.5490534657205,46.5663544550526,38.91744466,110.012054001037,2482.84917843357,6.93867912442445,5.54565430773473,5.457,61.085,31.3992156886061,76.3600006103516,,167658854.0
Bangladesh,BGD,2024,43.2839733431322,33.346000280938,53.5110284170371,35.5467073317195,38.7281503087572,44.9473909356167,31.1710966547941,53.42171316,108.077037369691,2593.41611680774,4.22325911250161,10.4657482763412,3.635,58.903,32.6783196323307,,,173562364.0
Barbados,BRB,2011,,,,,,,,66.5,125.993430844611,20146.2381264508,-0.074211165126286,9.4322024017722,11.19,68.641,59.236693205614,,,276139.0
Barbados,BRB,2014,,,,,,,,71.92459869,109.738888010692,20423.7177921163,0.807325350394564,1.76950322089729,12.17,66.34,59.2410313429534,,,278348.0
Barbados,BRB,2017,,,,,,,,71.14849854,117.629947424965,20870.7596432179,0.654655602860373,4.66018463955995,8.62,66.166,59.25926986892,,,280171.0
Barbados,BRB,2021,,,,,,,,69.4756012,112.222706603295,21084.4013935998,8.0198770096479,,11.015,62.387,59.3220365433819,,,282147.0
Barbados,BRB,2024,,,,,,,,70.36470032,,26897.2002039176,3.3669492581395,1.4464366430616,6.448,64.975,59.5397032429174,,,282467.0
Belarus,BLR,2011,58.6019794713688,58.0722303097157,59.2435208296705,50.4199291383932,41.6726619723859,62.255476244541,13.7103404950179,39.6488956598961,112.901923256589,6527.6593428786,5.54997471638077,53.2286983118172,6.024,63.299,75.0597534179688,,27.2,9461643.0
Belarus,BLR,2014,71.9849861466564,71.960091334432,72.0152747785102,66.5575729089782,48.1637863099988,76.0839554438449,32.5842176379255,59.0163187101542,120.366076944418,8341.31809294883,1.65112470228097,18.1195543526734,5.908,64.14,76.3405227661133,,27.2,9448515.0
Belarus,BLR,2017,81.1558850462713,81.3381714403097,80.9341710313571,74.4133862919728,55.1589550770484,85.0064663489317,33.9865505174228,74.4364454136036,120.212652133209,5785.54491935194,2.53218349471909,6.03183725177795,5.648,64.479,77.0208206176758,,25.4,9458989.0
Belarus,BLR,2021,,,,,,,,86.88841196,127.117317282369,7489.71894713888,2.43886210234947,9.46028389623099,3.9,64.02,78.131086803694,,,9302585.0
Belarus,BLR,2024,,,,,,,,94.26182128,131.123016605614,8605.60954569694,4.34999638140579,5.78531910428005,3.458,63.256,79.1551015210848,,,9132629.0
Belgium,BEL,2011,96.3061274021685,97.1845679680139,95.2961552450421,93.8118677681345,89.6595265229628,97.4420796634252,87.3108137583852,81.6099959955952,113.201845409997,47760.8298776546,1.93115502411325,3.5320821072274,7.14,53.296,85.2349607044689,,28.1,11038264.0
Belgium,BEL,2014,98.1257531332028,99.506192077294,96.6904371107756,98.6055423380544,90.8874018328514,99.5275537022838,100.0,85.0012379539925,113.600257053471,47995.7786961339,1.76554038149924,0.340002833356922,8.523,53.575,85.9848336685807,,28.1,11209057.0
Belgium,BEL,2017,98.6383226021727,98.8175486538569,98.4492598231477,98.8567353428073,94.3162551586417,99.3000466532758,100.0,87.6796808175598,99.8303971992992,44035.3239358548,1.47446761556785,2.12597086002616,7.09,53.336,86.6731739531869,,27.4,11375158.0
Belgium,BEL,2021,99.0056968401204,98.6511494126192,99.3741167543227,97.9358828448375,94.7286194291877,99.6496687987763,93.8118809745621,92.78867618,101.462935633736,51658.238294958,6.25445686466593,2.44024851144084,6.248,54.048,87.4305564090635,,26.6,11586195.0
Belgium,BEL,2024,98.2369093220798,97.9206258791414,98.5689342561123,98.7161845506194,98.0009404548099,98.2724761084613,87.7610686377246,95.77579144,103.90465332676,56581.9375642531,1.09775383828703,3.14349136500041,5.7,54.538,87.6126557010527,,,11858610.0
Belize,BLZ,2011,,,,,,,,30.70000076,67.9524470054812,5596.05222152289,-0.13007112300869,1.602056156402,8.424,62.161,44.9417819131729,,,327298.0
Belize,BLZ,2014,48.2092497445127,52.2849367765193,44.0861939982008,37.3800594182997,39.3257977048842,52.2035874021598,41.3253902520831,38.70000076,49.3805223502033,6128.12053089077,3.89226067249989,1.20139964481058,8.244,63.492,44.1850161758379,,,348923.0
Belize,BLZ,2017,,,,,,,,48.8771019,64.1585522049721,6071.85451846453,-1.83323729057784,1.14765339305816,6.596,64.034,43.4211086747287,,,373202.0
Belize,BLZ,2021,,,,,,,,70.65370178,66.7769498110516,6142.98930557031,17.9899244143607,3.23563659237071,10.302,60.36,42.3910809205294,,,395346.0
Belize,BLZ,2024,67.9682001512007,65.1819147470622,71.0650824980445,63.7647608887268,58.0107066081771,71.6038758479817,55.3456424872489,80.00582262,,7681.24400583113,3.50466435023895,3.28955985952768,8.698,56.85,41.7532107338224,,,417072.0
Benin,BEN,2011,10.4639370332736,9.80735403795204,11.1505669063628,3.57838611198758,2.8369984719402,14.8372842540231,8.56626048566645,4.14832306562512,76.9318013957922,1059.41358852588,2.96375291904201,2.7042390774728,2.647,71.88,43.4616136137276,44.6881229256471,43.4,10093623.0
Benin,BEN,2014,16.6208334560554,13.5968775399363,19.760197323587,10.0133158149899,8.3645821136598,20.923122469469,12.3696716045363,6.0,78.5170340826712,1204.39918670094,6.35767909791932,-0.548757550948181,1.952,73.115,45.2880529235999,,,11030004.0
Benin,BEN,2017,38.4892214232651,28.5858876684484,48.6232071835138,31.8528896568692,34.176016912275,40.7994899222914,31.4403887557341,18.7,72.867145412956,1054.97408066814,5.67156195150444,0.0432648555103608,1.691,74.315,47.2942774880391,38.8699989318848,,12039780.0
Benin,BEN,2021,48.605530136871,39.7870225704116,58.1742450984535,41.1917270195196,40.1233118176103,53.6447927263351,41.0090372165069,28.20470047,94.9182598289459,1318.65158075198,7.1554516457574,1.73353962694036,1.833,76.076,50.1961807561354,43.8300018310547,34.4,13413417.0
Benin,BEN,2024,51.8432060403598,49.0557470327837,55.0161875100971,41.5027170713603,42.0188871349428,57.396095248447,47.4267246678506,33.98379898,125.940873932186,1485.38018885134,7.45311566226201,1.16093089640415,1.637,76.27,52.5455354818423,,,14462724.0
Bermuda,BMU,2011,,,,,,,,88.336,,99049.0169927667,-3.74274431740703,,,,100.0,,,63733.0
Bermuda,BMU,2014,,,,,,,,96.8,93.6438476916054,100961.576602811,-3.70106759364258,,,,100.0,,,63529.0
Bermuda,BMU,2017,,,,,,,,98.37,102.231904117777,112339.425587467,3.61141983706115,,,,100.0,,,63578.0
Bermuda,BMU,2021,,,,,,,,,105.185001856206,112765.08167306,4.76497899668355,,,,100.0,,,64648.0
Bermuda,BMU,2024,,,,,,,,,96.6767745528807,142250.433195123,1.88822861970388,,,,100.0,,,64636.0
Bhutan,BTN,2011,,,,,,,,14.39999962,68.2555256231877,2787.97967608562,8.4892584842808,8.848985699468,3.23,67.41,34.4637606688377,,,709377.0
Bhutan,BTN,2014,33.6659130127617,27.6818789274225,38.994018411564,24.900048663866,22.1758760789303,38.0104663984817,29.2142182546342,30.29999924,85.1865744422272,2849.49998647303,5.88108550658288,8.27106093949328,2.63,62.61,36.1326606084122,,,733139.0
Bhutan,BTN,2017,,,,,,,,54.33549881,96.8565690310008,3435.28804735662,2.08684522733067,4.95508366985129,3.027,62.782,37.8645544995016,66.5599975585938,37.4,754335.0
Bhutan,BTN,2021,,,,,,,,85.63688389,100.330908049861,3570.61257980872,4.42136738945015,7.3468144053353,4.803,69.094,40.3075199874379,,,775442.0
Bhutan,BTN,2024,,,,,,,,91.27739716,99.7576826476519,4228.05102403654,7.49856206754038,2.76131569624098,3.282,64.9,42.5645249803412,,,791524.0
Bolivia,BOL,2011,28.0291327715447,25.1057670828975,31.1235855946322,14.34994342024,19.4003244261673,32.0088183126674,12.774674614169,30.0,80.7163040735906,2315.52121930607,5.20409245282328,9.88446419823883,2.255,68.247,66.833715633176,92.2300033569336,46.1,10348929.0
Bolivia,BOL,2014,41.7967196011208,38.0391014514605,45.7563294946196,25.9174602611184,31.3552852039744,46.0816557440237,19.9645324951948,34.6016202324676,96.3263792565653,3041.43503162408,5.46056949136766,5.76660074579144,2.021,67.716,68.037425413,,47.8,10848888.0
Bolivia,BOL,2017,54.4050564930785,53.8528340547695,54.9843918951988,42.8278338758324,41.2594457489428,59.9065252012183,43.0468572577464,43.83229828,96.6383703523099,4048.40119739839,4.19520633364647,2.8227580554717,3.655,68.634,69.0838016274736,,44.6,11344587.0
Bolivia,BOL,2021,68.8854460185439,63.2896460123216,74.0406785640487,56.2876482548966,66.3624761652189,69.9053025207118,55.3876723280184,65.9773785,100.809064985893,4010.76053686204,10.0290488827886,0.737383721452275,5.089,77.79,70.3450412826165,,40.9,11937360.0
Bolivia,BOL,2024,56.849052664469,53.4638307501513,60.3300944738612,45.5603933987213,53.8238460093009,57.9699446162011,35.7767584115646,79.70469666,98.0287940811943,4421.16609889999,-1.12335595517212,5.09976568317427,3.274,78.33,71.2361453773988,96.7300033569336,40.9,12413315.0
Bosnia and Herzegovina,BIH,2011,56.211608335604,47.7213626773356,67.2257409589655,42.7593095016631,46.4023127645886,58.0815092274757,34.1529744412861,43.88769913,84.7529182494619,4982.69375768263,0.959511709726897,3.67125,27.582,50.91,46.0528777644843,,33.3,3741798.0
Bosnia and Herzegovina,BIH,2014,52.6850299266641,47.0578164060888,58.8213713301748,40.7742284984113,34.3864518213905,56.1337555173061,38.177923772597,49.91770172,97.9342347136426,5206.06573475132,1.15384793371298,-0.897194054194333,27.517,50.065,47.130783484831,,,3564829.0
Bosnia and Herzegovina,BIH,2017,58.8434986936505,54.7418004917198,63.1763528485636,47.5024303501097,37.5835393879478,62.8029572913471,39.4206894029755,64.8920205128383,100.332576774399,5345.01978766473,3.24409895306594,0.810039425333895,20.527,49.408,48.4918401819106,,,3428682.0
Bosnia and Herzegovina,BIH,2021,79.3378937380757,70.3665437213765,88.7128866141871,72.2946634180526,61.0301633635213,82.9771603039578,57.5805585370045,75.67620138,114.911613799718,7295.34378682258,7.39164256472846,1.98163900587622,14.897,47.716,50.4899479477034,,30.3,3244907.0
Bosnia and Herzegovina,BIH,2024,77.4588922946912,75.7475848321622,79.2625398663884,70.3836261798032,58.4042469789743,81.0394764974468,53.8036260216178,86.10091103,121.232373011893,9397.90942855997,3.22679979810856,,10.69,49.241,52.1224302754935,,,3164253.0
Botswana,BWA,2011,30.2600142850791,28.3603353299246,32.1595263342807,14.2189374598632,20.3047423790554,35.2054993811636,18.4952082077872,9.0,139.870462760455,7287.38295334919,6.83841052493574,8.45987233408583,18.049,60.571,64.0187810722889,,,2073535.0
Botswana,BWA,2014,51.9645703035045,48.737120552655,55.2344995328383,31.9688747973776,47.7309231188419,53.8269916249258,31.4990552301512,36.74474744423,157.018320070864,7122.36423421503,5.69714422072884,4.40225309243427,18.484,61.917,65.0965122400825,,,2172044.0
Botswana,BWA,2017,51.0324508104973,46.7885174282854,56.2102479897004,34.6667330871646,46.9702184532622,52.7257562123231,38.9953319134369,43.57640076,142.962095019868,7104.96401088027,4.11437856445083,3.30828076768219,19.671,62.766,65.9456435684731,,,2266747.0
Botswana,BWA,2021,,,,,,,,54.70069885,173.25235140068,7807.88794570471,11.9162724376008,7.24097765588442,23.106,63.994,66.5182767068255,,,2401441.0
Botswana,BWA,2024,61.4384690565565,59.6866154697314,63.5502088098335,49.4372680058526,52.2769664732798,64.2385837048978,52.0096971067019,57.45950036,163.999922257361,7649.81663744354,-2.77988981666252,2.81835131676251,23.81,68.569,67.4623537838418,,,2521139.0
Brazil,BRA,2011,55.860384771673,51.0178475183944,61.0977359193099,37.5270515006477,36.3426948471432,61.9852629710918,47.1519112120737,45.69,120.008104166504,13396.6243562986,3.97442307944702,6.6364496221309,7.578,64.87,84.6225758599683,91.4100036621094,52.9,195284734.0
Brazil,BRA,2014,68.123158518616,64.7733123964089,71.6884249453533,57.2280492408065,52.5523791164024,73.0215753782375,59.946703849985,54.5510018796392,140.304679417776,12274.9939689363,0.503955740242247,6.32904015516139,6.755,64.039,85.4331367898168,91.7300033569336,52.1,200085127.0
Brazil,BRA,2017,70.0439481477435,67.5146495479498,72.847544446556,56.6252388472932,46.66775302881,77.2300449168169,62.8971931471366,67.4712845236305,108.092570205646,10080.5092819305,1.32286905404399,3.44637335032669,12.792,64.525,86.1982897571091,93.0800018310547,53.3,204703445.0
Brazil,BRA,2021,84.0357458977852,80.8668081422269,87.0474203748402,81.9784255452623,79.9177179518201,85.1499687792139,81.2766273194022,80.68989314,104.824727184587,7972.5366498646,4.76260437908608,8.30165975585673,13.158,62.456,87.1360781715439,94.7726170886975,52.9,209550294.0
Brazil,BRA,2024,86.3811782311541,82.2763902255203,90.853585329865,78.0975446578644,84.3933437415226,86.828115829651,71.6929943652081,84.46347227,101.926846460424,10310.5486973693,3.41931516501906,4.36746407652337,6.801,63.339,87.8958549533146,94.7399978637695,50.3,211998573.0
British Virgin Islands,VGB,2011,,,,,,,,37.4,162.302333681644,,,,,,46.9281822248936,,,28710.0
British Virgin Islands,VGB,2014,,,,,,,,,166.142831138887,,,,,,48.8143653574427,,,32962.0
British Virgin Islands,VGB,2017,,,,,,,,77.7042682926829,134.692192421787,,,,,,50.8953552772346,,,32699.0
British Virgin Islands,VGB,2021,,,,,,,,,99.5556613504721,,,,,,53.972618684518,,,37809.0
British Virgin Islands,VGB,2024,,,,,,,,,93.1316662866408,,,,,,56.5072068980827,,,39471.0
Brunei Darussalam,BRN,2011,,,,,,,,56.0,110.959741004384,46382.8274255349,3.74440625524871,0.13791156316954,6.506,66.505,75.312125504778,96.0899963378906,,399389.0
Brunei Darussalam,BRN,2014,,,,,,,,68.76999664,108.471265746851,41026.5084247957,-2.50788727590711,-0.207108731719822,6.862,65.946,75.0572639801502,,,416750.0
Brunei Darussalam,BRN,2017,,,,,,,,94.86669922,125.870435240727,28024.3824580252,1.32872661057823,-1.2605056462896,9.316,65.191,74.8476440654983,,,432772.0
Brunei Darussalam,BRN,2021,,,,,,,,97.62879944,133.597065445264,31006.9636289785,-1.59076260099606,1.73341388450593,4.905,63.895,74.7667316936175,,,451721.0
Brunei Darussalam,BRN,2024,,,,,,,,96.29828801,118.130579766209,33153.4738913513,4.05251709306727,-0.388674165036461,5.18,64.509,74.8983133873697,,,462721.0
Bulgaria,BGR,2011,52.8249019127393,55.4513177134377,49.8976792356507,36.8406953466459,45.232979896786,54.0644199603071,25.6861582524691,47.9799930506026,141.938313217096,7849.98219737366,2.09017598337418,4.21990346601872,11.26,52.551,72.6101653885532,98.3499984741211,34.3,7348328.0
Bulgaria,BGR,2014,62.9868277446347,63.1597120862826,62.795221692749,49.3628551604873,32.5709745669351,67.27326719821,32.1391900687172,55.4903766299262,131.33514197996,8070.01289303544,0.949449772002041,-1.4181838026484,11.424,53.967,73.0844879150391,,37.4,7073572.0
Bulgaria,BGR,2017,72.2040293669719,73.6368625573636,70.6195382749557,54.5476853671311,43.4560994261157,75.0993777341853,42.1352359959386,63.4101013837926,120.595632675282,8697.13373333715,2.74592737750996,2.06159619443141,6.164,55.405,73.3904571533203,,40.4,6803468.0
Bulgaria,BGR,2021,83.9665205056197,84.3245815088574,83.5893251581687,73.8666174488086,88.6183876621138,83.4495298050145,70.9536539226791,75.27144583,114.911988483727,12966.8085197381,7.82817310703665,3.29774435299506,5.166,55.392,73.346765618041,,39.0,6507301.0
Bulgaria,BGR,2024,84.7243949771558,85.0429744458305,84.369484033824,77.655004985327,79.1669804169464,85.3020196681161,58.0861482875189,82.438955,118.067152838789,17596.9167621233,3.38708962009333,2.44651943006079,4.2,56.275,73.9499356882481,,,6441421.0
Burkina Faso,BFA,2011,13.3530920184137,10.8137100104842,15.6954228033191,6.5272540509757,5.72702056063239,17.3811158528311,11.3408018053857,3.0,46.1057641177709,725.024767725475,6.62256261306693,2.75976724854534,3.827,79.584,24.4682976845657,,,16661908.0
Burkina Faso,BFA,2014,14.3575961084795,12.6490093355924,16.0806284691075,6.42887860055468,8.32170263407311,17.6661687180951,10.5591622749556,6.0,68.5395525408019,764.861675106225,4.32684561452976,-0.258089517535291,4.255,78.862,25.3814155996643,34.5999984741211,35.3,18229461.0
Burkina Faso,BFA,2017,43.1599923287733,34.4989350743814,51.2809530402095,26.741807314683,38.7174946682676,45.5647829840842,37.7803842231344,7.790400028,90.2081424191231,709.091535894695,6.20348941121868,1.48299897161326,4.662,78.122,25.9769918665632,,,19894407.0
Burkina Faso,BFA,2021,36.1085342551293,30.680222914874,42.3501438687539,25.4991002079681,35.2273781831221,36.5589918422861,31.6919840532018,18.1522007,112.198419449151,895.535288442991,6.94252492572348,3.65326761825509,4.511,73.984,26.8114307743017,36.9700012207031,37.4,21995243.0
Burkina Faso,BFA,2024,51.4274911911242,43.9890405155106,59.7853698647921,38.5347843936538,47.2708871806653,53.5592522882237,45.0746148949737,28.25270081,116.5895933212,982.493100418428,4.83395810163883,4.19081721344523,3.441,70.062,28.3352514896662,,,23548781.0
Burundi,BDI,2011,7.23798460936825,,,,,,,1.110000014,19.7014852266593,230.069761381132,4.02442793864228,9.5921660597967,1.602,78.565,11.5616652230006,,,9717978.0
Burundi,BDI,2014,7.10575863294663,,,,,,,1.04239212643994,29.567783062348,250.544492155185,4.24490803087248,4.40535234185293,1.572,78.938,13.7839781740413,61.2900009155273,,10799785.0
Burundi,BDI,2017,,,,,,,,2.6607485347534,51.4533280518012,246.060725714184,3.83185757061784,16.0525353030392,1.25,80.093,16.6241273909209,68.379997253418,,11506762.0
Burundi,BDI,2021,,,,,,,,6.777999878,59.700785493419,264.172844085398,3.23707479372925,8.40453845076341,1.118,79.094,21.1108861865354,,,12965481.0
Burundi,BDI,2024,,,,,,,,8.595999718,,216.231928531758,4.11227376394912,20.2124925027847,0.915,78.492,24.8302838651025,,,14047786.0
Cabo Verde,CPV,2011,,,,,,,,32.0,77.511257275925,4002.01386888785,3.92471821338283,4.47388342165023,10.956,59.129,62.7419929036884,,,511447.0
Cabo Verde,CPV,2014,,,,,,,,40.25999832,119.724160007495,3985.60706548134,0.696666840118581,-0.238778144990624,11.689,59.154,65.8085112712742,,,512326.0
Cabo Verde,CPV,2017,,,,,,,,57.1621463484891,119.373631537182,3893.09571382506,4.5513148102974,0.784415251101334,12.24,59.18,69.1999988159713,,,512893.0
Cabo Verde,CPV,2021,,,,,,,,70.28250122,114.230551109167,3971.44409203423,7.03353010694514,1.86215297494647,13.932,54.185,74.1607930892827,,,516649.0
Cabo Verde,CPV,2024,,,,,,,,74.73519897,111.84067886381,5170.20531932535,6.98888280991075,1.04817001091965,11.883,57.034,76.7721471004354,88.4700012207031,,524877.0
Cambodia,KHM,2011,3.65971165444537,,,,,,,3.099999905,93.4414773928272,1088.98152823081,7.28665813879552,5.4784474961745,0.577,85.439,22.3824788531276,,,14722584.0
Cambodia,KHM,2014,22.1652657655108,20.4976335344624,24.2890405708562,16.3069167067705,26.3290080385425,20.5273911914645,20.020276038737,14.0,132.832921082419,1431.56396469993,8.00032074618566,3.85568861424207,0.692,80.293,27.8179557823331,78.0599975585938,,15396772.0
Cambodia,KHM,2017,21.6717841167542,21.5263934164812,21.8454568474808,14.304061987813,19.6833840418932,22.5866867394736,18.8841210086928,32.9002785437986,115.551192369591,1826.35391688754,8.07503915535979,2.91263557371478,0.141,81.409,35.0127905056235,,,16073372.0
Cambodia,KHM,2021,33.3949915672468,32.524222340901,34.4119265574558,23.3453775545367,27.6468824085517,35.1871166346335,28.7743580260272,60.76269913,117.234785164989,2167.40324198499,3.08984284148661,2.92073477592949,0.396,79.51,40.1091858128847,71.9300003051758,,16974305.0
Cambodia,KHM,2024,39.0314428535,36.7988836964306,41.5805707422137,28.1273292851866,40.5397345460068,38.5520970626791,33.5778460367908,68.47530365,116.091961125929,2627.87969756224,6.0158145735202,0.808042016536654,0.254,82.373,40.8727033252729,,,17638801.0
Cameroon,CMR,2011,14.8096124143559,10.8814437855453,18.8115622214897,12.9456830800504,5.4548266469958,19.692904518626,13.4344686332757,5.0,51.831042080032,1513.96056994878,3.37921128506045,2.93969946305091,3.988,75.238,51.2229843034125,,,20232304.0
Cameroon,CMR,2014,12.1777346523732,10.1781983512431,14.1788971008065,2.30354790248714,5.32613803816783,15.7733399201626,5.64916762200197,16.2148722257524,77.2399893326772,1649.4433905949,5.71981814509198,1.85489850366777,3.534,72.099,52.2993944376709,,46.6,22059893.0
Cameroon,CMR,2017,34.5907908564962,30.030370229117,39.2444549542367,24.9801251004451,24.7821150939092,39.6618172653047,26.8952979371224,23.2029719748646,83.4502920413828,1496.08951771242,3.54117654926007,0.64040914988195,3.573,69.308,53.3115142121504,,,24128601.0
Cameroon,CMR,2021,51.6548130092196,49.2549795515638,54.1474459088713,33.8855917944228,48.5632238809364,53.330801458836,37.197841376578,38.89260101,80.8081013360278,1672.32657340872,3.33885747179505,2.27185762503637,3.976,65.315,54.5548664463635,,42.2,26915758.0
Cameroon,CMR,2024,60.8737908565624,52.8996933484284,69.3553577956512,44.8919869724807,57.1746315950979,62.8688100779265,44.5698910414234,46.25880051,108.213130152497,1830.00833684727,3.52472308052245,4.53331349711606,3.603,65.528,55.4031748609078,,,29123744.0
Canada,CAN,2011,95.8046424525372,97.2331641337487,94.2752247657323,93.2909197030988,90.7250574817665,96.7129284152329,89.4128214894666,83.0,77.6722584904981,52224.1237767406,3.1371944343876,2.91213508872351,7.637,66.594,81.1031425434213,,32.7,34339221.0
Canada,CAN,2014,99.1033280339593,99.1964836629437,99.003207420253,98.4080931272655,97.4011620589854,99.390205237122,100.0,87.12000275,80.790219211487,50960.8942086685,2.87346675579731,1.90663590717861,7.023,66.022,81.211183161556,,33.2,35434066.0
Canada,CAN,2017,99.7268801898825,99.8528003696063,99.5923036211936,99.7778285208574,100.0,99.6881813452456,94.7322491368516,92.70140076,86.1024018448784,45129.7335281051,3.03383491841392,1.59688412852977,6.426,65.792,81.4018945832226,,33.3,36545075.0
Canada,CAN,2021,99.6346150066946,99.50555299801,99.7677886528327,99.3721269715206,100.0,99.5803311728827,90.1625716443574,93.93710327,87.4056019628826,52886.6407813788,5.95052804984759,3.39519318527528,7.527,65.195,82.1779279079275,,31.1,38239864.0
Canada,CAN,2024,98.4047126063262,98.7513672334689,98.0567378578269,98.6214334795616,100.0,98.187661898738,100.0,94.353302,94.1059718794246,55015.7066917734,2.04626605401701,2.38158383281173,6.351,64.739,82.7002565766633,,,41262329.0
Cayman Islands,CYM,2011,,,,,,,,69.46594499,174.040571161385,75280.960764889,1.16906219839106,1.32543575779664,,,100.0,,,55606.0
Cayman Islands,CYM,2014,,,,,,,,74.1,151.361369680851,75845.3060407986,2.65452798451271,1.27397911533388,,,100.0,,,60160.0
Cayman Islands,CYM,2017,,,,,,,,81.0676932508161,149.772991400015,80053.9444506891,3.18404592334522,,,,100.0,98.870002746582,,64535.0
Cayman Islands,CYM,2021,,,,,,,,,142.637074228333,86449.6749037302,4.86941655353661,,,,100.0,,,70108.0
Cayman Islands,CYM,2024,,,,,,,,,,104292.900672109,3.75641197192778,,,,100.0,,,74457.0
Central African Republic,CAF,2011,3.30080913421627,,,,,,,2.200000048,21.7401847658532,534.057281471636,4.19461533741989,1.1944757244985,5.638,72.82,38.8030669465007,,,4565021.0
Central African Republic,CAF,2014,,,,,,,,2.700000048,24.9962039132355,409.8504859647,0.0810705153264877,14.898684179755,5.633,73.298,39.6226521868738,,,4623182.0
Central African Republic,CAF,2017,13.745946426537,9.71761748965302,18.0825013448328,9.20241357530394,10.5007362092927,15.3388170291394,9.92539780815204,4.0,24.5204193752763,432.324025684263,4.52727821346231,4.18072331871267,5.836,73.425,40.8151443386334,,,4793511.0
Central African Republic,CAF,2021,,,,,,,,,35.8169832358522,492.263142830507,0.982919996264229,4.25936417542868,6.701,72.626,42.8547782897949,,43.0,5112100.0
Central African Republic,CAF,2024,,,,,,,,13.78250027,,516.160999996036,1.49999999847535,1.47733600718744,6.253,73.421,44.1243555638904,,,5330690.0
Chad,TCD,2011,8.95974560162476,,,,,,,1.899999976,28.7390189115685,1308.1421872538,4.49542967058827,2.0292405367826,0.92,63.64,21.9558736797638,,43.3,12754997.0
Chad,TCD,2014,12.4333450664986,7.82676116829015,17.4585281515998,7.13134398884126,8.08734609499271,15.0189442654741,10.4346843844672,2.900000095,37.0123277165075,1278.78981422494,2.06283074361411,1.6819731392567,0.984,62.085,22.5294513486009,,,14188678.0
Chad,TCD,2017,21.7591926547872,14.850258253476,29.030788902747,14.1435997430537,17.9483486921341,23.9016172127551,18.3850564334739,6.351900101,40.7648866631048,854.46120040098,-1.61746922820204,-1.5370996298084,1.132,60.505,23.461349471105,,,15622759.0
Chad,TCD,2021,,,,,,,,9.653699875,58.0323175441615,946.358500208374,0.293442648033434,-0.77284437035914,1.53,59.34,25.2312246423075,,,17828273.0
Chad,TCD,2024,20.8983599359361,20.1401531546613,21.6937637839192,21.0676398615485,20.7374442412509,20.9963434697323,18.3470322270644,12.62689972,72.9289782617702,980.668312111718,4.95210484607125,8.89950732263754,1.053,59.595,26.9315292389497,,,20299123.0
Channel Islands,CHI,2011,,,,,,,,,,60415.2632075658,1.12504310895372,,7.244,59.36,32.326335016388,,,159706.0
Channel Islands,CHI,2014,,,,,,,,,,64697.5485024325,2.42710178482311,,8.319,58.914,32.6275595274837,,,162726.0
Channel Islands,CHI,2017,,,,,,,,,,55806.3554257428,1.80648131383585,,6.881,58.738,32.7853219355631,,,164319.0
Channel Islands,CHI,2021,,,,,,,,,,66915.3963925722,9.93680136985076,,6.643,57.819,32.8148141071941,,,166741.0
Channel Islands,CHI,2024,,,,,,,,,,,,,6.031,56.728,32.7056211227456,,,168126.0
Chile,CHL,2011,42.1792854983892,40.9744325867779,43.4419936686176,30.449320102803,38.9117107129601,43.1086696657208,24.4199140644259,52.2496072877744,128.604683221629,14487.3927832032,6.22389678509138,3.34121694259302,7.492,61.715,87.0109164653326,96.6999969482422,46.9,17351816.0
Chile,CHL,2014,63.2588778095792,59.1644525322631,67.8175979730648,53.8035887236602,62.4931537871377,63.4541464727013,36.6842029222298,61.11000061,132.559670334991,14529.6767206336,1.79264947139259,4.71867527854672,6.761,62.118,87.3133701497978,,,17864195.0
Chile,CHL,2017,74.3492431619623,71.273791172686,77.7538706685303,66.8719884610449,74.6411695045323,74.2837974657908,54.1800243753939,82.3274869338464,124.000811902967,14879.9086227187,1.35769537343957,2.18271846868519,7.257,62.951,87.8000295757281,96.4000015258789,45.3,18558868.0
Chile,CHL,2021,87.0620678198245,86.6153008701508,87.5634371180498,86.428819050975,89.9996906203543,86.4133467418013,68.8478688801324,90.23280334,136.571581265001,16216.1840860289,11.3374032409913,4.52456838259144,9.281,57.552,88.4660511664452,,,19456334.0
Chile,CHL,2024,85.0691778196127,83.1703645529934,87.0892601301665,75.3603235793929,85.3691665450779,85.0152768419057,66.2858067902049,95.590243,132.660408764665,16658.9652720351,2.80512637106611,4.29763891572524,8.718,62.295,88.9950908479196,,43.0,19764771.0
China,CHN,2011,63.8173128563221,60.008675441337,67.5847964414684,46.6263607847143,65.2909654430242,63.5457250268259,56.7323825253374,38.3,72.5052393725573,5703.76027973346,9.46205248298186,5.55389892257493,4.55,70.86,51.8300285339355,,42.4,1345035000.0
China,CHN,2014,78.9652608494559,76.4173378243648,81.444677603225,72.6805568490856,74.2828836132499,79.7951738292002,72.9012425158544,47.90000153,92.6612034094217,7781.06597484974,7.46100735778161,1.92164162788521,4.63,69.65,55.7502555847168,,39.2,1371860000.0
China,CHN,2017,79.5313410701405,75.6557719927572,83.361786363876,68.8845830766161,86.5750931091022,78.4880968797029,71.3858862913984,54.3,104.073181609424,8979.67652709856,6.89123916636191,1.59313600071436,4.47,68.35,60.2402687072754,,39.1,1396215000.0
China,CHN,2021,88.7090216844445,87.3449018911007,89.9227937995507,83.0814727173529,88.4684252410524,88.7520908835361,83.0213478155459,73.05323517,121.491918368395,12887.4357242941,8.57038414981781,0.981015135544882,4.55,67.11,64.721076965332,,35.7,1412360000.0
China,CHN,2024,89.3830319754266,89.2021200745424,89.5550580073499,82.7432333438411,88.558719237412,89.4974582569168,84.4097441140546,92.0,131.753932036803,13293.1162269366,4.95830378788091,0.218128938439177,4.59,64.91,65.8946980998325,,,1408975000.0
Colombia,COL,2011,30.4278010167618,25.3545600566368,35.935750018283,13.8392101984029,12.7720874295182,36.3792876605983,15.7479622551921,40.3509157546318,102.07868984477,7400.9940695669,6.94789198173555,3.4150334477625,10.288,67.514,76.839003613206,93.5800018310547,53.3,45259614.0
Colombia,COL,2014,38.9990168273556,33.9536617887016,44.4218407676077,24.3945372391819,28.4328532290986,42.4290359152947,19.6222082696753,52.568136539247,118.822639860142,8187.20824890084,4.49903000110972,2.89883787761738,8.799,66.991,77.1058449419909,94.1900024414062,53.6,46565429.0
Colombia,COL,2017,45.7592285252884,42.4744313309802,49.446970773565,35.0195639716513,34.2662750697486,49.4205985198749,32.7792050440226,62.2598803162841,129.272014227481,6479.53231292429,1.35936086788746,4.31431325695011,9.086,66.013,77.2245191706503,94.8873885601748,50.9,48131078.0
Colombia,COL,2021,59.7159078921527,56.204292335596,63.5124351976525,47.6721562541319,50.0012093797922,62.582308185314,48.0776326552361,73.02837449,146.627837254516,6222.62164397614,10.8011981904878,3.49505757399448,13.898,64.33,77.8339570326128,95.6606500324449,55.1,51188173.0
Colombia,COL,2024,57.0594856281374,50.9915484901848,63.6600565851691,42.9248421374649,62.2389271536834,55.7707912862148,36.2169124867103,79.34543299,174.094289675393,7951.08624019412,1.49330728771066,6.60908593728228,9.619,63.528,78.5210811866115,95.3399963378906,54.4,52886363.0
Comoros,COM,2011,21.6946740447008,17.8929575737707,25.6971496339755,10.5956388133598,6.99712884669686,29.0370892029373,12.7709126683821,5.5,32.3981821883195,1531.43969320468,4.14350668765977,1.8426630075619,4.12,43.534,29.1136750253686,,,668056.0
Comoros,COM,2014,,,,,,,,6.980000019,53.8297097833741,1615.71709756316,2.10665760321017,7.54755379096711,3.984,44.467,30.0302906552932,73.6494960644007,45.3,711503.0
Comoros,COM,2017,,,,,,,,8.478199959,61.9708221164076,1423.9248027797,3.81576287489548,-0.237362224154613,4.049,49.253,31.0996559689293,,,756669.0
Comoros,COM,2021,,,,,,,,30.68120003,104.311430086999,1587.72988658008,2.04245238320844,-0.00441793682346988,4.394,55.195,32.4124444313246,75.6201980162165,,818174.0
Comoros,COM,2024,45.4593974142566,41.8394427057053,49.6024719511375,35.0109004446953,32.4618637014973,51.6069935084582,42.8157348161451,32.51750183,,1857.87060684189,3.30071498500033,5.05192609588218,3.815,55.387,33.5392215673301,,30.3,866628.0
"Congo, Dem. Rep.",COD,2011,3.6967262381342,,,,,,,1.200000048,22.081904226281,372.514273875789,-0.403164081254445,15.316515913949,4.317,67.009,39.7849692825859,,,70849311.0
"Congo, Dem. Rep.",COD,2014,17.4769843590534,14.3227828389819,20.6689159225373,10.7811250918501,12.2839223522869,20.7322061851006,7.66651847250786,3.0,47.3232446178692,489.175952097319,7.30227750870263,1.24303889760803,4.436,65.533,40.9563873534225,,,78403242.0
"Congo, Dem. Rep.",COD,2017,25.8256750266961,24.2188232634497,27.3890965081369,17.3902758839885,24.4776629362176,26.635894960764,17.7849024642953,,40.6222618919854,431.052559128788,4.24121047272719,,4.613,64.756,42.1127579403217,,,87083398.0
"Congo, Dem. Rep.",COD,2021,,,,,,,,16.1595993,47.2882541992485,595.743074403567,6.42961005647355,,5.289,63.623,43.6290681792218,,,99148932.0
"Congo, Dem. Rep.",COD,2024,39.2140115142227,33.4561427829617,44.5944458590314,26.5410578898936,31.644089722502,43.7790427724527,20.2990088577027,19.67350006,58.532153345468,692.887665085098,6.1025294442863,,4.421,64.411,44.7455804408753,,,109276265.0
"Congo, Rep.",COG,2011,10.0480565895901,7.55865872047357,12.5145296088604,4.47981696200752,4.58481023479395,13.0634908773331,5.05367796867019,5.6,84.2730931396327,3396.16505817952,2.20591936286718,1.75958704273803,19.435,67.788,62.5597508130231,,48.9,4609724.0
"Congo, Rep.",COG,2014,17.0695977327512,14.9626818474847,19.1590059913893,7.01794222045401,7.44031284830288,21.1682989300678,10.7264857380145,7.110000134,99.0799617354116,3601.2365808718,6.64606540928447,0.912139545450097,19.696,68.046,63.0075415618859,,,4975880.0
"Congo, Rep.",COG,2017,26.092748786452,20.9935621096455,31.2151465963951,18.1581772595176,25.5402841106953,26.3264158325244,16.456356069779,8.649999619,94.4868175378447,2211.63309874797,-5.59477371915547,0.450063823285546,20.737,68.156,63.3544545340423,,,5351011.0
"Congo, Rep.",COG,2021,47.1421557656699,43.79194944753,50.6094293348856,33.4793466845775,45.8190752362876,47.6979715899827,30.685764454151,30.02739906,95.8614998889206,2516.16255145432,1.01507036990908,1.7156427545126,21.998,65.541,63.6179125824196,,,5892183.0
"Congo, Rep.",COG,2024,55.5760387811851,50.5916393453064,60.5586391455265,41.7082699764933,55.3898016426087,55.6570332112011,41.5459904367302,47.25159836,95.5319320614796,2482.2489948456,2.09998918002519,3.09143630919166,19.895,67.847,63.8866111699904,,,6332961.0
Costa Rica,CRI,2011,50.358727770345,40.6618441462717,60.2028899184012,35.4766194446154,45.0164036427978,52.2477789998003,35.8226298436257,39.2121959961842,90.0914848759163,9276.39109377477,4.40315921836142,4.87799830970702,9.518,60.62,72.8426586679914,97.4100036621094,48.8,4609833.0
Costa Rica,CRI,2014,64.5530648301076,60.2397245881066,69.2236064102673,56.7371048932239,61.5990341436536,65.5434769134556,49.3980598266656,53.0,147.26739567441,10911.4978703456,3.54210997703849,4.51920098516954,8.499,64.189,74.4866963181212,,48.6,4767119.0
Costa Rica,CRI,2017,67.8383576314763,60.8790615797655,75.4613550446904,58.0312309299327,67.6466029771757,67.9016634123042,57.2589628134426,71.5816646195022,179.931274611112,12317.0902779911,4.15769914676933,1.62590692991732,7.729,59.848,76.0539254265608,,48.3,4913177.0
Costa Rica,CRI,2021,68.4896897601052,61.0813328950655,76.3350423654681,57.2341411992094,77.0397396598329,65.6660833361197,51.7476241593465,82.74901607,140.788061157457,12962.2716075659,8.21817953969082,1.72647755109241,15.139,61.767,77.9868940200009,,48.7,5059988.0
Costa Rica,CRI,2024,71.3527070793642,68.2829497651369,74.5207849178286,62.8158143627092,67.1332161099254,72.3494249710401,53.537492398604,87.17019653,136.024511151268,18853.2828705886,4.08292444182048,-0.412853001047069,6.936,57.687,79.3107672397967,,45.8,5129910.0
Cote d'Ivoire,CIV,2011,,,,,,,,2.900000095,75.4688103733356,1596.62826565998,-5.37044724000579,4.9124339505245,7.144,67.122,47.6797551269623,,,22982000.0
Cote d'Ivoire,CIV,2014,34.322022683895,29.1605831255157,39.2024899755814,24.1759494544382,24.1007406741498,39.2803573952676,30.0496682626673,10.0,90.1219840101242,1991.36539423404,9.37199994240375,0.448682076766141,3.274,67.05,49.0173144557368,43.9099998474121,,24527395.0
Cote d'Ivoire,CIV,2017,41.3309551965021,35.5649786616342,46.5971047415742,34.1676872075878,33.5828220056594,45.1340125881811,34.9710840539344,43.8399208514876,118.755063895419,1964.29930338343,7.41076242592504,0.685881065304603,3.272,66.121,50.3977309654344,,,26733372.0
Cote d'Ivoire,CIV,2021,50.7622911401206,37.4442612620447,64.0095413479943,44.010125314071,39.9800899602096,55.8792240400492,43.9860780919228,35.95069885,150.343798608733,2455.98127641148,7.06253713446816,4.15919657911798,2.623,66.233,52.3183461956059,50.0,35.3,29639736.0
Cote d'Ivoire,CIV,2024,57.5676269730853,53.8175498364075,61.2027446506055,43.526253371749,48.6274745623548,61.7114419721381,49.4886789469068,41.43219902,183.875985110648,2727.8935220697,6.0195346193922,3.45053028131019,2.273,67.108,53.9733113940142,,,31934230.0
Croatia,HRV,2011,88.3910202534742,87.1846861445188,89.7231764218669,81.3549225215414,75.2768643548732,90.4552818081656,70.2420675136338,57.7899789891444,119.489612280253,14691.591757962,-0.111527124990047,2.27272727272722,13.678,51.758,55.2773793281248,,32.3,4280622.0
Croatia,HRV,2014,86.0250963800271,87.6924070497889,84.2469188800773,78.9111308829486,57.773498206801,90.5674723889599,65.1913221278476,68.5678992528467,105.732295385283,14186.7712230471,-0.559537666687092,-0.215196159576176,17.209,52.184,55.4591834926844,,32.1,4201598.0
Croatia,HRV,2017,86.1434539393647,82.6969456889434,89.8380563337202,80.9970247447556,46.86027118959,92.6594367266246,62.0175992349953,67.0961920368478,105.794763679153,13901.6498657787,3.2840626939789,1.12937210282347,11.078,51.388,55.9009887365155,,30.4,4041407.0
Croatia,HRV,2021,91.8041946650619,89.9630726157021,93.9302809000694,84.4593938219749,76.1132139587452,94.1140961930897,80.2528022172844,81.25396608,112.169438491978,17788.7601163765,12.6312741312741,2.55450699642041,7.483,52.039,56.7683502560171,,28.9,3878981.0
Croatia,HRV,2024,92.6404988027313,92.0623021221886,93.2809278566284,87.6323883407511,55.2353177810983,97.7718215512077,71.4641662507071,83.63240029,121.732525659138,24049.9441746337,3.82578440126859,2.97200477643626,5.0,52.356,57.5158981711443,,,3866200.0
Cuba,CUB,2011,,,,,,,,16.0172907996413,11.6367981053254,6104.46105236166,2.80230083647626,,3.18,54.944,76.707663902788,,,11301571.0
Cuba,CUB,2014,,,,,,,,29.0701843656523,22.4242641732624,7146.70459051328,1.04757663187654,,2.7,55.397,76.8442459106445,,,11285775.0
Cuba,CUB,2017,,,,,,,,57.1484043170788,41.0193113711099,8610.60829605429,1.80979178380274,,1.7,55.556,76.9603271484375,,,11247829.0
Cuba,CUB,2021,,,,,,,,67.64354869,63.8661095570576,,1.25448735650322,,2.11,52.787,77.0987701416016,,,11122168.0
Cuba,CUB,2024,,,,,,,,70.47699738,72.930002350684,,-1.06173273220524,,1.755,52.635,77.1664929228275,,,10979783.0
Curacao,CUW,2011,,,,,,,,,130.099769181287,19426.326382752,0.50845748203723,2.3325315256217,,,91.2639416184104,,,150831.0
Curacao,CUW,2014,,,,,,,,,116.689390220994,19623.029993395,-0.637397373327133,1.4987396961643,,,91.3082030810948,,,155909.0
Curacao,CUW,2017,,,,,,,,68.1272162511339,111.077879845237,18938.2440469703,-1.2762081008495,1.58558801700345,,,91.3480685861287,,,160175.0
Curacao,CUW,2021,,,,,,,,,90.6602271807463,17795.5826483092,4.18371018614259,,,,91.391865832772,,,153948.0
Curacao,CUW,2024,,,,,,,,,,22832.895498987,5.02690015475606,,,,91.4321812441765,,,155967.0
Cyprus,CYP,2011,85.2376450858957,83.0736527150081,87.6160867043364,77.8372718321193,76.8113822476793,87.5761602285433,68.5577385979891,56.8598923503507,126.559628770302,32485.8046875,0.416711868408683,3.2894493956421,7.942,63.828,67.3979892758544,98.6800003051758,32.6,1146493.0
Cyprus,CYP,2014,90.1502021675435,90.2890204107842,90.0027712092488,88.004755303882,74.4154655259429,93.6471029341506,86.4218123147114,69.3286967086473,129.042983271375,26993.095703125,-1.77605867728616,-1.35498885446315,16.277,64.633,67.1230558819804,,35.6,1201801.0
Cyprus,CYP,2017,88.7157640743417,90.0142209361214,87.3152514022324,83.807183146411,73.1845081236538,91.8601678070076,81.0911851988934,80.743188971932,133.940473480537,26247.46484375,5.75083236554525,0.531766496174467,11.155,64.377,66.8907450570326,,31.4,1254275.0
Cyprus,CYP,2021,93.1299045859698,92.6972408372999,93.6180350466425,90.7508389916198,83.5378413796007,95.2147285930839,87.8829359339762,90.75951564,142.051408905141,32937.8359375,11.3975590801512,2.44608867175474,7.513,66.476,66.6718365394971,,31.3,1317309.0
Cyprus,CYP,2024,96.1259312935907,98.030865941963,94.2661652599799,94.1780470487871,95.3214058164952,96.2670485096197,99.2932159905865,89.60099246,156.218025662252,38674.3125,3.94076934447787,1.80023018624824,4.9,67.189,66.6824259192483,,,1358282.0
Czechia,CZE,2011,80.6511950648924,80.5135913647048,80.8030587665213,73.6645320003557,55.6537830248149,84.7021441755567,48.6927857585119,70.49,125.460303933748,22049.1080788682,1.77238085338473,1.9172191363555,6.712,58.265,73.2878338394746,,26.4,10496088.0
Czechia,CZE,2014,82.1782079099581,79.3734493289007,85.1647052794893,77.1392578015435,64.9341451086322,84.9932560672842,50.0030092656206,74.2317116367383,132.288685248373,20038.4163180257,2.24521219862635,0.343988589646794,6.108,59.27,73.0995921041469,,25.9,10525347.0
Czechia,CZE,2017,80.9922659536282,78.5847872243952,83.5768999166805,70.6443754825357,41.1841961132816,87.5459910006115,36.828954294883,78.7191728513432,119.874291148129,20913.197632212,5.17356529967881,2.4505339846014,2.893,60.073,72.9121853567256,,24.9,10594438.0
Czechia,CZE,2021,94.9367048560852,93.4414932024248,96.4813324980376,94.8614341711466,96.1890541966295,94.7848166368477,86.3917971926132,82.67062427,126.173145654465,27696.4619527544,4.02901832055149,3.83984491500146,2.803,59.45,72.6810594374316,,26.2,10505772.0
Czechia,CZE,2024,92.2832885462025,89.6799815747657,94.9873961522011,85.6046020555067,91.3542044051233,92.3958816245978,74.7505327942407,87.68776014,126.600163061009,31827.7552539413,1.25131096245923,2.43531202435314,2.6,60.624,72.7947984592185,,,10905028.0
Denmark,DNK,2011,99.7367892497757,99.4978995741616,100.0,99.8015569064331,99.4716007525699,99.7836260757269,100.0,89.8100133895232,128.762868998962,61809.737898222,1.3108037609606,2.7586822605125,7.769,63.167,87.1567653955846,,27.3,5570572.0
Denmark,DNK,2014,100.0,100.0,100.0,100.0,100.0,100.0,100.0,95.9935053764454,126.869141573913,62520.4509747011,1.27799983192831,0.56402054044954,6.925,61.336,87.6823985731907,,28.4,5643475.0
Denmark,DNK,2017,99.9173727065608,100.0,99.8329658525014,100.0,100.0,99.9024965391819,100.0,97.0993621555621,123.86211468599,57521.5514992225,3.05647723922718,1.14713216957602,5.833,61.827,88.0161943799509,,28.7,5764980.0
Denmark,DNK,2021,100.0,100.0,100.0,100.0,100.0,100.0,100.0,98.8658506,125.604137839658,69340.7334922138,6.50025445756295,1.85304543989689,5.065,62.667,88.2616449318149,,28.3,5856733.0
Denmark,DNK,2024,98.6505141065248,98.1098068895589,99.1898637549239,97.7544565980559,97.9357075022428,98.7776459527806,100.0,99.76915157,126.686532566268,71026.4832271897,3.47783593140312,1.37220049768926,5.358,65.045,88.6960552688405,,,5976992.0
Djibouti,DJI,2011,12.2738820555453,8.76278186838739,16.6257038150376,,4.48120014648624,15.9081579553624,6.25440180368643,7.0,20.3518393182072,1306.34552844977,,5.0687139477798,26.31,33.071,70.6776532458676,,,948558.0
Djibouti,DJI,2014,,,,,,,,17.0,28.6271201146485,2214.62084142432,7.19298728463697,1.34186494340162,26.16,32.72,70.8899032189478,,,1002717.0
Djibouti,DJI,2017,,,,,,,,55.6814092453962,35.3657091447905,2618.95521147369,5.458091517212,0.577285724560661,26.064,32.272,71.318261933957,,41.6,1054841.0
Djibouti,DJI,2021,,,,,,,,61.41120148,43.6423520933817,3025.91126413549,4.40715667561153,1.18086783934059,27.628,31.784,72.2882954556515,,,1121248.0
Djibouti,DJI,2024,,,,,,,,65.29889679,,3552.72335079222,6.98048467276334,2.1120116728497,26.007,31.773,72.9052635052978,,,1168722.0
Dominica,DMA,2011,,,,,,,,48.59999847,157.73970718144,7705.40717248319,0.0427388878891435,1.1312313652648,,,68.3978165602727,,,69053.0
Dominica,DMA,2014,,,,,,,,57.5,104.991971352649,8131.74876096735,2.33521742067693,0.799250372687492,,,69.4907847110252,,,70373.0
Dominica,DMA,2017,,,,,,,,69.61969757,109.83123102079,8224.64896571414,-7.5443637547282,0.296252889279487,,,70.6405848604787,,,68496.0
Dominica,DMA,2021,,,,,,,,78.07949829,92.5136156662004,8376.40414141113,5.37983838954712,2.22891330700344,,,72.2613620044042,,,67202.0
Dominica,DMA,2024,,,,,,,,82.04689789,,10405.2787777582,2.052738472526,2.73620751873313,,,73.5449839980866,,,66205.0
Dominican Republic,DOM,2011,38.2046711827488,37.3768238122825,39.1819820438255,21.7021091405591,28.3014137336268,41.5296744645659,25.271818131623,38.0,88.1873540123839,5826.51014109195,3.19196227475523,5.79676809206533,6.087,58.157,74.2440389501301,90.1100006103516,47.7,9945621.0
Dominican Republic,DOM,2014,54.0909896215977,55.9506109842669,52.1929485589385,41.293685247529,37.9843985326121,60.3077051468812,41.2656713137861,49.58000183,80.495501539039,6496.45166971142,7.11122629673892,2.99864226125219,6.719,59.529,74.1931533822153,91.7600021362305,44.3,10315528.0
Dominican Republic,DOM,2017,56.2391910241951,54.1428377719495,58.3558714075857,42.1151901160176,40.3990592536525,62.3531886606916,43.3920824133637,67.5712453277737,82.2092066040533,7412.71571571512,3.93386176401576,3.27955694678546,5.832,62.367,73.926806252977,93.2332153385684,42.2,10666843.0
Dominican Republic,DOM,2021,51.2980112720468,48.9606589159934,53.6955232304981,38.881950139241,31.1634165808082,57.6893692059442,39.373011007841,85.24298638,87.5207623947766,8527.0754858205,14.0124289062207,8.24300347981809,7.702,63.174,72.9243347395035,93.7309714425844,38.5,11123476.0
Dominican Republic,DOM,2024,64.777963876998,61.4376464055556,68.2420115558674,52.9502779958097,47.4303767289747,70.0094574499302,49.6430092514148,91.0022446,93.7095828968519,10875.6618443092,4.95352204492849,3.30223338951227,5.312,64.648,72.4121874752151,94.0299987792969,39.0,11427557.0
Ecuador,ECU,2011,36.735500850728,33.1599131901836,40.4642702902276,22.7538770071371,26.1196938592613,40.600335258054,23.3725179573165,31.3668083587433,100.042332662827,5153.6916424375,8.48147656332823,4.4745326579584,3.458,61.78,62.7949053547691,91.5899963378906,45.9,15326227.0
Ecuador,ECU,2014,46.2124251399842,40.822981947675,51.8686122244006,31.0402194535662,33.5038134558516,50.8589381464849,29.8763388755401,45.5903906666095,103.558519410265,6405.79979300441,4.22606520388456,3.58922016616663,3.48,62.619,62.9232432195799,94.2200012207031,45.0,16035124.0
Ecuador,ECU,2017,51.2460171775344,42.6063377793977,60.236064580267,33.3950796247928,35.0042328407671,57.2770883052171,40.651297053335,55.79999924,87.421387212843,6233.32244797718,5.97039880954841,0.417335588666825,3.836,68.154,63.0194591842425,92.8300018310547,44.7,16759519.0
Ecuador,ECU,2021,64.1767160592829,57.945240253526,70.5870465357672,59.1497121255255,54.5411314465135,67.8730040697777,60.2126132595592,69.1147995,94.950621672761,6061.32350181711,9.42189269033631,0.133251386096389,4.504,65.686,63.0871268249117,94.4800033569336,45.8,17682454.0
Ecuador,ECU,2024,64.5052103870577,63.5126837380937,65.5985687316865,56.4453858938692,60.5153389095443,65.7733737437462,50.0900332207873,77.17273115,101.598265014024,6826.5294137822,-1.94409022506859,1.54732515615369,3.453,64.54,63.2376932397602,93.4899978637695,45.2,18135478.0
"Egypt, Arab Rep.",EGY,2011,9.71998059496632,,,,,,,25.6,91.5823290114783,2590.64384891965,1.76457194806041,10.0649259874818,11.849,48.785,42.8634168470177,,,91093059.0
"Egypt, Arab Rep.",EGY,2014,14.1267970490146,9.30748469442183,18.7618635500507,5.45778617891899,7.30736049363641,17.4208636384443,8.39876356592942,33.8946039115275,97.7313128919015,3133.39102265541,2.91591188052836,10.0702154687481,13.105,48.117,42.6825522284408,,,97528654.0
"Egypt, Arab Rep.",EGY,2017,32.7843607129398,26.9944190972304,38.653475362692,20.3202254085518,14.0479375637552,39.6604143097489,31.6890419952771,44.9502042452857,99.2884367821237,2395.10333299491,4.18122099961562,29.5066083940039,11.767,44.95,42.4486008687179,71.1699981689453,31.5,103696057.0
"Egypt, Arab Rep.",EGY,2021,27.4440057212001,24.1973567007988,30.5711210140941,19.9988254520182,9.73741687265546,33.7872694164269,25.0019432828222,72.05599976,84.0866220906029,3827.35415374308,3.29064601193245,5.21404940513043,7.441,42.987,42.5686062621468,82.0803858167894,28.5,110957008.0
"Egypt, Arab Rep.",EGY,2024,43.1134368034247,40.2142182329493,45.9509692862618,33.080949427223,32.5398576308392,47.0131693568487,38.465775192039,74.64839935,97.1295066037455,3338.47371043679,2.3991692678251,28.2705899322083,6.817,44.596,42.8004363938404,,,116538258.0
El Salvador,SLV,2011,13.7646151544156,10.1322341029749,17.6158163210457,5.10572844531882,9.96209855269064,15.217596315142,6.07795328424494,18.89999962,136.551339569766,3330.60049486653,3.80688113429295,5.1289237668161,4.297,59.579,66.334413642034,85.4899978637695,42.3,6090127.0
El Salvador,SLV,2014,36.719711799553,31.9069293855353,41.8710268641331,21.9417900580913,30.5089895577995,39.0754443412935,24.913685904862,24.7617121459061,149.171006440904,3666.01248913873,1.70870628357073,1.14134467538233,4.154,59.397,68.9166664266223,87.4125334516516,41.6,6162955.0
El Salvador,SLV,2017,30.3529470953301,24.3799601264255,37.5771422240354,19.2922491832203,23.1242842335435,33.214204728855,20.4913107548986,33.8207289048526,152.538724748062,4020.12671373919,2.24761908134138,1.0123540331558,4.385,59.006,71.0856704711914,88.4800033569336,38.0,6213533.0
El Salvador,SLV,2021,35.8453551303162,29.2329767541683,44.7976506247365,23.0837472461681,31.6502081709564,37.1029216284195,27.9580794195859,57.26380157,176.973446325336,4642.60743101342,11.9047617015957,3.46692585313082,4.327,59.173,73.6838531494141,89.0586486323527,39.0,6255782.0
El Salvador,SLV,2024,43.4036648969414,34.4359210784078,54.692513354909,24.7330513543203,36.8398421212375,45.2763843246509,36.5077190923242,66.47769928,176.517423814642,5503.10317151907,2.5904637107794,0.853782292567288,3.261,61.919,75.0674905102199,89.7699966430664,,6338193.0
Equatorial Guinea,GNQ,2011,,,,,,,,11.5,38.5606783509887,17198.2136668275,6.52392362989873,4.805389221557,7.837,59.617,55.9743349096911,,,1241835.0
Equatorial Guinea,GNQ,2014,,,,,,,,18.86000061,36.9002477447229,15548.6624656619,0.415066301596866,4.30999866149107,7.669,60.734,65.5593240167184,,,1399828.0
Equatorial Guinea,GNQ,2017,,,,,,,,26.23999977,36.2336437113254,7809.10465655488,-5.66750850486686,0.74435474661241,7.843,61.305,69.5516019132985,,,1562396.0
Equatorial Guinea,GNQ,2021,,,,,,,,58.71730042,46.434813558898,6945.63069794539,0.860269956382069,-0.0971007664640198,8.821,57.677,70.6431215020592,,,1758786.0
Equatorial Guinea,GNQ,2024,,,,,,,,63.29930115,,7003.58055684906,0.39622552095193,2.92140227309103,8.293,60.908,71.3574028749806,,,1892516.0
Eritrea,ERI,2011,,,,,,,,0.699999988,8.06870803088893,688.68165957684,8.67980010138049,,5.801,79.514,35.6706275939941,,,2998485.0
Eritrea,ERI,2014,,,,,,,,0.99000001,13.4855143799717,,,,5.637,79.105,35.639720916748,,,3095173.0
Eritrea,ERI,2017,,,,,,,,2.496099949,22.0610618449333,,,,5.804,78.996,35.4427146911621,,,3150347.0
Eritrea,ERI,2021,,,,,,,,,53.7582573847458,,,,6.489,77.949,34.9871139526367,,,3350183.0
Eritrea,ERI,2024,,,,,,,,,,,,,5.947,78.338,34.5365524291992,,,3535603.0
Estonia,EST,2011,96.8242760223261,97.2613554921562,96.2867934042324,94.3481568451462,90.8259500089668,98.0036659662314,87.7784104518446,76.5,136.065402099509,17555.5455239426,7.60697458913162,4.9819013145361,12.328,61.255,67.8775556334506,99.8899993896484,32.5,1327439.0
Estonia,EST,2014,97.6716710079117,97.4671865753342,97.9213352098914,97.2075808098714,90.6345809333492,98.7484924762423,91.6034254340351,84.2415280294352,144.360615678625,20581.7898991695,3.32278988182702,-0.10617514652171,7.352,61.079,68.2668382808032,,34.6,1314545.0
Estonia,EST,2017,97.9939712011666,98.3752398048905,97.5467202618479,96.2138201134369,91.9284202013542,98.8348856413619,94.3781320947995,88.1024568740199,144.556616126155,20851.5223496861,5.63467248963991,3.41723549488054,5.807,63.244,68.9931941915158,,30.4,1317384.0
Estonia,EST,2021,99.3765667926472,99.5970564830296,99.1210838525908,99.4582594710998,100.0,99.2922456794015,98.3857863171161,90.97970174,148.739589817601,27951.1659277744,8.25488044580031,4.65316673847473,6.178,63.186,70.1777274135822,,31.8,1330932.0
Estonia,EST,2024,98.9011091256392,99.7660187107038,97.9279393113948,98.0471531434544,98.233313148414,98.9826204493732,96.6937364545843,92.23796204,151.131825017309,31428.3547816104,-0.0900428648493801,3.5194118998392,7.6,65.449,70.6981161541961,,,1372341.0
Eswatini,SWZ,2011,28.5694412970381,27.4139533987126,29.7359490084751,16.4045755668728,20.7716853558957,33.1061133165984,10.5268171358006,18.13,68.5737493883254,4225.06049411911,1.83973625916165,6.10742714590251,26.105,51.711,22.4634753665393,,,1117833.0
Eswatini,SWZ,2014,,,,,,,,25.0,80.6829892484285,3771.07228381938,2.05738179246586,5.68134885776447,23.931,51.38,23.026850446568,,,1136299.0
Eswatini,SWZ,2017,,,,,,,,35.33160019,88.7130405501664,3853.09956569679,3.52095345987983,6.22137528933118,24.543,50.838,23.8052004963161,,,1158195.0
Eswatini,SWZ,2021,,,,,,,,53.99530029,118.627490794327,3984.00229174306,4.23621913615419,,34.153,49.686,25.0156180525173,,,1206593.0
Eswatini,SWZ,2024,65.1160267166079,65.3509471878412,64.809563032207,54.4790274550679,44.0752170791744,73.4298293828941,59.6975068525002,63.40309906,139.833459658744,3909.55892378182,3.03162462475916,,34.643,51.202,26.2498461258639,,,1242822.0
Ethiopia,ETH,2011,,,,,,,,1.100000024,15.1655003216856,343.024942351887,11.1782962297008,33.2499598823344,2.27,81.435,17.863790512085,,,93149970.0
Ethiopia,ETH,2014,21.7915817461286,21.0040311985886,22.6220561075517,15.0082160318652,14.2952258524111,25.5881412311813,19.3670980387591,7.699999809,30.1536033852735,549.986577082588,10.2574929627477,6.89001951597192,2.361,79.608,19.0262870788574,,,101115610.0
Ethiopia,ETH,2017,34.827569921105,29.0754315174008,40.9438765977029,22.4122768771748,28.1642872819278,38.3613283403909,29.5722733384542,15.62440014,36.1094836260863,696.348429076216,9.56418965754014,10.6871150284238,2.665,74.758,20.3084850311279,,,109666481.0
Ethiopia,ETH,2021,,,,,,,,16.6981031,52.8088633217211,893.009835441784,5.64153069324176,26.8395221557722,3.935,68.253,22.1067085266113,54.8853699463392,31.1,122138588.0
Ethiopia,ETH,2024,48.8302767819942,41.6159713320994,56.5265673875994,42.5762685391233,37.9447401209686,54.0440736846044,41.729944069262,21.94129944,65.0825091944922,1133.88279681256,7.61277447616879,21.0377460577711,3.357,68.466,23.6222839355469,,,132059767.0
Faroe Islands,FRO,2011,,,,,,,,80.7321728,121.990653815663,51620.0541648551,3.56636317884431,,,,37.2975959777832,,,48542.0
Faroe Islands,FRO,2014,,,,,,,,93.3,120.19385440297,60173.3057854661,5.43214206841004,,,,37.9093894958496,,,48427.0
Faroe Islands,FRO,2017,,,,,,,,97.5819589384468,112.690325020401,59388.5365965776,3.51201367488443,,,,38.3324699401855,,,50179.0
Faroe Islands,FRO,2021,,,,,,,,,111.093808630394,69421.6981686515,5.06636291600633,,,,38.8083763122559,,,53291.0
Faroe Islands,FRO,2024,,,,,,,,,,74175.2776311377,0.843716851362103,,,,39.4132325882965,,,54640.0
Fiji,FJI,2011,,,,,,,,28.0,79.6285606945976,4139.60288609702,2.70514231228027,7.278117827085,4.406,63.056,52.5335449475105,,,912989.0
Fiji,FJI,2014,,,,,,,,37.40000153,95.4871755750148,5293.35676680464,5.60351397766961,0.519306474579107,4.323,58.89,54.0838287543856,,,917585.0
Fiji,FJI,2017,,,,,,,,53.6473999,112.533863613853,5826.84814459328,5.35336434979577,3.34757834757831,4.418,57.457,55.7408343449609,,,918759.0
Fiji,FJI,2021,,,,,,,,70.56800079,108.158405429846,4536.73312110335,-4.3459619989752,1.53454853751592,5.225,54.46,57.6618364761928,,,916711.0
Fiji,FJI,2024,,,,,,,,74.7052002,574.152332512188,6425.74151715712,3.53085896076352,3.89084237884105,5.361,57.219,59.0766602292457,,,928784.0
Finland,FIN,2011,99.6512520212112,99.8177065378943,99.4590456091493,99.9228858042764,100.0,99.6031516669954,99.1892638159233,88.70999491353,165.916854869706,51060.3242589767,2.39039455396828,3.4168075425521,7.781,59.82,70.0583261874252,,27.6,5388272.0
Finland,FIN,2014,100.0,100.0,100.0,100.0,100.0,100.0,100.0,86.5303927529377,139.198825856641,50073.7760815871,-0.4780684247837,1.0411962117843,8.663,58.738,70.9879168940753,,26.8,5461512.0
Finland,FIN,2017,99.7854185031074,99.5862733202271,100.0,99.4633523094262,100.0,99.7584168787833,99.2062164179955,87.4689290730615,129.983392624641,46085.0174739036,3.30337003591039,0.754015047084438,8.64,58.667,71.9563038312956,,27.4,5508214.0
Finland,FIN,2021,99.5301883332477,99.0785083052635,100.0,98.8240978424953,96.4694293202072,100.0,98.3138964104024,92.80806082,129.036333202492,53099.1351400148,2.67634641498897,2.19457432339998,7.617,59.768,73.3710215780329,,27.7,5541017.0
Finland,FIN,2024,99.842681813058,99.6891240901934,100.0,100.0,98.6449515158456,100.0,100.0,93.72405196,125.860954798649,53155.5451165897,0.374566568538427,1.56568906231616,8.4,59.853,74.2637190463636,,,5619911.0
France,FRA,2011,96.9838847229744,96.5725621402153,97.4892221314804,95.6754878174339,85.6715874930064,98.890185407925,97.6551937952809,77.8199989926706,93.8529031474159,43929.7840873812,2.43757653729007,2.11159795175,9.228,56.019,77.1182717387509,,33.3,65340830.0
France,FRA,2014,96.5827529151672,95.4665817555291,97.7879168439001,94.4811582901036,78.8718433768552,99.1154347011066,83.3639117909479,83.7510996681821,101.132290573498,43148.0459288416,0.997832947295251,0.50775882293799,10.273,55.764,77.3524296788613,,32.3,66312067.0
France,FRA,2017,94.0040460235024,91.287130003363,96.9788266384346,93.469179560111,70.3316630227125,97.9119633663075,79.8168654715524,80.5024597243607,105.718368398783,38687.1626407164,2.08361485997399,1.03228275064681,9.409,55.258,78.6467804026368,,31.6,66918020.0
France,FRA,2021,99.244295476517,100.0,98.4230468477367,98.4015680813876,99.2410255462594,99.2447556020059,95.8664726880748,86.09548575,113.952719366702,43725.0999521245,6.88233783360239,1.64233141038394,7.871,55.552,78.7364603392338,,31.5,67842811.0
France,FRA,2024,99.1902372350206,99.848494933374,98.4892614438192,98.7136082123328,100.0,99.0919035333063,98.0800344270783,88.65381638,,46103.0840855884,1.19046798275883,1.99904942291463,7.4,55.663,78.7999750964116,,,68551653.0
French Polynesia,PYF,2011,,,,,,,,49.0,82.0039966584108,22831.5185348524,-2.96195745427229,,12.257,56.212,61.2717342597741,,,271727.0
French Polynesia,PYF,2014,,,,,,,,60.68,92.3064398832072,22258.6321384251,0.593554452942286,,11.894,56.045,61.6824807401268,,,276387.0
French Polynesia,PYF,2017,,,,,,,,72.7038953132942,102.767711461082,20826.9312492172,4.29263363103487,,11.595,55.822,61.7896941062846,,,280087.0
French Polynesia,PYF,2021,,,,,,,,,115.413592954766,21426.3854449835,3.36590242421546,,12.558,54.253,61.7399813226008,,,279792.0
French Polynesia,PYF,2024,,,,,,,,,,22439.8838746025,1.12638897730247,,11.613,52.799,61.7191984724331,,,281807.0
Gabon,GAB,2011,18.9465176301576,17.1723565635735,20.7606037540527,8.50594628305102,10.8676490278853,22.8725489829003,8.90258751328997,18.0,133.010491109633,10219.1139339454,7.09175334258654,1.26331707837421,19.895,49.326,86.5665383650315,,,1781985.0
Gabon,GAB,2014,33.014183227497,30.739147208779,35.4183678443263,17.5541305363062,23.0909825056813,37.4291010528111,22.3856478229559,38.07120132,148.237590091786,9201.36276648105,4.31496444107469,4.69045751826284,19.873,50.195,87.6236017962969,,,1978399.0
Gabon,GAB,2017,58.6019984230799,53.7041266812626,63.8023463515205,49.8290375378959,57.2273539260939,59.2071656941883,45.5328131834244,51.60490036,123.475497241411,6921.73373135624,0.472642030911146,2.65192583143902,20.307,51.043,89.0009733256896,,38.0,2156900.0
Gabon,GAB,2021,66.0899712589808,61.2955059276265,71.4725579277961,58.6120685533256,68.1322833059001,65.0604139816042,52.9001464565818,65.76809692,132.30865873249,8181.40914134398,1.46795731508091,1.0869074651941,21.223,48.517,90.7881967286967,88.8600006103516,,2376722.0
Gabon,GAB,2024,68.1812562934141,63.7213310835604,72.417329210808,59.956979111285,62.0035952508967,71.2739464263181,58.1118867189379,68.72090149,125.337107593999,8230.04311451151,3.39403899521831,1.17311998381218,20.091,51.315,91.8632094677575,,,2538952.0
"Gambia, The",GMB,2011,,,,,,,,10.87030029,70.6308247268856,710.608411468152,-8.13044422315659,4.7958826618311,10.276,47.957,56.6696692994225,,,1983784.0
"Gambia, The",GMB,2014,,,,,,,,15.56000042,105.505264889158,568.00453558864,-1.40738249510954,5.94799935696626,8.191,47.854,58.6141799655551,,,2164528.0
"Gambia, The",GMB,2017,28.5604825414567,24.7647799447907,32.6937017421755,20.5577189203078,21.1612477389592,32.9591573538971,22.0235506727505,22.5156002,126.633674737607,642.522641296331,4.8226112492757,8.03418974545911,5.097,47.773,60.471712657237,,,2342189.0
"Gambia, The",GMB,2021,,,,,,,,41.67309952,108.847403542688,781.890925169531,5.25596878816744,7.37034758876618,6.213,47.636,62.7550706637859,51.6399993896484,,2576010.0
"Gambia, The",GMB,2024,38.1609042069027,34.8624918566457,41.7268890189075,34.4089976084921,34.795004689942,40.1781550836595,26.434029718765,49.49430084,126.243773523653,871.340287547821,5.55126065805138,11.5610532897511,6.48,47.507,64.2994103409645,,,2759988.0
Georgia,GEO,2011,32.9809681896803,34.9228048469514,30.6469822628225,22.0630715781329,13.2828465494675,37.6352464102822,20.1619608196865,31.52000046,114.516931163867,4119.66818307193,7.9343365253078,8.5429333333333,19.632,67.163,55.6899257648533,,39.6,3756441.0
Georgia,GEO,2014,39.6650699319217,39.7632567467057,39.5523694305357,28.3801603722442,9.87406747651857,44.7968076292757,35.0079312090023,49.1024547144647,142.390867606876,4830.33486170249,4.09049059581743,3.06881210379543,17.439,66.298,57.0237612994258,99.5899963378906,37.6,3719414.0
Georgia,GEO,2017,61.2304463242505,63.6122606067721,58.4917882928031,46.1205022347495,30.7383546017319,66.8772914783165,34.1144652997701,59.7055045962571,145.072490171662,4418.75206546679,5.15990261658827,6.03531725272117,13.939,65.832,57.9996827205757,99.3600006103516,37.9,3728004.0
Georgia,GEO,2021,70.4986885500291,70.7113541474579,70.253832957538,62.4455595759319,54.5414716285893,73.5912499542669,41.7108028579479,76.4427093,146.566472682371,5083.60695484577,10.6442336580969,9.56691433824769,11.785,61.006,59.4293560618005,99.9180842054209,34.2,3708610.0
Georgia,GEO,2024,78.8236410959339,81.2949686953077,75.9235668308751,69.1241033260113,68.7329152202524,80.4361371238921,52.0302386858618,83.79855689,161.201784818537,8967.67525638987,9.67979379712661,1.10971758022096,11.557,64.345,61.0789605093733,99.6800003051758,33.9,3812518.0
Germany,DEU,2011,98.1336173269525,98.7045340200252,97.5362233643903,98.1317513095814,96.0428071694346,98.4678919858835,97.1540462147329,81.26999953602,112.41947815744,47630.9761883572,3.75796884489337,2.07517283735874,5.967,59.853,80.3405762928198,,30.4,80274983.0
Germany,DEU,2014,98.7604066823874,99.4417995852574,98.0492498717625,96.991104838581,93.6846671054097,99.5054377882871,97.6434814649789,86.1937006578756,122.308668591557,48959.5991203133,2.18018602168017,0.906794000434246,4.979,60.378,80.57574023743,,30.8,80982500.0
Germany,DEU,2017,99.14118600163,99.1992475872443,99.0789317482543,98.1222665174376,97.0309268358975,99.5148615382971,100.0,84.3941537010844,132.003261888443,45553.9341495339,2.797906720551,1.50949485109628,3.781,60.659,80.9842544038853,,31.3,82657002.0
Germany,DEU,2021,99.9765938161833,100.0,99.9519787809101,99.9411107337912,100.0,99.9739577699631,100.0,91.43060973,127.125099449404,52349.2459994422,3.90999994204108,3.06666666666673,3.594,60.395,81.6325870653934,,33.6,83196078.0
Germany,DEU,2024,98.2983235670699,98.873065264332,97.6782654275893,98.5525412015415,90.8792278031291,99.2900736609423,100.0,93.49999579,129.150921864378,56103.7323182554,-0.495851897260366,2.2564981433876,3.4,60.921,82.0211432579125,,,83516593.0
Ghana,GHA,2011,29.4253535855083,27.088298008763,31.845334833461,18.3888704067221,26.539920464788,30.7486711523145,16.4517058496609,9.0,81.1104488323626,1507.43573198753,14.0471235803149,8.7284593709302,4.213,71.78,51.3304086646488,,,26095088.0
Ghana,GHA,2014,40.5057942389551,39.377307089462,41.6712364032671,33.5196060630463,36.4241958681355,42.3422176656552,24.8725513356926,19.0,108.270496910446,1949.90832923846,2.85624016330883,15.4896160333318,4.403,70.466,53.0663398797148,,,28041592.0
Ghana,GHA,2017,57.7175264186459,53.7234203538013,61.7916792423948,48.3440601491293,48.4647905443261,61.8940290264395,49.3870598661332,37.88420105,122.471765695646,2012.28662641265,8.12889488100956,12.3719215507048,3.369,66.855,54.6991419779128,64.4899978637695,,30008354.0
Ghana,GHA,2021,68.2303947936909,62.5809382619613,74.1799682116512,54.7194535686967,65.2242917388021,69.5160700866998,51.5909001242851,68.6,124.402625384529,2445.18662529344,5.07646643533542,9.9710886750444,3.2,60.389,56.6952556826536,76.4899978637695,,32518665.0
Ghana,GHA,2024,81.2430252454858,78.3104466801133,84.4194236475985,69.5783204095408,79.9671595325983,81.7894024325361,67.88099013833,72.17569733,113.647966704673,2419.2518672482,5.84746854280382,22.8483281157842,2.82,59.056,58.3654868038581,,,34427414.0
Gibraltar,GIB,2011,,,,,,,,65.0,102.653190145294,,,,,,100.0,,,31660.0
Gibraltar,GIB,2014,,,,,,,,,115.807759119861,,,,,,100.0,,,32813.0
Gibraltar,GIB,2017,,,,,,,,,119.827712074755,,,,,,100.0,,,34245.0
Gibraltar,GIB,2021,,,,,,,,,92.6501709262575,,,,,,100.0,,,36858.0
Gibraltar,GIB,2024,,,,,,,,,,,,,,,100.0,,,39329.0
Greece,GRC,2011,77.9398583523638,75.7096676897877,80.3368747523166,69.7450941435724,47.0617731910866,83.341710170236,76.5881848032453,51.6499951676815,109.174140891708,25504.7866510124,-9.87677875300243,3.3298532335065,17.973,52.155,76.6352609929407,,34.8,11104899.0
Greece,GRC,2014,87.5186470726679,86.6126720377175,88.4800906282645,82.3547435864766,46.9982835558799,93.4322148818023,89.6351961251537,63.2073404784561,111.488230327161,21474.7257123892,0.792225060962835,-1.31226096405506,26.708,51.23,77.3130486275866,,35.8,10892413.0
Greece,GRC,2017,85.4665211327502,84.5369009897368,86.4485627321931,81.5177435532043,49.0693909746304,90.7920474435592,86.8962971686862,69.8929706543154,120.305633506681,18631.9930129293,1.47312472702352,1.12125452031419,21.413,51.022,77.8895342613411,,34.4,10754679.0
Greece,GRC,2021,94.8841039582543,93.431332757825,96.3255610864645,91.6421797948846,90.1372655011848,95.5512739995025,91.8323914191436,78.49426371,108.643525000707,20652.89659591,8.65449786002131,1.22382501019854,14.656,50.33,78.3884898647442,,32.9,10570130.0
Greece,GRC,2024,88.5519759112244,84.0948713682466,93.2644888438885,79.597500484544,69.9156625847098,90.7788340253533,80.6661969723101,86.26968886,113.597610306796,24626.1481858973,2.0865743380603,2.74101875679486,10.02,52.333,78.9967856500534,,,10405134.0
Greenland,GRL,2011,,,,,,,,64.0,103.357145370729,47186.8759969388,-0.496519391959083,,,,84.5286026000977,,,56890.0
Greenland,GRL,2014,,,,,,,,66.7,108.237053388639,50485.2244135291,4.7421356730152,,,,85.6772384643555,,,56295.0
Greenland,GRL,2017,,,,,,,,69.4824617821988,111.14479855897,50765.7494665372,0.0527281828800312,,,,86.3915557861328,,,56172.0
Greenland,GRL,2021,,,,,,,,,118.85048446673,58135.9939910203,1.63409410992996,,,,87.5452017613678,,,56653.0
Greenland,GRL,2024,,,,,,,,,,,,,,,88.3195347935238,,,56836.0
Grenada,GRD,2011,,,,,,,,30.0,107.830191204418,6947.38136096464,0.764773550338731,3.0334728033474,,,35.8601091092326,,,112079.0
Grenada,GRD,2014,,,,,,,,51.6,102.645182770827,7986.33421210788,7.34212396037948,-0.98360305555498,,,35.9014624346562,,,114132.0
Grenada,GRD,2017,,,,,,,,54.20000076,98.0413728581576,9751.42661155932,4.43867566948151,0.908458255874249,,,36.0173296416579,,,115438.0
Grenada,GRD,2021,,,,,,,,67.02279663,86.5710270122035,9617.28902905373,4.6977240232674,1.21951193916838,,,36.2831603706908,,,116688.0
Grenada,GRD,2024,,,,,,,,70.16159821,,11528.9220811928,2.3996478454327,1.08615365134737,,,36.5628000454229,,,117207.0
Guam,GUM,2011,,,,,,,,57.7,,29926.2052442913,0.0776548243059523,,13.3,62.6,94.0771054436498,,,166543.0
Guam,GUM,2014,,,,,,,,69.27,,33900.1486530583,1.79305192379529,,7.6,62.437,94.0787476782557,,,165486.0
Guam,GUM,2017,,,,,,,,80.5054655600831,,36779.0078903909,0.890099909173486,,5.418,62.355,94.0797139460527,,,163490.0
Guam,GUM,2021,,,,,,,,,,38074.8793745801,2.0581832574708,,6.0,59.644,94.0884327694075,,,163730.0
Guam,GUM,2024,,,,,,,,,,,,,5.252,62.266,94.1726346571831,,,167777.0
Guatemala,GTM,2011,22.3188831452242,15.5866201208438,29.8914715453647,11.7443206578984,21.7326861900103,22.6284004839334,12.8002636150816,12.30000019,131.685634641025,3168.98370607705,4.16390688293349,6.214123930671,3.169,61.401,51.8657469899423,,,14792126.0
Guatemala,GTM,2014,41.3492184951631,34.694927507589,48.7564216478,29.0836384191295,36.8534564828112,43.7429222353065,26.1895121614805,23.39999962,107.844073276377,3689.14510410202,4.44397825774911,3.4183616966296,2.717,60.732,53.1458479013964,81.2900009155273,48.3,15681725.0
Guatemala,GTM,2017,44.1070072063726,42.0862809617714,46.3569654502577,30.4192861088304,41.5828154637283,45.4243835822763,32.7172958876769,37.90000153,120.637721514663,4324.99768915601,3.0798512212244,4.42453655182546,2.462,60.943,53.7994723140017,,,16567357.0
Guatemala,GTM,2021,,,,,,,,50.84164945,125.718955715353,4912.62240414681,8.04170398855833,4.26105127422813,2.174,62.937,54.9047071553758,,,17598650.0
Guatemala,GTM,2024,38.2819483827324,32.5013354493048,44.6496505663004,28.3362046477051,34.7905461046703,39.6546973553898,28.4234840229176,60.22140121,112.520863034346,6150.89465281457,3.71558453779777,2.86992752918294,2.613,59.704,55.9547027274763,82.1100006103516,,18406359.0
Guinea,GIN,2011,3.68785001184746,,,,,,,2.0,45.6101779050204,636.694958747648,5.61211177430975,21.3169268542577,5.024,58.427,34.0732054685603,,,10656810.0
Guinea,GIN,2014,6.96001725661614,,,,,,,6.400000095,75.686895511554,765.146999389279,3.69655311664086,6.1505055670642,5.044,56.364,34.8177920826682,32.0,,11472924.0
Guinea,GIN,2017,23.4860350255293,19.6709747491521,27.2642091442201,19.9027726848138,23.8042064248757,23.3226980353542,17.0548817725658,18.70000076,94.4640894763856,833.598621691121,10.3000053427355,8.91435947913097,4.86,54.278,35.5827331542969,,,12385659.0
Guinea,GIN,2021,30.4403355352872,24.0050046269956,36.9123916683355,23.7648154337865,27.9744287100851,31.6263938905117,22.0184606088303,28.61330032,110.185519681138,1244.96550477914,5.5823328114905,12.5972882566934,5.815,52.624,36.8502178436256,,,13710513.0
Guinea,GIN,2024,36.0480250155865,31.2380546293167,40.8599709353785,29.3012686641546,33.6901211107583,37.1684300208324,29.1834302604183,33.30469894,,1694.95375862185,5.35004659049265,8.12313914948596,5.132,52.792,38.0713036688655,,,14754785.0
Guinea-Bissau,GNB,2011,,,,,,,,2.671999931,45.5596626030113,719.539573498937,8.08504167173554,5.046102263202,3.072,63.368,40.4391136169434,,,1608076.0
Guinea-Bissau,GNB,2014,,,,,,,,3.319999933,63.654183911294,652.022501029449,0.964525745841428,-1.50924460570494,3.285,63.221,41.7271995544434,,,1741122.0
Guinea-Bissau,GNB,2017,,,,,,,,14.80000019,76.4393694008541,783.123186602022,4.66367943913264,1.69111461822298,3.089,63.0,43.0155792236328,,,1877072.0
Guinea-Bissau,GNB,2021,,,,,,,,23.3519001,108.62961248586,926.54619187706,5.0173096003907,2.24248879577658,3.016,63.765,44.7334136962891,,33.4,2058841.0
Guinea-Bissau,GNB,2024,,,,,,,,29.77739906,147.197631273872,998.376093392688,4.40920107183611,3.76555825770114,2.647,64.751,46.113204421822,,,2201352.0
Guyana,GUY,2011,,,,,,,,30.0,70.8644205678996,4947.22170589917,5.19625156051602,4.4073041447003,11.811,56.325,26.3999996185303,,,746153.0
Guyana,GUY,2014,,,,,,,,32.0,75.1635113473494,5472.68820452237,1.68649445019584,0.683700250354637,12.637,55.895,26.4018152016157,,,754229.0
Guyana,GUY,2017,,,,,,,,42.6753006,83.6990991295793,6178.6650437298,3.73449154571284,1.94571617739331,13.466,55.599,26.412905546573,,,768479.0
Guyana,GUY,2021,,,,,,,,71.65090179,104.968595260226,9860.87014834386,20.0599975568418,4.50619858925893,14.576,51.186,26.443303961947,,,815482.0
Guyana,GUY,2024,,,,,,,,83.00080109,,29675.2501582835,43.8192726391966,2.90379501424778,11.874,55.138,26.477717988557,,,831087.0
Haiti,HTI,2011,22.0072687973852,21.072248172191,22.9629310834077,,6.24168896995655,30.6849812485511,8.03871534382974,9.0,42.360470661138,1312.03953552013,5.09821354410036,6.33279483849042,14.506,65.759,46.7523749519985,,,9914904.0
Haiti,HTI,2014,18.8586777550335,16.1192255831274,21.6837985572137,13.3082143541593,14.6713693386482,21.1622612545304,11.109079441692,11.39999962,65.2574823572396,1460.18898613914,2.88877250863379,3.43816659958601,13.808,65.869,48.7723916158687,,,10373235.0
Haiti,HTI,2017,32.6211865335773,30.0456130837357,35.3547214185002,17.8797675030254,27.3337593393277,35.5182593197506,17.0337345471923,27.20000076,58.2917858919698,1395.23945184461,2.51027134544685,10.6800887242584,13.932,65.922,50.735083378449,68.0100021362305,,10817754.0
Haiti,HTI,2021,,,,,,,,43.37919998,64.3451990252656,1824.6798742577,-1.79823988931486,16.8415240198785,15.296,65.704,53.2460637918026,,,11374586.0
Haiti,HTI,2024,,,,,,,,47.8614006,,2060.35591768638,-4.18495104762965,26.9490564091987,14.609,63.968,55.0372652481002,,,11772557.0
Honduras,HND,2011,20.5122646001849,14.9203570895669,26.2748196001183,8.10620285622261,17.1805411388158,22.1926144605209,10.7774959560028,15.9,94.399047465495,2073.66121088074,3.83569066207505,6.7622795731476,4.474,59.727,51.9908892304951,85.120002746582,52.6,8540583.0
Honduras,HND,2014,31.4863604454926,27.0334940238095,36.0899804267548,20.8550130135259,27.192496798168,33.6726448379661,21.4059518578722,23.0,85.2365443166273,2179.88171977271,3.0580805621437,6.12924930313031,7.078,64.152,53.8768089124249,87.1999969482422,49.9,9063122.0
Honduras,HND,2017,45.3429695987159,40.9506881007736,50.2408207262961,33.1007224870571,34.6660263465593,50.8156425768246,36.7754212405094,31.7357924661485,85.8717287831828,2413.0076562942,4.84291391050387,3.93436084442037,5.528,64.359,55.3877322339915,,49.4,9588137.0
Honduras,HND,2021,37.8497022494385,28.8504573351507,48.5568646883294,26.9722905374558,36.095807723842,38.5282529187269,31.828968441328,51.95159912,73.4771659564055,2735.14751503977,12.5652843771279,4.48087963413446,8.506,60.688,57.3550236357547,,,10289877.0
Honduras,HND,2024,42.4429707366343,34.0839092123123,52.7899759195543,33.70730362306,41.1686514492311,42.8835695565683,32.5856754067295,58.62269974,70.9397440517258,3415.96027916712,3.63240745450875,4.60621098127101,4.91,56.594,58.7850728104829,88.25,45.7,10825703.0
"Hong Kong SAR, China",HKG,2011,88.6860396908465,89.0776274928449,88.2511474546552,,79.6999724583471,90.5040756905407,79.2928076134232,72.19999695,214.097553258659,35142.4879344543,4.81466801092733,5.3052489299392,3.422,59.326,100.0,,,7071600.0
"Hong Kong SAR, China",HKG,2014,96.1476401182356,96.2656860790006,96.0050513206037,94.0363528391983,88.9910736167887,97.3068255698709,92.710738155912,79.8662704309064,231.702338725003,40315.3739510191,2.76241378329884,4.42364532019699,3.296,60.326,100.0,,,7229500.0
"Hong Kong SAR, China",HKG,2017,95.2832588698892,94.7024235727527,95.9928221666471,92.3735489416118,87.966008514451,96.4017268144165,87.0591996972445,89.4159446487565,247.078996858382,46160.429791493,3.79610937243891,1.49387243939522,3.124,60.466,100.0,,,7393200.0
"Hong Kong SAR, China",HKG,2021,97.801244380349,98.1886072222839,97.3316204636794,96.4630769104023,88.8805118740581,98.9142714732189,96.1359607847227,93.08715788,319.852066930488,49770.5642374739,6.45443038333934,1.56875834445922,5.174,58.744,100.0,,,7413100.0
"Hong Kong SAR, China",HKG,2024,97.3080247282368,96.7510977577504,97.9944921224797,93.7664847121074,95.9277865060906,97.4437409345506,93.4275524548894,95.75536971,364.848981963231,54274.7547767073,2.62936861207362,1.72972119105914,2.988,56.838,100.0,,,7524100.0
Hungary,HUN,2011,72.6743206569059,73.0622057475737,72.2140761490061,67.8318754694244,51.0157496208996,76.3521023117322,46.3441527676202,68.0199878861296,117.526065994308,14211.460557822,1.91670916599742,3.9299209893507,11.029,52.234,69.4779934082031,,29.2,9971727.0
Hungary,HUN,2014,72.2568273601633,72.4983516729745,71.9801677161065,66.5746803019163,50.6808135260074,75.8349195405032,44.9749330743172,75.6531974544103,118.895659080821,14352.501883174,4.33435364113967,-0.227566270988219,7.725,55.011,70.3071053512008,,30.9,9833038.0
Hungary,HUN,2017,74.9449653147576,72.157522957804,78.1625656875111,67.6696557986044,60.0871872327656,77.1302049817799,55.8292557281771,76.7505471201922,101.629260697653,14736.1668157258,4.12418389451805,2.34824281150154,4.156,57.834,70.4542541503906,,30.6,9726756.0
Hungary,HUN,2021,88.2187885918565,86.8767212111151,89.7323051202284,81.2454720649375,92.4927793319647,87.674545430195,71.5827391528357,88.64083466,105.137285804787,19030.628130329,7.22291580811137,5.11096534382855,4.021,59.115,70.2059275331413,,,9630932.0
Hungary,HUN,2024,86.9605630769545,83.709713865767,90.5416666845822,78.8623054417773,96.4328904193122,85.8097233100766,72.4452650984766,93.77898628,104.58063059269,23305.4482514359,0.709070599066038,3.70370370370369,4.5,60.66,70.491825943218,,,9562065.0
Iceland,ISL,2011,,,,,,,,94.8196868008949,107.817332368231,48254.953927254,1.37999669197329,4.0010266434312,7.028,74.187,93.41106112427,,26.8,319014.0
Iceland,ISL,2014,,,,,,,,98.1580233097118,112.987310388627,55140.364935793,1.91381613095174,2.04461481539342,4.897,75.968,93.6196716315805,,27.8,327386.0
Iceland,ISL,2017,,,,,,,,98.2552011867973,116.796155223255,72976.3729990975,3.48506704155555,1.76041559180605,2.742,76.892,93.7718982310092,,26.1,343400.0
Iceland,ISL,2021,100.0,100.0,100.0,100.0,100.0,100.0,100.0,99.68701957,117.34255750797,70425.4064277273,5.18057190719905,4.44423970189746,6.029,73.413,94.2108206403841,,,372520.0
Iceland,ISL,2024,99.8548358099717,99.7045440269947,100.0,100.0,100.0,99.8275862220331,100.0,98.209198,120.927513243653,85863.1479330343,-1.2828764442695,5.85683849970072,3.6,75.153,94.1819039916522,,,386506.0
India,IND,2011,35.2318385316409,26.4905002133377,43.7370735535776,26.9714503176061,27.3008600228386,38.0260608145423,30.5149222729445,10.07,70.8725652125021,1445.46127486037,5.24131620024293,8.9117933648336,7.609,54.131,31.2746502853309,69.3000030517578,28.8,1261224954.0
India,IND,2014,53.1415500480136,43.1326096683799,62.7633660713873,43.6106768976089,43.2338984456575,56.811978903214,43.3534072698003,13.5,71.9366825449914,1553.88396075118,7.41022760516977,6.66565671867899,7.656,53.206,32.2288233408821,,,1312277191.0
India,IND,2017,79.8753284971461,76.6396327822793,83.0089957378931,77.0829503240223,71.4001548367143,83.0843120310959,75.3695415930049,18.20000076,85.9703537817688,1950.10468280866,6.79538341902422,3.32817337461305,7.626,52.671,33.1821328157539,,,1359657400.0
India,IND,2021,77.5291370626274,77.552612718915,77.5072324191018,78.252760418728,67.501931427549,81.3048883600903,75.9045265264345,49.2580986,81.603974311212,2239.61384367482,9.68959249191741,5.13140747176364,6.38,52.522,34.4425517181304,76.0596617430205,,1414203896.0
India,IND,2024,89.0248224502547,89.2482328079147,88.8052472379392,86.3166812876253,83.3298881784499,91.1674455308,87.0775161460382,64.9434967,79.3526921826412,2591.9916607122,7.09927893176518,4.95303550973661,4.173,55.639,35.3788972368389,78.1625330351403,,1450935791.0
Indonesia,IDN,2011,19.5819907600545,19.2075357266267,19.967238368317,10.9731361366345,12.8239230536841,21.7098268676899,10.1885902496896,12.28,100.134519965107,3579.46442466152,6.16978420771008,5.35604849112582,5.153,66.913,50.4830017089844,92.8099975585938,37.9,249470032.0
Indonesia,IDN,2014,36.0589893131595,37.4640342002825,34.6179270377022,22.1340113682287,35.1662077990456,36.3241602912586,15.7842769548307,17.1431598350566,125.767185647597,3441.06808464008,5.006668425755,6.39492882396559,4.049,66.624,52.5002136230469,95.120002746582,38.8,258877399.0
Indonesia,IDN,2017,48.8574509277817,51.3549180701461,46.2457164450417,36.5957609692358,46.7655148324562,49.4974697474652,33.5980335311386,32.335806250688,162.782511760443,3798.88326174526,5.06978590134916,3.80879857691949,3.783,66.694,54.4541015625,,36.4,267346658.0
Indonesia,IDN,2021,51.755324070215,52.3045226846809,51.1815183029848,46.9313820280419,54.6388887284151,50.9529945813705,40.4920801093323,62.10447842,132.199444256099,4287.17313995098,3.70288562827751,1.56007882983334,3.827,65.868,56.8761702464027,,35.5,276758053.0
Indonesia,IDN,2024,56.3278493718021,58.0308451514518,54.6388118836053,48.4188044924569,61.9926628375153,54.7250176559799,37.6382055660655,72.78075544,122.514946500491,4925.43644992666,5.03257477088519,2.18151273615189,3.301,67.927,58.7509635387997,,34.9,283487931.0
"Iran, Islamic Rep.",IRN,2011,73.683851106327,61.8765134621726,85.1674522437996,67.5124371822983,67.94224850483,76.0375003463838,64.9461489831707,19.0,71.4983841389879,8025.68743364356,2.6457179180628,26.2933856738608,12.491,40.616,71.204050944517,83.5199966430664,34.7,78383598.0
"Iran, Islamic Rep.",IRN,2014,92.2802532699244,87.3226448828852,97.1384099424601,89.8988692429949,88.5721582274873,93.4526285767484,90.8829694606188,39.353614505223,84.5268986808859,5672.06372896319,4.98477506709476,16.6065532357449,10.68,40.889,72.8324070385223,84.7099990844727,34.8,81502045.0
"Iran, Islamic Rep.",IRN,2017,93.9819167043946,91.6112578504542,96.451763770168,93.2458434719496,92.2798780046483,94.5898285127984,90.3630139362802,64.0439736249513,102.375956866471,6000.93346404409,3.02685468694025,8.04492437660278,12.232,44.235,74.4011840820312,85.9467906933665,36.7,85026754.0
"Iran, Islamic Rep.",IRN,2021,89.9846708281017,85.0800160707079,94.8362972325285,87.395508271581,84.6737561527555,91.7385942708366,83.8635410869775,78.5957366,153.624638869213,4605.14881318992,4.13089685034471,43.3890162681514,9.282,41.043,75.9926376342773,88.4555944977134,35.5,88455488.0
"Iran, Islamic Rep.",IRN,2024,91.0610044635676,86.7880629225257,95.3254505893739,86.8646774136072,91.7657599632166,90.8758715417468,83.5549189709626,85.3404007,174.066388972063,5190.16959024821,3.66312057949303,32.455871402917,8.146,41.266,77.0201263427734,,,91567738.0
Iraq,IRQ,2011,10.5537448910017,7.54766811298463,13.477485379613,6.69749031266951,7.06174237087178,11.8395863668588,7.56307196826031,5.0,79.346611020706,5775.54229080293,7.546471200426,5.6040514426601,8.193,41.132,69.1252233869916,,,32161424.0
Iraq,IRQ,2014,10.9723490698232,7.43860529635247,14.5700627877416,8.42860984303043,8.64324098731303,12.0245126495848,9.35567951144514,11.6453267304545,90.2871319578445,6249.39226978969,2.26368817563613,2.23597407904726,10.59,42.93,69.6666641235352,82.1999969482422,,36550059.0
Iraq,IRQ,2017,22.6651525406859,19.5048213564375,25.821572819965,18.6932908329445,14.8581639749798,25.8025456649671,19.1060839195798,25.96920013,84.9464629712121,4759.2846435467,-1.81975035118309,0.184058898847553,13.02,41.89,69.8944511190753,85.5999984741211,,39337353.0
Iraq,IRQ,2021,18.5652818204679,14.8905592479774,22.2142877806895,14.4329294970127,12.4935970269494,21.4200680985163,15.4766679006905,65.00219727,94.6092832170426,4868.49431080783,1.5021807095434,6.04186489058043,16.173,39.663,69.8682708740234,84.0648941705243,,43071211.0
Iraq,IRQ,2024,30.1610517779513,18.8101424848699,40.7785224794308,20.2214445724835,29.9052578296779,30.2429261016907,19.8681618947349,81.47450256,100.080276677726,6073.61032342708,-1.54525198319173,2.6116961151764,15.293,41.556,69.8861494108913,,,46042015.0
Ireland,IRL,2011,93.8883535262303,92.2002881693837,95.7424079207534,93.0804292195578,88.082463372027,95.3337481249972,83.1966548144001,74.8899729670944,107.134899495633,52613.8540355689,1.60886648916944,2.5489783020855,15.354,61.927,62.0872735820277,,32.9,4580084.0
Ireland,IRL,2014,94.7101387446119,94.7685410022348,94.6511545421356,92.2543059836968,90.9452371358201,95.4432530495954,70.9669078270679,83.4917223351728,105.460883393918,57214.5379785709,9.38579335130922,0.190916398713745,11.858,61.705,62.535401730577,,31.9,4657740.0
Ireland,IRL,2017,95.340452880846,95.3070379534168,95.3754012187358,92.9394005898772,83.7476880163806,97.5584885987443,84.2367488490049,84.1140070623844,101.842124574945,72161.4047531385,10.1088576065965,0.362173038229378,6.713,61.921,62.9035196521232,,31.4,4827445.0
Ireland,IRL,2021,99.6633988421918,99.5347901476089,99.7965653823774,99.2868411515215,100.0,99.6092429196717,100.0,93.50610352,106.86972424373,103783.446284479,16.2581881158197,2.34034113447044,6.357,63.546,63.6774229356985,,29.4,5110585.0
Ireland,IRL,2024,98.2929182250875,96.9297997806724,99.6508190397291,99.0245742017698,98.5196119369697,98.2569981731267,92.9210412523047,97.18769836,112.638817343502,112894.953240805,2.59946721553708,2.11344999577317,4.3,65.014,64.3470379255585,,,5395790.0
Isle of Man,IMN,2011,,,,,,,,,,77808.8579649376,1.99999938207415,,,,52.0246324097527,,,84382.0
Isle of Man,IMN,2014,,,,,,,,,,91885.4528718026,5.15509983748599,,,,52.0997913403899,,,83892.0
Isle of Man,IMN,2017,,,,,,,,,,83481.3038489014,2.83775807093689,,,,52.1498415744309,,,83609.0
Isle of Man,IMN,2021,,,,,,,,,,94299.969348965,3.83783632334639,,,,52.1999559660634,,,84106.0
Isle of Man,IMN,2024,,,,,,,,,,,,,,,52.1633405796294,,,84160.0
Israel,ISR,2011,90.4686393837703,92.4381832210362,88.4042467781468,84.4317506095418,73.7456097034939,95.2296813139511,91.1286053295938,68.8738779907441,123.142439797067,34476.7252065949,5.51341969081251,3.48837209302323,7.139,63.036,91.7304024673781,,41.5,7765800.0
Israel,ISR,2014,89.9527757682962,90.0166810572932,89.8858825024287,85.0693239296965,67.3444326533261,96.0639308479265,83.6919667141108,75.0177531628076,120.296120931284,38265.3651949373,3.718144149431,0.467557251908503,5.789,65.62,91.7151980935716,,39.8,8215700.0
Israel,ISR,2017,92.8149668417564,93.7003823820816,91.8948513082919,85.6901156365346,70.2838903875254,98.8747192931769,88.2924391910588,81.5811835871611,126.049460421008,41013.2575323519,4.34394518932547,0.249807840123008,4.14,65.491,91.6701057535759,,38.2,8713300.0
Israel,ISR,2021,92.9252212375394,91.9317835036602,93.9650427519386,89.0240294471969,71.0486494159396,98.5968240860472,62.7565678500138,90.29689758,139.775312861878,52258.4693499398,9.33534690236249,1.47965474722561,4.812,63.319,91.5353517549466,,37.9,9371400.0
Israel,ISR,2024,89.2691974119826,88.0997205658934,90.4755385428348,80.3519531382311,57.4471602104485,97.7244734083653,70.5506295977132,88.18242225,177.393104798636,54216.5218142787,0.953618469238535,3.07480889805025,3.595,65.494,91.536188843818,,,10002200.0
Italy,ITA,2011,71.0085305189943,64.3453550424691,79.1312062321013,62.352106971342,31.7547315453386,76.5545693615754,64.2558049576409,54.3899983018814,159.092737727414,38432.3742820019,0.695463154440176,2.78063272879323,8.359,47.882,68.4015073889511,98.8499984741211,35.1,60026841.0
Italy,ITA,2014,87.3345770658458,83.1596309710904,91.8693734667635,82.6279775402937,60.7976313413954,91.4782051957825,79.482184976282,55.6384602242293,148.21699121216,36028.3494022349,-0.00138761730454462,0.241047429826756,12.683,48.731,69.5807638614879,,34.7,60320707.0
Italy,ITA,2017,93.7850200329756,91.6244344343719,96.1354574056606,90.631094260513,63.9096204428941,97.6588893564708,92.0082215667313,63.0773469984291,138.882433107903,32844.115660604,1.60369995294101,1.22653316645812,11.211,49.501,69.5180784259382,,35.9,60002252.0
Italy,ITA,2021,97.2945565478995,97.0916020313244,97.4834100310657,94.7910261439191,82.7701974450461,99.0681227017541,97.2532463653889,74.8623274,130.781488497698,36852.5425414951,8.93106210800055,1.87378325762481,9.497,48.443,69.4812507629394,,34.8,59133173.0
Italy,ITA,2024,86.0191093278992,79.7946783289735,92.6338802740803,82.1215678248643,57.3500603966495,89.6476719100621,74.5881587033891,89.2207202,132.575141676252,40429.6224047352,0.783039135276795,0.982373023061417,6.5,49.588,69.6047535143071,,,58952704.0
Jamaica,JAM,2011,70.9915017921418,67.1225447453829,75.0734634247333,62.0443975892806,62.9842058172249,73.4083586946803,60.0403392822148,37.438613414848,106.698112729098,5232.63644918132,1.73037627006349,7.555856465809,8.034,60.816,53.956586109128,,,2760494.0
Jamaica,JAM,2014,78.4582069674718,77.7620201327324,79.1964432742182,69.2284484311861,73.3630877917199,80.0218129196433,70.4865114335101,40.4027351046672,107.579098909745,4975.11325459872,0.689822359762587,8.27407886231419,9.046,62.549,54.8660395670395,,,2793749.0
Jamaica,JAM,2017,,,,,,,,55.0720670507751,109.782709062265,5605.43541173019,2.29303371291363,4.37839864991561,7.399,65.674,55.9152267548307,,,2815764.0
Jamaica,JAM,2021,73.3003615105011,71.5532326995049,75.1055910739837,67.6887024442591,75.361405240673,72.7356399745355,59.9446186388182,82.36071561,102.38666630017,5625.67806271236,5.70467978309095,5.86278242801063,5.188,65.694,57.5411017937226,,39.9,2837682.0
Jamaica,JAM,2024,,,,,,,,90.10870361,117.693907561175,7753.8119527678,-0.535039063867487,5.41194447981659,3.151,69.443,58.9301585439922,,,2839175.0
Japan,JPN,2011,96.4220483126666,96.8449069152696,95.9715949674956,95.300561612279,85.8536831766302,97.94605264935,89.5660789565888,79.0541135244739,103.641547955059,49122.077634247,-0.20035785332982,-0.27245561610124,4.55,59.249,90.8631654434251,,33.0,127833000.0
Japan,JPN,2014,96.6455822293813,97.0154546547158,96.2365380884654,96.9743001250244,81.5084360592904,98.4530491861722,83.6599779712942,89.1068330166075,123.822099584501,39172.8471161948,0.905915486065865,2.75922671353253,3.589,59.443,91.2548945132333,,31.3,127276000.0
Japan,JPN,2017,98.2433920065994,98.0646741395869,98.4573562924342,97.5399309943583,86.6675942158751,99.2393102365105,91.4313391532174,91.7265472366635,135.985843116605,39679.8635262948,1.62345062245441,0.484199796126385,2.822,60.444,91.5498419685883,,31.8,126972000.0
Japan,JPN,2021,98.4894200399726,98.8416283825373,98.1156161827949,98.4676064509267,90.2280328147491,99.4590112921865,94.0950697950197,82.91407928,159.516123485628,41580.739040705,3.56419531474475,-0.233352779398264,2.808,62.053,91.8741049279527,,,125681593.0
Japan,JPN,2024,98.5235592091779,98.723135316154,98.3131609217015,97.6785123935915,97.3861999475278,98.6555531731399,97.5868079174503,85.54153081,,33797.1014287876,-0.240084236041696,2.73853681635241,2.5,63.3,92.1901718034531,,,123975371.0
Jordan,JOR,2011,25.4710971514235,17.3577027739126,33.6704244054076,13.0546131425587,11.4777111706986,34.8447194938657,15.9279098125802,34.9,100.02856789936,4363.42800211536,2.90729315392207,4.1624416292779,12.9,39.0,83.5505043825064,95.9000015258789,,7480424.0
Jordan,JOR,2014,24.6159099066182,15.5295070867674,33.3144947537588,16.3352547227297,12.4092004930098,31.845900702131,18.2271739224297,46.2,126.168902295458,4610.60460269382,3.32287328047509,2.89947905006057,11.9,36.4,88.0371754329978,,,8791710.0
Jordan,JOR,2017,42.4930235275587,26.6133895846271,56.2812776280982,32.8801993185689,25.2113145093571,51.3093495558169,37.0707902590285,64.5,94.8121235548248,4449.34618076611,2.50770398070352,3.32389447576097,18.12,40.226,90.8764609714428,,,10234226.0
Jordan,JOR,2021,47.1196643097766,34.0620291622273,58.6009095552294,37.0123856483054,28.6884423067671,53.2068896643948,38.7134641698401,85.999997,65.7448847660422,4581.71967230365,3.75201276755828,1.34609377243118,19.837,38.67,92.117972910453,,,11066356.0
Jordan,JOR,2024,46.4573138115455,36.2234645848992,55.9196759817473,35.7152731126413,29.2483474339461,55.317801660492,37.8853728938152,95.62244985,69.6426153972396,5073.92103605892,2.55605891810194,1.55659611283953,16.693,40.006,92.9501393764286,94.4400024414062,,11552876.0
Kazakhstan,KAZ,2011,42.105092298605,43.7328431089715,40.2280707348752,33.6275673263709,26.7453560037492,47.3758305420236,19.7506603006201,50.6,147.90107255349,11287.1464926039,7.40000000144188,8.4529046617679,5.39,70.825,54.3996086425518,,28.0,17066002.0
Kazakhstan,KAZ,2014,53.9074167611571,55.585479220051,52.002460054142,44.7278943903279,31.6073086964324,61.3847039773783,28.0105349144909,66.0,160.502596360577,12427.7094576939,4.20000000566705,6.84944977003358,5.06,70.528,55.5524361787178,,27.0,17816285.0
Kazakhstan,KAZ,2017,58.6975351921172,60.2865501991765,56.8952602136394,48.8058881140531,36.8529530795689,66.051223262879,29.6436204728964,76.4267482325439,143.112796203246,8943.08416791984,4.10000000257358,7.44266321306792,4.9,70.23,57.4586448748837,,27.5,18651931.0
Kazakhstan,KAZ,2021,81.1084645196623,83.6291847733808,78.2886995212106,82.0833315825674,73.5476907712209,82.704823117903,61.8758413234567,90.9239507,123.943942754522,9983.60103576902,4.29999999729456,8.04147134028401,5.568,69.36,61.030254280267,,29.2,19743603.0
Kazakhstan,KAZ,2024,87.0486447464415,85.7420594770372,88.5002867646321,83.3413414717717,68.2685953956478,91.0544065298496,58.0864652855816,93.39167254,127.085151242164,14154.6324958076,4.99999999996936,8.69082156104494,4.833,70.587,62.072531584162,,,20592571.0
Kenya,KEN,2011,42.3434543670765,39.1788059462997,45.6456419128242,19.4351524972522,40.2718556058021,43.5345764436048,19.4357643211881,8.800000191,65.6730161546273,1096.14499807675,5.1211061197056,14.0224913014704,2.699,73.823,31.8673949025409,,,42758461.0
Kenya,KEN,2014,74.6578329382712,71.1344795524211,78.6579035966347,63.1689036916755,66.357001579969,78.8519523564681,64.1663781993738,16.5,73.0327455558393,1482.81566253497,5.02011100232484,6.87815499275949,2.767,74.173,31.7931545274563,,,46051440.0
Kenya,KEN,2017,81.5675646333189,77.7463652423197,85.8360953098291,70.4534812056124,76.0208923851573,84.1128946784081,67.4084939314,17.82710075,87.026530838819,1667.48447230835,3.83795817364721,8.00564967709945,3.542,72.306,31.5383650847102,,,49197766.0
Kenya,KEN,2021,79.1951576168317,75.3574331684213,83.2449956430141,67.4495100489251,78.9132255360758,79.3409683723805,61.0172451989758,26.96290016,122.297519656734,2061.35622089594,7.59048947333467,6.10793603659176,5.693,67.462,31.2879334021971,,38.7,53219166.0
Kenya,KEN,2024,90.1199173733613,86.5155344015748,93.8895090496553,83.8761640610762,89.8479263836567,90.2583549265903,81.6639771317455,34.97622513,126.477706000949,2133.46193404026,4.66019594571891,4.48978854243448,5.487,67.418,31.8937831721599,,,56432944.0
Kiribati,KIR,2011,,,,,,,,10.0,12.4612506439397,1771.12926848792,3.26372719532225,1.4974097987597,,,49.1228169536795,,,110647.0
Kiribati,KIR,2014,,,,,,,,12.25,26.0132147130742,1736.70535682101,1.26366268044595,2.10398520925043,,,50.3909308922385,,,115326.0
Kiribati,KIR,2017,,,,,,,,25.30960083,38.3479526086053,1854.3326920967,3.71200171622053,0.355520888546828,,,52.9734697275451,,,120275.0
Kiribati,KIR,2021,,,,,,,,67.08760071,40.9979980837689,2223.54147866465,8.44155844155846,2.05361676773907,,,59.6364645301985,,,128377.0
Kiribati,KIR,2024,,,,,,,,89.44029999,53.5244353915461,2550.98377226188,4.69613259668509,2.45545072159028,,,62.4620431275642,,,134518.0
"Korea, Dem. People's Rep.",PRK,2011,,,,,,,,,3.98440122856621,,,,3.516,82.088,60.4836230684404,,,25097874.0
"Korea, Dem. People's Rep.",PRK,2014,,,,,,,,,11.0014191044829,,,,3.509,82.051,61.0940947540873,,,25451262.0
"Korea, Dem. People's Rep.",PRK,2017,,,,,,,,,14.7573125097971,,,,3.498,82.094,61.8206076091402,,,25817709.0
"Korea, Dem. People's Rep.",PRK,2021,,,,,,,,,22.8723614729709,,,,3.692,80.711,62.926560562457,,,26232534.0
"Korea, Dem. People's Rep.",PRK,2024,,,,,,,,,,,,,3.539,82.162,63.8589748211522,,,26498823.0
"Korea, Rep.",KOR,2011,93.0468690333371,93.1078212640244,92.9825305056482,90.3472075047652,84.0877670311473,96.4027948789799,91.3696252672726,83.7591201534472,106.878306781378,26175.2398553363,3.6880320602952,4.0259650043609,2.992,60.636,81.9615408086376,,,49936638.0
"Korea, Rep.",KOR,2014,94.3608135378731,93.3800219621045,95.3912532961873,94.3518327652261,86.0883208023568,96.9373910404427,90.7330842473795,87.5568264944747,113.358579550833,30667.0912467447,3.21468019683108,1.27477446401322,3.082,62.277,81.7315682816954,,31.2,50746659.0
"Korea, Rep.",KOR,2017,94.8510126919781,94.6853096976853,95.017897318399,92.1491709735712,87.2897558772573,96.3916423536266,83.2835860546441,95.0694218761004,123.642066127533,33296.9845439195,3.433191763972,1.94433230786366,3.653,62.91,81.471030429984,,34.9,51361911.0
"Korea, Rep.",KOR,2021,98.6713470938187,98.6826236627064,98.661083532974,96.8873922317071,98.5713020707667,98.6898615229853,95.5551077428415,97.57132698,140.516382791931,37518.4635305697,4.61296795454287,2.49833333333339,3.639,62.55,81.1616526507785,,32.9,51769539.0
"Korea, Rep.",KOR,2024,96.8949448884961,97.1396146066269,96.6472206696843,94.1886846132518,98.3620851900303,96.6967806003776,87.409430015156,97.89563777,172.520241179065,36238.639908315,2.00361101838986,2.32174328643542,2.784,64.465,81.1682528469686,,,51751065.0
Kosovo,XKX,2011,44.3099657932493,31.4545371927825,57.2689500727158,29.8667345832811,33.5204346668176,47.6998333963134,26.3544588972781,,,3538.94809762524,6.31981022896761,7.3364177131527,,,38.0255184272137,,27.8,1791949.0
Kosovo,XKX,2014,47.8031509917874,36.3204432252445,59.4378124536199,40.2131104665528,41.0773743268488,50.2537584554504,35.869760178249,,,3902.49322261901,3.34880478431623,0.428957808324092,,,39.1938922761744,,27.3,1812788.0
Kosovo,XKX,2017,52.2733969184264,43.7180698911791,61.1476529798355,44.3333169052131,35.6076179023899,59.0169891592429,42.0702286220519,83.8935968102791,,4009.32022064732,4.82565565298054,1.48823430592319,,,41.7578065585746,,44.2,1791019.0
Kosovo,XKX,2021,58.0119595822062,47.3863963222594,68.8955137890973,51.8651462047837,44.0105189101346,64.0796281789919,46.5606439583865,,,5269.69946181439,10.7456560819583,3.35369139207997,,,46.4995789423362,,49.4,1786079.0
Kosovo,XKX,2024,64.1617721717113,59.7945017831686,68.7587019450215,66.6871161691135,41.414962009786,72.0350245353607,59.8441169843768,,,7026.6988128325,4.5730971681166,1.61944994559476,,,50.3214443938994,,,1594353.0
Kuwait,KWT,2011,86.7732440844811,79.6085367463391,92.7027696698949,84.0027166204907,73.606359596907,91.3138707482631,97.511487559724,65.7690706867398,157.499296159938,49169.6063813095,9.62863419534361,4.8394034987095,2.051,69.701,100.0,,,3132814.0
Kuwait,KWT,2014,72.9081838033509,63.9958130639865,79.299218086688,63.6726453139231,62.9038668124336,75.2526099600333,47.6981179619075,78.69999695,207.323653501069,44368.7813457751,0.500914669444924,2.90892672858625,2.9,71.845,100.0,,,3665876.0
Kuwait,KWT,2017,79.840151415174,73.4630112741805,83.3065231068536,70.8011561998131,70.2068658390927,81.3090145469794,27.793874295986,97.9999893344615,171.826095119125,29047.6536135703,-4.71222270495362,2.17183298510006,2.23,73.388,100.0,96.0400009155273,,4154812.0
Kuwait,KWT,2021,,,,,,,,99.7,158.646854136291,34018.6342592913,1.67213054307859,3.42362947609188,2.97,70.585,100.0,,,4360865.0
Kuwait,KWT,2024,74.4578561430281,71.4890462652269,76.0569953890037,63.6048709496818,77.7451281078115,73.8269027561549,57.3478608172479,99.74729919,,32855.7209688827,-1.47401818168846,2.89855072463762,2.151,73.559,100.0,,,4897263.0
Kyrgyz Republic,KGZ,2011,3.75726428765218,,,,,,,17.5,112.200710157323,1117.40174350185,5.95627429693504,16.6363262731495,3.644,63.299,35.2466507961984,,27.8,5546587.0
Kyrgyz Republic,KGZ,2014,18.4706012074649,18.9293582587294,17.9493979761019,12.1566909184591,11.6079266300328,21.4653939829527,5.40184127292159,28.29999924,128.230500927468,1264.52668823891,4.02403863083252,7.5342472977589,4.02,59.18,35.1455493029297,,26.8,5905848.0
Kyrgyz Republic,KGZ,2017,39.9420035215175,38.854997652462,41.1680547058167,35.6772203874343,26.9843316083768,45.5757607385239,24.4412593096701,50.80530167,136.137649413599,1221.39046807082,4.73993722377884,3.1753098637994,4.425,56.868,34.9980805726839,,27.3,6306696.0
Kyrgyz Republic,KGZ,2021,45.0948439820275,43.756073592119,46.5361891986624,44.089117812427,36.2434644282317,49.1118024675465,28.9362826040683,77.11769867,108.171654806063,1349.99730650542,5.50700762671923,11.9050398185147,5.149,59.025,34.7521210171204,,28.8,6851224.0
Kyrgyz Republic,KGZ,2024,72.2642375946654,71.235055996936,73.3780750915794,65.5888049897545,55.2359147507581,77.3597564375307,50.4794589409373,92.0286026,107.49229509732,2514.81066933171,11.5397119406559,4.99760701207323,3.491,57.475,34.7219977865937,,27.5,7221868.0
Lao PDR,LAO,2011,26.773455038368,26.1562106185042,27.4352370069442,20.6825259790928,22.9701926901038,28.4775254290265,21.9511077445815,9.0,85.2839686365553,1361.54704394913,8.03865268023725,7.5689885610998,0.96,60.547,31.2146877128668,,,6426590.0
Lao PDR,LAO,2014,,,,,,,,14.26000023,68.9014991708403,1981.03910900473,7.61196343979319,4.12924306873771,1.733,60.14,32.6638235172635,,,6703172.0
Lao PDR,LAO,2017,29.0564189178853,31.8742041052154,26.1158832832746,17.3703744457319,24.0013440344158,31.7267826721084,22.123666878042,25.51040077,52.8887895907566,2432.43059478511,6.8925308726989,0.825478607568026,3.268,59.782,34.5115346444216,73.7200012207031,,7018147.0
Lao PDR,LAO,2021,37.3200289962313,37.8537503564048,36.752762324394,22.8046668962888,26.3782243247712,41.92247799907,28.7249334424894,62.0,64.7101497693472,2526.05105018529,2.52835100486102,3.75562036658877,2.08,64.618,37.338778268357,,,7453194.0
Lao PDR,LAO,2024,37.6501969468659,43.5865025443192,31.7099790252873,18.2733611108504,30.239925568922,40.6962070470856,27.3433718636427,65.59269714,,2123.97909415109,4.13019264438475,23.1305695942588,1.174,65.989,39.5552154401406,,34.7,7769819.0
Latvia,LVA,2011,89.6588352190717,92.0485607289008,86.74364228434,84.5686192208254,78.857332939354,92.0734680171524,74.4199151251519,69.7499545592245,112.090589002306,12902.574053337,3.03634482668815,4.37073559939223,16.206,58.497,67.8266897008267,99.9000015258789,35.8,2059709.0
Latvia,LVA,2014,90.2182506306587,90.1720765989651,90.2753358201314,86.5140408436722,81.3141877154176,91.5901179069034,74.2597391773014,75.8261041383556,119.549742772481,15185.814581236,2.0949597710559,0.620490636732421,10.846,59.234,67.8686035364944,,35.1,1993782.0
Latvia,LVA,2017,93.222472302614,92.5424426411004,94.0785163694403,88.5241010892133,75.6994312905635,95.3644466021713,79.3880738215066,80.1140770037369,126.846989128969,15132.4958333982,3.39894872623931,2.93036312374665,8.715,60.786,67.9706866054779,,35.6,1942248.0
Latvia,LVA,2021,96.6187204898816,97.5525993090574,95.5109536329777,94.0558179569426,94.3280354636455,96.921654743027,90.9818101998532,91.17964988,114.644670333429,20261.8887788916,6.94254173062592,3.27582937431165,7.513,60.077,68.1808791463693,,34.3,1884490.0
Latvia,LVA,2024,94.9733099977296,95.4063945490497,94.4387277334092,91.6439398308994,89.6607631341789,95.5994893962903,85.6687002281525,92.70757011,121.262202363304,23578.9663562625,-0.0370556648288982,1.26579885828729,6.9,60.838,68.4839492628509,,,1866124.0
Lebanon,LBN,2011,37.0273272469961,25.8998130316937,49.3961390576377,18.0192948139593,22.7162906760581,41.8053895388897,23.1814502295227,52.0,67.8303852810625,7834.96257108993,0.86733987855277,4.97148571692384,7.352,45.22,87.8270813653079,,31.8,5096020.0
Lebanon,LBN,2014,46.9271356679437,32.9135588920898,62.4106925466266,28.3534236889575,29.7809488589804,52.2058514660426,32.6874925131696,73.0,69.1237106092809,7577.6413302369,2.48406010500743,1.8546042134091,8.84,46.594,88.4182574811842,,,6346990.0
Lebanon,LBN,2017,44.7514245200461,32.9054657752209,56.6898776571382,29.8943602928929,25.2793371214316,50.1567176111126,31.1919248493104,78.18080139,71.4122336418984,8608.21084982387,0.903028464073813,4.32135218303191,10.258,47.973,89.0519233886895,,,6160128.0
Lebanon,LBN,2021,20.7030978086648,16.5927162989733,24.6549355303988,12.8548567433176,7.87297527200517,24.0265608016933,15.5081553870459,82.65599823,74.9935205999452,4045.37391066234,-7.00123862514116,154.756096023393,12.715,45.518,89.965362045441,,,5718122.0
Lebanon,LBN,2024,23.0438575680739,15.3395918766117,31.0250951995699,17.553656509439,5.95816210399557,27.983060241432,16.1716133789038,80.63400269,,4473.27134441128,-7.07989192861814,45.2430422716718,,,90.703695784554,,,5805962.0
Lesotho,LSO,2011,18.4970245352396,16.8664293417893,20.2422583149585,7.09930705531889,13.8858751034977,20.5352363276308,10.6104754712406,7.0,61.1891009424486,1280.73390931581,4.61641394528752,5.0366305210156,16.115,66.4,28.6150355175921,,,2014009.0
Lesotho,LSO,2014,,,,,,,,22.0,102.821994635806,1173.5377928819,1.71054990545476,5.37028961008587,16.066,64.017,32.6404409096604,,,2080089.0
Lesotho,LSO,2017,45.5638157306439,46.4600602105747,44.604183295455,32.3939866275307,39.3502708187984,48.0336054032148,37.0619167845076,39.0,110.370078484639,1069.36673247542,-3.13817493733471,4.447699373763,16.379,60.243,36.5283648068846,,44.9,2157110.0
Lesotho,LSO,2021,,,,,,,,45.05670166,80.5368195682415,1066.58645143823,2.26670961833291,6.04774591950676,18.214,56.797,40.6551760851997,,,2261542.0
Lesotho,LSO,2024,61.5710444951092,60.4259618948848,62.9153027155964,,53.1560954312996,64.9069682591266,56.3537449556573,51.79660034,70.328049309004,1023.04227681523,5.22503380336101,6.10544624245032,16.34,57.421,43.6780334209246,90.4499969482422,,2337423.0
Liberia,LBR,2011,18.8014652359501,14.6839442690309,22.992349353381,,14.8213528251267,21.096155757876,10.485618493785,2.5,47.8690308724247,568.087865520004,8.20076822497064,8.488167518494,2.211,77.022,48.6583302770849,,,4221178.0
Liberia,LBR,2014,,,,,,,,5.409999847,70.6628167823582,706.714490064507,0.701393100287518,9.86111285574904,2.079,76.982,50.2198153156642,,33.2,4564293.0
Liberia,LBR,2017,35.7138396642468,28.162003842081,43.6553981483774,26.6030024951267,36.1373479515614,35.4797951848764,25.4956731545946,16.29999924,54.8575199657656,699.269095727404,2.45515592012239,12.4196323907138,3.067,76.91,51.7957569553849,,,4848925.0
Liberia,LBR,2021,51.6311457560752,44.1999602431587,59.3442079151881,42.1040693434882,53.9966215188893,50.3139996648635,42.8471732793079,26.38229942,31.429900768597,667.96610514319,4.98671283481617,7.81559385858648,3.844,76.339,53.9224618859098,,,5259323.0
Liberia,LBR,2024,52.2139331485699,46.2794636646139,58.1311446969649,43.0083046077259,49.764948329605,53.5715586437093,42.0683476020985,32.23360062,,851.497723870206,4.02185464964835,8.21497439118964,2.914,76.611,55.5387986654968,,,5612817.0
Libya,LBY,2011,,,,,,,,14.0,157.649061523019,7593.8391525702,-50.3385151384986,15.5184815317562,19.504,49.037,88.0970458984375,,,6343203.0
Libya,LBY,2014,,,,,,,,17.76000023,132.203934123012,8926.42074591474,-23.0428058282215,2.43294141599233,19.295,49.395,88.0142059326172,,,6427252.0
Libya,LBY,2017,65.6675223019684,59.6209608011448,70.6883414894674,58.2768530549326,52.579867937209,70.4598260812662,40.688141074774,47.5,89.333810176041,9965.83236729757,32.4918021862688,25.8036184788337,19.053,49.329,87.8166729870528,,,6738770.0
Libya,LBY,2021,,,,,,,,77.438797,195.117849246865,4935.82787349801,28.2996823429147,2.86833027751015,19.779,45.463,87.8365018271835,,,7135175.0
Libya,LBY,2024,33.1190908215163,24.6960239810713,41.4206818482174,30.0230794011172,19.3875296371763,38.1295677677423,20.8789801452244,81.95449829,,6569.16408678648,1.89995052025442,2.12615766885021,19.085,48.266,87.8854066107749,,,7381023.0
Liechtenstein,LIE,2011,,,,,,,,85.0,101.929969671905,158066.369379163,,,,,14.4099998474121,,,36312.0
Liechtenstein,LIE,2014,,,,,,,,95.20999908,109.388370153109,178735.153020908,,,,,14.4336985145967,,,37248.0
Liechtenstein,LIE,2017,,,,,,,,99.54660034,122.594451783355,170547.092298954,,,,,14.5144332791067,,,37962.0
Liechtenstein,LIE,2021,,,,,,,,95.56939697,126.070587030017,201944.830335076,,,,,14.6989159370696,,,39182.0
Liechtenstein,LIE,2024,,,,,,,,98.2641983,128.901429646351,220167.225473557,,,,,14.657584904886,,,40450.0
Lithuania,LTU,2011,73.7551986346894,76.0669404872985,71.0091696673918,69.3421638505837,43.9865947134226,80.2625581421975,47.4124417200139,63.6399774002179,163.043370593157,14261.8433787325,6.32363664821298,4.13027562645085,15.39,57.403,66.7518340055756,99.8199996948242,32.5,3028115.0
Lithuania,LTU,2014,77.906286510009,77.8780422725015,77.9407144674378,69.121413403753,33.3527000643706,86.889028283098,40.065086943319,72.1335378644566,145.49429149643,16446.1647181663,3.7725437958099,0.103758009433708,10.698,58.934,67.1514937628023,,37.7,2937253.0
Lithuania,LTU,2017,82.8838484978885,81.0138720639668,85.1218882792757,77.9344145568549,63.7655657202111,86.2464522075321,61.3320449052287,77.6152565124514,154.147985747777,16800.1510246099,4.61224310312809,3.72288862303707,7.073,60.612,67.1012954711914,,37.3,2842639.0
Lithuania,LTU,2021,93.5322396656764,90.3759802179306,96.9928262303786,91.3343081222424,92.0234037341272,93.7673968310488,74.0837038828211,86.93054425,133.357273318046,23882.8668916753,6.39481772930206,4.68354420903453,7.112,62.301,68.1912117004395,,36.7,2808380.0
Lithuania,LTU,2024,98.9947155941499,98.4001545389899,99.6487186965706,97.7831157645526,100.0,98.8802236321056,100.0,89.16116293,138.728835196967,29603.7772588256,3.03019543767596,0.715735835228723,6.851,63.104,68.8285833315315,,,2888278.0
Luxembourg,LUX,2011,94.5867980570835,95.3255455916229,93.748698854801,92.0444147521566,83.9841855165245,96.854426960703,88.899251115828,90.0298585646936,147.511878499915,119025.057203467,1.0442860057217,3.4106834106835,5.122,56.887,88.9562814837254,,32.1,518347.0
Luxembourg,LUX,2014,96.1686996656944,96.6916739481751,95.6369225110259,95.2390804660434,86.4730970920272,97.8029818668911,98.8719924482958,94.6702052774766,144.244165248014,123678.706919314,2.62308838097542,0.628543985440717,6.044,58.978,90.4577807676859,,31.2,556319.0
Luxembourg,LUX,2017,98.7678546822929,98.1774858001159,99.3469958323634,98.3172727357193,94.6870180220244,99.4580607765294,95.7268915512538,97.3629603241751,133.110922975046,110193.213797228,1.31711942298405,1.73079959118896,5.523,58.737,92.0963768119916,,34.5,596336.0
Luxembourg,LUX,2021,,,,,,,,98.66086333,136.87108956478,134965.815442152,6.92973270801744,2.52692009066166,5.571,61.482,94.5861743396533,,32.7,640064.0
Luxembourg,LUX,2024,,,,,,,,98.7606147,,137781.681659123,0.358614003982225,2.05113269954859,6.4,61.764,94.8438702866393,,,677012.0
"Macao SAR, China",MAC,2011,,,,,,,,60.2036967182195,235.079295314897,67046.7284292101,21.6223064381087,5.80624616691043,2.56,70.867,100.0,95.6399993896484,,549600.0
"Macao SAR, China",MAC,2014,,,,,,,,69.7809492200465,304.184963559144,88355.3181764446,-2.03874227961819,6.04823452094076,1.67,71.403,100.0,,,621700.0
"Macao SAR, China",MAC,2017,,,,,,,,83.1740890688259,316.601552229203,77570.9876166977,9.91855844513513,1.22812404052809,1.981,69.862,100.0,,,648400.0
"Macao SAR, China",MAC,2021,,,,,,,,88.46810492,183.574788091048,44884.8961602393,22.4622020023362,0.0264543647055504,2.221,68.924,100.0,,,682500.0
"Macao SAR, China",MAC,2024,,,,,,,,89.82640076,201.136947388589,72004.7437020733,7.84960207010525,0.672498598854365,2.262,68.278,100.0,,,687000.0
Madagascar,MDG,2011,5.52322253357914,,,,,,,1.899999976,38.0363591750174,506.163691559309,1.57842705366555,9.48254048582992,2.516,86.434,28.1336807024963,,,22822300.0
Madagascar,MDG,2014,8.55133873697858,,,,,,,3.700000048,39.2252725571455,505.684922503435,3.33920311195367,6.08040811088302,1.385,86.16,28.9185894345838,,,24764348.0
Madagascar,MDG,2017,17.8678713278643,16.3149681646849,19.6076369071805,12.342991841101,17.6596763841958,17.9607209131886,13.5084519394519,6.406000137,32.5906255978573,491.866848718929,3.93330759462793,8.60905075422949,2.123,85.647,29.671033028335,,,26788375.0
Madagascar,MDG,2021,,,,,,,,13.74590015,53.9177233784298,483.469463351195,4.65068343174309,5.81225118787715,3.498,85.032,31.1137123216036,74.6900024414062,36.8,29691083.0
Madagascar,MDG,2024,24.4501397197571,20.2965184252509,28.9510608133895,14.1117475374701,25.4271302190902,23.9229385214997,16.6835993474644,18.67790031,,550.37875528856,4.32283728087992,7.61335784313723,3.051,85.475,32.4339893339844,,,31964956.0
Malawi,MWI,2011,16.5406103840842,16.8824413712152,16.1718470814139,10.8707017805745,10.2690621269804,20.1535709155575,11.8790992643926,3.33,25.8864481164849,763.061000394572,4.93266999813729,7.6228226284852,4.829,73.38,15.5523153908723,,,15265022.0
Malawi,MWI,2014,18.0924195504843,13.9797515741417,22.4683488896562,9.35595314670024,12.0893647711716,21.4763978681883,12.4742097838875,5.829999924,33.8868400746068,529.5133440206,5.62527000105139,23.7920649469687,4.967,68.636,15.766154187056,,,16621538.0
Malawi,MWI,2017,33.7139337223883,29.8454895523361,37.942111290486,21.2052813716203,31.2785653215085,35.2345758108733,25.3524408225976,7.0,43.0855088342582,495.769683367165,4.00000000089172,11.5433939188771,5.046,63.467,15.9634281867266,72.8266778164735,,18039715.0
Malawi,MWI,2021,42.7078088726996,38.1372666808747,47.7499110078036,33.0939710526603,34.7924671920512,47.460203175356,33.3156998960915,15.30300045,59.5599408158462,617.446994451007,4.55829212016083,9.33014410835212,5.652,62.931,16.4881925800694,,,20047258.0
Malawi,MWI,2024,50.3696725002439,46.2797708427249,54.8354765985818,38.0829684230523,47.7891538237362,51.9133940718325,43.3106836276267,18.96159935,69.260530662121,522.365366146003,1.6734340852915,32.1796504225025,5.051,62.926,17.268503531213,,,21655286.0
Malaysia,MYS,2011,66.1738110531964,63.0964719216178,69.2193780332553,47.8114687390697,57.0914584162813,70.1204263282883,39.7251597993199,61.0,125.715832147402,10217.1068585031,5.29391283414003,3.1744709215131,3.05,61.937,71.4245166681964,,43.6,29162039.0
Malaysia,MYS,2014,80.6746217746032,78.091298691164,83.0129788866595,75.2771611992484,76.1996175813006,82.1775036732471,58.5993718096595,63.6654258813225,146.3656485505,11013.3107334403,6.00672194558203,3.14299050879095,2.88,64.962,72.9802206910773,,,30696137.0
Malaysia,MYS,2017,85.3437476207774,82.4785366568756,87.9162881853072,80.5045468350328,84.0581559912771,85.8170390089349,69.990157142315,80.1404790103961,130.853522804244,9862.54806612235,5.81272240983328,3.87120115774237,3.41,65.202,74.2354806421432,95.0800018310547,,32355644.0
Malaysia,MYS,2021,88.3748841160555,87.5146527341944,89.2317012460191,82.9814604470249,74.2709398110853,92.5143702813636,71.6734369523292,96.7514278,137.684938559871,10903.1037480772,3.31534954399166,2.47710241465447,4.64,65.619,75.5088628191907,,40.7,34282399.0
Malaysia,MYS,2024,88.6918012421116,88.2264701684302,89.1413579480248,82.0441782944544,87.0831218872377,89.1171379088022,74.4397136763991,98.0206059,139.664651283564,11874.4273684245,5.10545921024041,1.834100204499,3.846,66.107,76.9170296648992,,,35557673.0
Maldives,MDV,2011,,,,,,,,34.0,141.955019616029,7424.520410971,8.84342600490342,11.2734146055937,10.043,53.477,37.1274623517731,,,373674.0
Maldives,MDV,2014,,,,,,,,49.27999878,160.974524741488,8939.07416571472,7.86068643108074,2.12000175718134,7.461,55.532,38.1938859868107,98.6100006103516,,413617.0
Maldives,MDV,2017,79.546409464789,74.1815888482305,85.4688374776546,71.4076643794785,67.1353871912443,84.1351623287866,72.0899213763901,64.95500183,196.409673414258,10509.628805812,7.07442863215275,2.81747338234509,5.377,59.181,39.32787719143,94.5100021362305,,458287.0
Maldives,MDV,2021,,,,,,,,81.95760345,136.789214071769,10176.143882547,37.507870124321,0.543149688737013,5.016,59.784,40.7398648710483,,,516154.0
Maldives,MDV,2024,,,,,,,,85.23999786,148.137074909198,13379.3513577224,3.49440422654285,1.41093527910134,4.278,63.204,41.9982152717385,,,527799.0
Mali,MLI,2011,8.21385340194332,,,,,,,2.2,65.7107159010821,938.292902579598,2.93537897118415,2.95564395229392,1.403,70.464,23.6379674039304,30.6200008392334,,16469049.0
Mali,MLI,2014,20.0760415365477,14.6888660906436,25.6376898460865,15.3577476859921,15.7068319565877,22.2612003108043,16.6113299844716,7.0,130.439571178385,947.915033293219,6.50263878386326,0.883814547137841,1.476,70.617,25.2656728660325,,,18020267.0
Mali,MLI,2017,35.4166789259965,25.7119213045661,45.457596901003,31.2610829467133,32.8938600659175,36.7281677232724,28.3855658544962,18.89999962,111.210305187838,924.057531692284,5.37554769647939,1.75985742927165,1.498,69.159,27.0646702892896,,,19813011.0
Mali,MLI,2021,43.5009858331426,41.2116643517937,45.9278379762988,37.5125069280803,41.3040160748489,44.6873606551652,38.5670824162883,33.95650101,108.693122357196,1027.27345365357,3.10094124463507,3.92560283104277,4.006,66.766,29.7049638253978,,35.7,22388630.0
Mali,MLI,2024,54.7454806007539,45.6045965708999,64.185279812671,45.4853738151214,45.8003632624057,59.6893977013427,48.7312464777965,36.80149841,,1093.2523323649,5.01653579205785,3.2063986409966,2.924,67.173,31.6075621182225,35.6300010681152,,24478595.0
Malta,MLT,2011,95.270072697356,94.0702447128931,96.568583025451,94.8596877070873,88.704188140531,96.6174051291039,92.2548819841719,68.0198237885462,122.871784244091,23516.972445816,0.992201768011597,2.9629852819288,6.388,51.382,94.3155916422812,93.3099975585938,29.1,416268.0
Malta,MLT,2014,96.3279933898328,95.6164647426045,97.0911055171523,94.6181681496544,87.3188679182607,97.384853239482,90.9296730096944,73.1141157845193,125.718724466898,27424.5693619702,7.6313628225042,0.310306472181665,5.737,55.172,94.412512773898,,29.0,433481.0
Malta,MLT,2017,97.362910338036,96.9646608812829,97.7760378745971,94.656338953329,97.4538097567148,97.3468359887329,97.7286664955199,81.0119110762945,129.249073523943,30317.2611769875,12.9713425287845,1.36435448150708,4.008,57.657,94.5691806330314,,29.2,467106.0
Malta,MLT,2021,96.446811059552,95.3260768262779,97.5652689761347,93.3451681120073,94.4362050360633,96.7605593689434,93.3743005410318,87.46977742,123.941408455002,38078.0064279067,13.3509818925498,1.49789217934724,3.754,62.413,95.5145343617045,,31.6,518150.0
Malta,MLT,2024,96.5581295334766,96.0512328002859,97.0301617715661,93.4254898314504,96.1067053120617,96.6148861570087,88.2447080502285,93.86029816,142.070062100751,44023.6341078148,6.21275996991034,1.65079469283109,3.1,64.164,95.6546264490509,,,568847.0
Marshall Islands,MHL,2011,,,,,,,,10.0,,3319.39815439151,-0.502512562814076,,,,73.8553711172585,98.2699966430664,,51907.0
Marshall Islands,MHL,2014,,,,,,,,16.79999924,31.126998152462,3735.23977829545,-1.25958378970427,,,,75.0790555372177,,,49796.0
Marshall Islands,MHL,2017,,,,,,,,38.70119858,34.3871563970857,4592.83457628576,3.55815188528943,,,,76.2253071645634,,,46529.0
Marshall Islands,MHL,2021,,,,,,,,63.97259903,38.6781734232601,6315.31172190393,2.15939339067452,,,,77.6163157431143,95.7629302411191,,41367.0
Marshall Islands,MHL,2024,,,,,,,,65.915802,,7590.28443592202,3.30188679245282,,,,78.7325660244112,,,37548.0
Mauritania,MRT,2011,17.46181510476,12.0874266736437,23.3032708309458,,10.6622418571005,20.8246941110495,10.6370300574848,4.5,94.6316258570616,1931.19975525465,4.17278328304418,5.68631959575954,9.976,43.754,47.1350407023691,,,3502811.0
Mauritania,MRT,2014,22.8658821638402,20.9950786318854,24.8403225776074,,14.7082173550953,27.156758835387,17.9981747468088,11.80000019,97.5267336951353,1718.97089374709,4.27482327130284,3.53436856147324,10.026,42.567,50.4694791226856,,32.6,3848514.0
Mauritania,MRT,2017,20.872506347802,15.4872776663314,26.2859279064451,,13.0964713043527,24.7897919909688,14.443876076282,21.01720047,96.7595354581295,1617.93401542267,6.27054569386574,2.25427651934813,10.336,41.102,54.1970448502004,,,4210600.0
Mauritania,MRT,2021,,,,,,,,35.63660049,137.540323142707,1947.47413907209,0.7427154981402,3.56516484650185,11.131,40.703,57.901535141641,,,4734874.0
Mauritania,MRT,2024,27.3142609920985,24.6801310105525,30.2658938456615,24.3259402241594,20.9447581646237,30.5638864376142,21.3184896184446,45.77939987,92.0748946443443,2104.54260769051,6.3076021190402,2.49164347481972,10.257,40.896,60.6068586411829,,,5169395.0
Mauritius,MUS,2011,80.1232107704602,74.7327361658089,85.8156387778478,69.495271047511,73.1306574272786,81.8305521343898,73.8234515838732,34.95000076,100.608971543233,9324.24232310496,4.14555262561014,6.52249254869341,7.447,58.426,40.1665923228716,89.25,,1252404.0
Mauritius,MUS,2014,82.2082721727861,79.9984975957715,84.5860494320222,71.954805138031,69.1465860992928,85.4274776181902,76.2594871802238,44.8032753683379,127.86328226284,10490.3315563853,3.85773905280689,3.21769191994684,7.467,59.973,39.7887571971735,92.4700012207031,,1261208.0
Mauritius,MUS,2017,89.8425267240129,87.1129483939197,92.7059713938473,86.318980642992,79.439923228153,92.4187975110181,88.3541019717525,55.4032403002657,142.524532117413,10986.7034093005,3.95441730960265,3.66699702675925,6.752,59.887,39.4499348663789,,36.8,1264887.0
Mauritius,MUS,2021,90.5263443555157,89.4044601586197,91.739716010368,90.5511382693384,83.6217327569151,92.3256230218352,85.1820047873777,71.59999847,154.053185977432,9177.71195973013,3.33809084057279,4.02852888157376,7.719,52.584,39.077147315722,92.9800213334339,,1266334.0
Mauritius,MUS,2024,89.5984480347546,87.44277026075,91.7832047664155,86.3341061612645,89.7825430569018,89.5622247667172,84.0962831484244,73.30793533,172.68356921857,11990.9355434317,4.94844235250574,3.6045220384796,5.548,58.664,39.0162147027917,,,1245779.0
Mexico,MEX,2011,27.4293831561048,21.9658799677223,33.1920930160886,13.3658258922716,28.5709103424221,27.0201587108708,13.4002450555989,37.1762954125184,82.0725244522242,10664.4944032313,3.44404505297089,3.40737824605742,5.175,60.526,76.5667802279537,93.5199966430664,,115243504.0
Mexico,MEX,2014,39.1408431572041,38.8981842866508,39.4000760623419,29.3630324062579,32.0600603809052,41.6840807111367,30.0333848606459,44.3856962723411,87.6144646415609,11391.3773503964,2.50376350783593,4.01861608078679,4.819,60.476,76.9741367091766,94.5599975585938,48.9,119784261.0
Mexico,MEX,2017,36.0417666941178,32.8661862616389,39.5818529586562,25.2140567561876,31.3209505120234,37.6741048705148,24.4810995306486,53.0317886110982,92.6493518556478,9649.27816729586,1.87172854648381,6.04145724018986,3.419,60.209,77.7206924598541,94.9700012207031,,123400057.0
Mexico,MEX,2021,,,,,,,,75.62650476,99.09481491263,10314.0506733708,6.04848347173572,5.68920847683753,4.019,59.925,78.9324007418057,95.6890981310362,,127648148.0
Mexico,MEX,2024,53.0320833316729,47.4017009910959,59.1387643464686,39.604436945858,44.6702387701333,55.4321327132819,35.2367921698715,83.12233799,116.486713265167,13988.0423745241,1.35057631384696,4.72225588452932,2.678,61.635,79.7538805976118,95.5500030517578,42.6,130861007.0
"Micronesia, Fed. Sts.",FSM,2011,,,,,,,,22.79999924,25.6272168471095,2859.8488365615,3.78151260504202,5.08259403890371,,,22.2914664135472,,,107698.0
"Micronesia, Fed. Sts.",FSM,2014,,,,,,,,29.64999962,,2915.23672460238,-2.56410256410257,0.650284891767944,,,22.3046193122479,,,108396.0
"Micronesia, Fed. Sts.",FSM,2017,,,,,,,,35.30410004,21.1123391273372,3297.37580036719,2.07468879668049,0.58225373525489,,,22.332401189542,,,109481.0
"Micronesia, Fed. Sts.",FSM,2021,,,,,,,,,19.7090231491436,3508.22314197664,3.09969928290539,3.19128406597466,,,22.3928762855411,,,111624.0
"Micronesia, Fed. Sts.",FSM,2024,,,,,,,,39.52360153,,4251.69052668788,2.30132923576443,,,,22.4562830235421,,,113160.0
Moldova,MDA,2011,18.066321545044,17.1713945638772,19.0943808921538,9.73867003222091,17.3669791424211,18.2787666050978,4.01648636951647,32.06999969,90.4419573908726,2941.36224066021,5.81816614684824,7.68725103356181,2.677,64.395,39.3469161987305,,30.6,2860699.0
Moldova,MDA,2014,17.7557472362564,18.9757199817063,16.3993597719248,11.0780323647724,12.2383694632552,19.4436687274862,2.17939411129282,66.9999982002077,111.829207986696,3289.95758568777,4.99962585407656,5.08878554625869,1.45,69.265,39.6298484802246,99.3600006103516,26.8,2857815.0
Moldova,MDA,2017,43.7856520895532,44.5514456684189,42.9407999194119,31.5098100189025,39.1900826068307,44.7852506019621,21.6605878122682,71.76709747,117.321043357799,3453.26727720294,4.17561205106279,6.57022997455604,1.622,68.331,39.9736557006836,,25.9,2755189.0
Moldova,MDA,2021,64.2455175635428,62.9240254361984,65.703445692153,54.4318833678009,63.8843771930339,64.3238847850133,39.9513794576381,74.91899872,128.983642317657,5274.60582195352,13.9299997889786,5.10641129002836,0.794,72.51,41.8115425109863,,25.7,2595809.0
Moldova,MDA,2024,55.544249263449,54.547891632053,56.690862731554,43.5496377819456,58.9612387740146,55.0742263594183,38.4001319181705,77.3687973,120.083487069521,7578.90216348853,0.270670455512573,4.67773516007048,1.427,72.159,43.516471862793,,,2402306.0
Monaco,MCO,2011,,,,,,,,80.30000305,93.6457903729453,179364.009524397,7.02235694617619,,,,100.0,,,33946.0
Monaco,MCO,2014,,,,,,,,92.40000153,93.2102524357839,195693.519540544,7.18702777537968,,,,100.0,,,36128.0
Monaco,MCO,2017,,,,,,,,97.0530014,87.5258771697011,170663.470051177,-3.20618323813213,,,,100.0,,,37678.0
Monaco,MCO,2021,,,,,,,,99.07759857,97.1422638668985,223823.327192464,22.2322155851208,,,,100.0,,,38527.0
Monaco,MCO,2024,,,,,,,,99.04489899,107.400792109963,288001.574856495,8.51053758860212,,,,100.0,,,38631.0
Mongolia,MNG,2011,77.7170918230085,82.3649984981069,72.8418451903559,70.8897325035612,73.3515614513386,79.8451403909673,53.5521794090237,12.4999911084745,107.181059165519,3736.04201455077,17.2907775869555,8.41121495327101,4.769,59.805,67.9196058798676,,33.9,2786317.0
Mongolia,MNG,2014,91.8217819219364,93.2062125337307,90.2977658779805,89.1090497920642,93.0465502155744,91.3986004268506,77.7269207809817,19.9424474349209,103.920441847843,4126.23975800524,7.88522548204762,12.2539808129759,4.798,59.643,67.9941357229626,,32.0,2963113.0
Mongolia,MNG,2017,92.9711716043363,94.9537949373739,90.8124422079579,90.594433010462,84.2399142248584,95.9744281814367,85.0011324968522,23.71430016,125.18399904135,3645.96708669551,5.63687638694772,4.30143105302342,6.359,59.138,67.9260583223672,,,3148917.0
Mongolia,MNG,2021,98.4550191343593,98.9679816875415,97.8887352506416,98.2881157724626,95.4488588203154,99.2140394768871,96.5344670696413,81.60682285,140.352142155192,4517.61578018785,1.63676957736662,7.35894657888155,7.871,61.199,69.2153244018555,99.2143568969301,,3383741.0
Mongolia,MNG,2024,98.2787007982729,98.9739436798409,97.5086522078017,97.3968423935397,95.862287532359,98.8850129423358,95.1893884267782,85.12349701,140.670025377351,6750.6301157724,5.12204539122661,6.1977990165842,5.158,60.312,70.9566040039062,98.6399993896484,,3524788.0
Montenegro,MNE,2011,50.4380175207008,48.9286050230458,52.1508934480477,42.2766058604209,29.0152761457109,56.2276901970249,28.7203242617255,35.6115412460109,183.204359810839,7265.51771176628,3.40978812497193,3.4501431124869,19.759,48.268,64.4210914835811,98.4400024414062,30.8,620345.0
Montenegro,MNE,2014,59.8260088429335,57.9082308088156,61.8943948720518,46.3960880014203,41.3445997354087,64.3957228904038,34.7294214029851,63.8868840056697,160.490358344882,7342.17147363741,2.37030892464516,-0.710514051710227,18.054,51.638,64.7232143772459,,38.8,623744.0
Montenegro,MNE,2017,68.3617939985301,67.572241335707,69.1868666918725,60.2747107537242,41.0679396493127,74.3745985804736,43.1782273245578,71.2723325399382,168.464830660169,7674.2856571219,3.21668504736274,2.3802359905313,16.082,52.64,64.9992438680584,,36.9,625982.0
Montenegro,MNE,2021,,,,,,,,82.21969752,185.488473149833,9315.86435643142,13.0462607426359,2.41080198403165,16.543,48.102,65.3266031317675,,34.3,625053.0
Montenegro,MNE,2024,75.4116297013886,73.3747524585654,77.5678116655159,66.7159776755659,33.0973747292986,84.6434721782593,41.9977774580032,88.88258428,221.687322527444,13270.1824401005,3.16409886329913,3.33675009282281,13.206,58.234,65.5422314706266,,,623525.0
Morocco,MAR,2011,,,,,,,,46.107482597,111.063715196143,3301.98876953125,5.52464523319847,0.9069249096918,8.91,49.16,58.902576690412,67.0800018310547,,32912588.0
Morocco,MAR,2014,,,,,,,,56.7746379160074,128.971839608382,3435.40698242188,2.7192440802029,0.442310053557048,9.7,48.06,60.3030486171654,64.2600021362305,,34204780.0
Morocco,MAR,2017,,,,,,,,61.7622120123071,123.894319060738,3296.52661132813,5.05789816173446,0.754663249323619,9.22,45.5,61.2761057031842,,,35446392.0
Morocco,MAR,2021,44.3728342386603,32.7023454022166,55.9659124959695,33.932914882804,35.896599520017,47.3234729472657,36.9131367453721,88.13031937,138.911268095998,3785.93627929688,8.15473889823681,1.40195883962006,10.551,45.3,62.3173276600289,,,36954442.0
Morocco,MAR,2024,44.3863291468524,34.6828902547469,54.6311625939388,41.2388909006007,30.2073749271661,49.0369063566401,38.9193875691187,91.2,153.057260079672,4153.1943359375,3.79336515978963,0.985256592004507,9.103,44.129,62.7998124018197,,,38081173.0
Mozambique,MOZ,2011,,,,,,,,4.599999905,33.216339150187,618.17649286789,7.13405842300445,11.1666056127874,3.295,81.628,31.2062230032794,,,23649039.0
Mozambique,MOZ,2014,,,,,,,,6.0,71.6701472266196,697.142680444123,7.70256844839309,2.55974875844295,3.377,79.721,31.8972245802342,,54.0,25788475.0
Mozambique,MOZ,2017,41.6701037933311,32.8739478380401,51.0665535974972,26.8005233195254,44.6341988607835,39.8059055774187,34.6136347208568,7.7963266079129,42.1619694080105,470.93856305196,2.63820737310658,15.1132073899384,3.935,78.983,32.6274411492675,60.6599998474121,,28166393.0
Mozambique,MOZ,2021,49.4927479032385,38.6894724403886,60.9973688777854,34.4836364757777,49.4260790690771,49.5318539089583,39.1147091164726,16.35759926,43.1636190464176,509.907829475551,2.37743572761507,6.40847652975692,5.413,78.074,34.4499259401554,,,31707800.0
Mozambique,MOZ,2024,54.38528750107,45.4883633087181,63.3549962118332,35.307869498617,49.9572794656422,57.0965844620411,45.6654822603826,20.52729988,49.5047696961223,656.976148587772,2.14892499135355,4.07856834812022,6.668,78.783,36.4332337447237,,,34631766.0
Myanmar,MMR,2011,,,,,,,,0.98,2.51643773692417,1213.62898703376,5.59148237823661,5.0214601462073,0.749,65.274,29.2724765136213,,,49419820.0
Myanmar,MMR,2014,22.7841949800561,17.4002152787276,28.5966681035584,19.3538986943543,13.4552226479083,25.9824919690495,20.740378725817,7.400000095,57.2778336231227,1293.00042298688,8.16990745558277,4.953299184844,0.763,64.84,29.6164342116462,90.3600006103516,,50681634.0
Myanmar,MMR,2017,25.9922979704419,25.9787109102086,26.0077104850945,22.5439827224447,11.262610678073,30.8419114283835,23.6065378851721,23.621081950267,92.3917955157784,1272.82241830603,6.13610824360305,4.5725365531752,1.356,62.023,29.9051727703437,,30.7,51894938.0
Myanmar,MMR,2021,47.7910290706127,46.1505017519645,49.5221410770618,32.9858552258564,55.6807974487462,44.3829651969977,26.2498362882035,,127.240645128106,1242.72134419599,-12.0163724829177,,4.34,55.191,30.2368812529698,,,53387102.0
Myanmar,MMR,2024,,,,,,,,,114.329042129489,1359.05001560107,-0.97204641363362,,2.887,55.129,30.4499084074136,,,54500091.0
Namibia,NAM,2011,,,,,,,,12.0,102.24430130572,5834.7917675794,5.09133813864338,5.005595180812,19.481,57.252,42.6276075621535,88.2699966430664,,2146325.0
Namibia,NAM,2014,58.833897653755,56.7664063463879,61.1233700389989,40.7007754246942,42.1228619788364,67.3533654457221,42.9653607929672,14.84000015,115.5200011764,5378.32326241205,6.09251915977956,5.35016966859602,18.521,60.825,44.8214248210559,,,2312139.0
Namibia,NAM,2017,80.6334990865415,80.6626754349623,80.5999484101524,70.4174204336217,76.4894911368342,82.8584372982152,73.4736404511062,36.83739853,106.914765245509,5143.96072323076,-1.02724808856709,6.14579981111164,21.748,59.668,46.8135799686288,,,2506853.0
Namibia,NAM,2021,71.3463883283129,69.3141073299826,73.6681622964864,56.3812129353661,55.6114643570244,79.206614342542,61.2900805444859,60.25999832,103.727351391971,4412.8355693052,3.60382919248703,3.61690530108814,20.931,56.482,49.0571881483796,,,2810548.0
Namibia,NAM,2024,72.9187672893525,75.0382248106692,70.659277654642,59.9327543605384,59.1272853414265,78.6315750867438,64.6481060578176,64.87460327,85.1648988113055,4501.84849548225,3.77851723267591,4.23903922877036,19.157,58.871,50.4088030252155,,,3030131.0
Naoero,NRU,2011,,,,,,,,54.0,66.3497722321252,6444.03642094634,14.7058823529412,0.3003003003003,,,100.0,,,10098.0
Naoero,NRU,2014,,,,,,,,,,9230.05440328927,15.8415841584163,,,,100.0,,,10742.0
Naoero,NRU,2017,,,,,,,,62.38510132,88.3080183680678,9656.97976571484,-6.34920634920609,,,,100.0,,,11324.0
Naoero,NRU,2021,,,,,,,,80.29499817,85.404389785635,12748.1701249353,7.75193798449692,,,,100.0,94.6337926033357,,11709.0
Naoero,NRU,2024,,,,,,,,83.01170349,,14048.163961344,1.44927536231899,,,,100.0,,,11947.0
Nepal,NPL,2011,25.3085584745673,21.219607473656,29.5582462160762,14.4370063211313,23.6472341845886,26.5681686822679,18.9749796289485,9.0,48.6245149828721,785.518656222132,3.42180870116162,9.2270754612596,10.627,40.835,63.139949798584,59.6300010681152,,27464494.0
Nepal,NPL,2014,33.8013508598438,31.2665024443608,36.7244769569864,24.1349127512331,25.4208928857927,37.3387872910059,29.6195779620282,15.43999958,83.1925129650984,821.455224911731,6.01148284250441,8.36415469659563,10.62,40.339,64.5640847098488,,,27672370.0
Nepal,NPL,2017,45.3855766488135,41.6000219056237,49.9813377133243,37.9215298380233,39.3352589394849,47.7248654968034,41.8446138808701,24.3,128.863887512657,1034.28374906846,8.97727935643466,2.77703998300211,10.66,39.915,65.5768928085184,66.8653947551556,,28011258.0
Nepal,NPL,2021,54.0026922540655,49.9032744022651,58.6104753881621,44.5530382327407,42.2324381377752,59.0206262198598,51.00333589167,40.98910141,129.645418271275,1252.75076731986,4.838149614115,4.12676744440695,12.241,39.513,66.144235274522,,,29475010.0
Nepal,NPL,2024,59.9911157064883,59.7778342772083,60.2270903422122,53.0095282322869,39.1164572624061,67.3720985352467,57.0633060524272,46.32189941,99.8471420273964,1460.28237984149,3.67787459697703,4.6850965426577,10.5,39.313,66.772343163029,,,29651054.0
Netherlands,NLD,2011,98.6585293909719,98.3997399011006,98.9706063198858,99.5108967365769,99.8135964707682,98.5258134875167,96.3133240155855,91.4199957622284,117.673977365337,54701.7728030611,1.77330320575034,2.34107017751373,4.977,66.385,88.0059204972573,,27.8,16693074.0
Netherlands,NLD,2014,99.2956044820837,99.1763599315311,99.4192412350305,98.9560853563287,99.149346674602,99.3231642276846,100.0,91.6666666666667,114.867279906758,53457.2234864322,1.61255885112396,0.976035079699679,7.419,66.158,89.8364787097165,,28.6,16865008.0
Netherlands,NLD,2017,99.6376135898125,99.832702553545,99.4386962430292,99.7885418726685,100.0,99.5788327758384,100.0,93.1972789115646,118.57673269471,49513.6817346384,2.78150834679987,1.38145871407216,4.837,66.126,91.1219700676602,,28.5,17131296.0
Netherlands,NLD,2021,99.7331679359432,99.4745092687439,100.0,99.3316268349487,98.1791815156732,100.0,100.0,92.05298013,123.447849713072,60141.9880911492,6.27683593745216,2.67572008805385,4.209,66.534,94.6294783220315,,25.7,17533044.0
Netherlands,NLD,2024,99.171512250031,99.2546198217458,99.0871076242509,98.2593267814023,100.0,99.0348763932815,95.8856565393996,97.00679779,128.538765867661,67465.3208126875,1.07383137319854,3.34754304219953,3.7,67.462,95.6396517079336,,,17993485.0
New Caledonia,NCL,2011,,,,,,,,50.0,85.2807989705226,38835.9401851385,,2.42899693753383,13.988,64.271,66.726209122213,,,266543.0
New Caledonia,NCL,2014,,,,,,,,70.0,86.4435467812136,37816.9558599295,,0.178851060785511,14.59,63.898,66.7846387072769,,,281224.0
New Caledonia,NCL,2017,,,,,,,,82.0058408035186,,32354.7102832901,,,11.676,60.205,66.9683393293094,,,283546.0
New Caledonia,NCL,2021,,,,,,,,,91.1596204954876,35311.5543551452,-2.0999999972552,,11.574,57.367,67.4130776539646,,,285214.0
New Caledonia,NCL,2024,,,,,,,,,,29213.1923192946,-13.4999999989747,,10.991,56.883,67.9514695585577,,,292639.0
New Zealand,NZL,2011,99.4367277363996,99.4483043935313,99.4239466928121,99.3769344790514,98.6689064355143,99.6058193200287,100.0,81.23000336,109.977867524585,38425.829997974,2.1445004445998,4.0279066739204,6.491,67.902,85.8233151875134,,,4384000.0
New Zealand,NZL,2014,99.5255333185924,99.2229142810099,99.8644258375837,99.3618735426158,99.097340997763,99.61401797849,97.1831399401637,84.0,112.757443483648,44599.8992733675,3.81933619307242,1.227507505974,5.428,68.309,85.5076659530411,,,4516500.0
New Zealand,NZL,2017,99.1784474064007,99.3407765046798,98.9938936356366,98.9674298172251,96.1759833701553,99.8009374421281,100.0,87.69999695,132.980049668049,42912.1537002148,3.31568621648204,1.85078767452536,4.736,70.48,84.1701025874108,,,4813600.0
New Zealand,NZL,2021,98.7523814505022,99.2437470303567,98.2310978111708,96.8748591439632,94.4629284425131,99.5392849925105,96.528346885487,91.99060059,114.454714130458,49902.154346032,4.29916005216614,3.94112060778728,3.776,70.396,83.8299382585905,,,5084600.0
New Zealand,NZL,2024,97.8647563722742,98.5351611403082,97.163339063554,96.8077986231673,95.3846736959617,98.3551454896411,96.492125506117,93.51930237,130.093457083544,49432.3626396797,-0.868722371893952,2.92279782301957,4.724,70.553,83.9370658833132,,,5290000.0
Nicaragua,NIC,2011,14.2183321368881,12.815075599834,15.7030307281398,5.20058186703489,8.27434960898691,17.1290139621659,6.34036781626239,10.6,82.8921073212797,1679.71192084633,6.31668553491842,8.082387980991,6.613,63.966,57.0362425004184,,,5819051.0
Nicaragua,NIC,2014,19.4384840411032,14.4263241018953,24.713397803912,8.83848340404635,11.1357122050725,23.4121493197306,7.98693299858752,17.60000038,116.506541177339,1958.37047579547,4.78546013589983,6.03596861798425,4.52,64.971,57.6222653742564,87.327180649097,46.2,6066492.0
Nicaragua,NIC,2017,30.8619914687936,24.7925285799406,37.4221278011003,19.9378063063337,26.7379461968313,33.0719253772578,21.5129570354237,30.39999962,129.505649809198,2182.61380995674,4.63120757580209,3.85067166284727,3.3,65.333,58.1892567408822,,,6316231.0
Nicaragua,NIC,2021,26.0328025128629,21.5666503926023,30.9396899105533,21.356135008396,29.5648683314448,24.890193103709,18.1395867599431,51.62039948,93.8165084237294,2138.38573878237,10.4543887816515,4.92841396948968,6.076,65.258,58.8592529296875,,,6644741.0
Nicaragua,NIC,2024,23.470592686629,21.2320804665929,25.9574488414034,19.5936528210773,28.3490750480852,21.8236548625694,13.2708967899659,61.39550018,105.961143065351,2847.87639497305,3.58094495324541,4.62473841057141,4.98,66.033,59.2628402709961,,,6916140.0
Niger,NER,2011,1.52169870544605,,,,,,,0.9,27.612953279822,510.75956176268,2.35775693603874,2.9423851401332,0.316,79.516,16.2303066053496,,31.5,17176283.0
Niger,NER,2014,6.70658814894855,,,,,,,1.24867568902241,42.8624011489646,565.30989731175,6.64213665495603,-0.930287259984466,0.524,73.565,16.2450424611665,29.0437067944143,34.3,19215909.0
Niger,NER,2017,15.5232449543461,10.9100470948705,19.9424574531902,10.4938235031444,10.343674574149,18.5658189336468,13.7806761679904,10.2243115586561,40.9549864276209,529.929418934868,5.53198531271451,2.79637318871284,0.556,72.892,16.5036987906896,,,21435446.0
Niger,NER,2021,,,,,,,,12.45689964,61.5063092448251,609.585703670137,1.11520063869706,3.8378680284051,0.806,76.515,17.2295936666686,,32.9,24502140.0
Niger,NER,2024,14.8268991865027,12.2030464030006,17.6139562058255,17.5059704418951,15.7389266018374,14.2297775676834,13.5414073423134,15.55760002,60.5939862118112,729.856664168989,8.32327058280728,9.07151997725013,0.376,79.561,18.0497398450803,,,27032412.0
Nigeria,NGA,2011,29.6675376842052,25.9904013803634,33.2768925034846,13.9573963364522,21.4764731050718,33.808553167985,12.206373471593,13.80000019,55.5301267540609,2418.41316975875,5.30792420293915,10.8261371880018,3.77,81.119,52.490352424079,,,171379598.0
Nigeria,NGA,2014,44.4419846566021,34.0223963700315,54.3624813953471,30.5065328869879,35.7487555560932,48.8837884582817,28.076233062629,21.0,74.7512781478918,3088.72131316169,6.30971865521856,8.04741087967907,3.9,80.765,54.9232435340404,,,185896915.0
Nigeria,NGA,2017,39.6668586884669,27.2766783028412,51.4073357721221,24.5287585933543,32.598071491492,43.3606657121079,16.054481590596,25.87789917,72.3679681751497,1876.34027111773,0.805886619091581,16.5022662139641,4.83,80.89,57.3486345560101,,,200254579.0
Nigeria,NGA,2021,45.3166327186278,34.9640811024201,55.4526241322263,32.6924793988622,34.8767624796848,50.7884878596083,25.797500270357,35.50979996,89.2915858426408,2787.48779220991,1.109252540249,16.9528457221608,5.404,80.143,60.5698545383604,63.1599998474121,,218529286.0
Nigeria,NGA,2024,63.2613514491542,52.2155914465012,74.302879584059,46.7443880832654,44.4306588774756,73.6886247105236,42.1862354000244,41.21139908,70.7619057835431,1084.16041805058,4.07106650147703,33.2416590552749,3.045,82.566,62.9755675573659,70.4100036621094,,232679478.0
North Macedonia,MKD,2011,73.6989465828175,71.5448919868603,75.8713131587234,69.2989512723308,70.6827065154457,74.4229397303119,63.9278374655469,56.7,108.467609532426,5416.86672931659,2.33988604520331,3.9047542206974,31.502,54.525,58.2409503926967,,39.4,1937398.0
North Macedonia,MKD,2014,71.7984973200443,64.02604680432,79.7372667864683,59.8386046995358,46.6522763542395,77.2821813135824,48.0308666966953,68.0584815397496,111.342589695936,5925.38592218015,3.62912351276373,-0.281705032928494,28.215,54.613,58.8033670608162,,35.2,1917557.0
North Macedonia,MKD,2017,76.5687709010188,72.8860921089574,80.3646409063016,66.6726361002453,45.330360661778,82.4857157137618,59.2559243478526,74.5168241807954,103.458690624197,5955.2973863451,1.08177273813243,1.35161889677442,22.857,53.157,59.7437719356273,,34.2,1898657.0
North Macedonia,MKD,2021,85.2886912768171,79.905357208427,90.6158108389096,77.6908745026211,74.0126676668568,87.1387211457439,73.0171103385866,81.873703,104.875134243923,7620.80296977508,4.51067949038222,3.23074912132928,15.801,51.617,61.6841975628139,,,1837114.0
North Macedonia,MKD,2024,84.2548648905347,77.229493719316,91.5870835011346,78.3945632616455,57.374776400283,88.3666243166926,65.6133114409021,93.6,108.38712260883,9291.8566035502,2.99373536567732,3.48974086026954,12.265,52.202,62.5645376928533,,,1824359.0
Northern Mariana Islands,MNP,2011,,,,,,,,,,13598.7166094613,-7.38423028785982,,,,91.0253367901352,,,53608.0
Northern Mariana Islands,MNP,2014,,,,,,,,,,15945.417608954,4.177545691906,,,,91.2512344351276,,,52178.0
Northern Mariana Islands,MNP,2017,,,,,,,,,,31225.6049960968,23.1707317073171,,,,91.4720215898621,,,49959.0
Northern Mariana Islands,MNP,2021,,,,,,,,,,19455.50139424,4.96987951807229,,,,91.7842137303802,,,46979.0
Northern Mariana Islands,MNP,2024,,,,,,,,,,,,,,,92.0747260922394,,,44278.0
Norway,NOR,2011,,,,,,,,93.4899826515194,115.596284894229,103545.218988177,1.38505117083945,1.2849515880916,3.196,67.142,79.311620451463,,25.3,4953088.0
Norway,NOR,2014,100.0,100.0,100.0,100.0,100.0,100.0,100.0,96.3005098242892,111.690088069926,100410.020200979,2.09521388080101,2.04170286707211,3.486,66.557,80.6117159535579,,26.8,5137232.0
Norway,NOR,2017,99.7451401276537,100.0,99.4926511541082,99.3623949292996,100.0,99.7067217261502,98.6883559879165,96.3576012951191,108.392640087689,78771.2151264554,2.66964474273466,1.87510059552545,4.164,65.659,81.9699745912375,,27.0,5276968.0
Norway,NOR,2021,99.4777714580126,100.0,98.9784589324598,98.6795940931178,96.3707474810915,100.0,97.6520279899277,99.0000036,109.585637519783,96442.5552173002,4.14314688769197,3.48388055266669,4.359,65.68,82.8612877226956,,29.1,5408320.0
Norway,NOR,2024,98.5561571037813,97.8239340560655,99.2709876923463,97.7236874330182,94.4300567148872,99.1885301762157,97.3865938607033,99.0,109.348606513576,89888.9535204758,1.42372134524737,3.14530134431081,4.0,65.834,83.3293737928469,,,5572279.0
Oman,OMN,2011,73.6024164643834,63.5298566740493,83.7498717736583,65.9537666123462,68.0399155165981,76.4664647151892,37.0586844087464,48.0,147.926430004786,25188.0074151885,2.89460973541192,4.0421886711639,3.95,62.758,75.6585803514688,,,3076763.0
Oman,OMN,2014,,,,,,,,70.22000122,153.806036858807,23160.6502252547,1.29225229411081,1.01401483924156,3.453,68.649,76.8892576748951,,,4002439.0
Oman,OMN,2017,,,,,,,,80.18560028,148.821627766224,17820.0661809335,0.304057565922449,1.58909413567799,2.523,70.708,78.3142260040136,95.5800018310547,,4537396.0
Oman,OMN,2021,,,,,,,,95.23880005,135.076972756826,19403.4600160211,2.5821749892893,1.68221185876085,1.9,65.783,80.1239942103569,,,4500424.0
Oman,OMN,2024,69.5361597212358,67.0832725695516,70.7083967351425,67.4150180357039,71.4165173105373,69.154630685133,54.7541406202193,95.25174678,120.61105087402,20285.2272765262,1.63163231397978,0.593589236248469,3.203,68.289,79.4440302814714,,,5281538.0
Pakistan,PAK,2011,10.3062965935922,2.95357740083598,17.2815270860682,4.80787352736625,7.95491067144722,11.4478902795022,3.74669350718118,8.0,53.4461944087116,1131.73513834324,2.68011685421705,11.9160927116277,0.796,50.775,35.0113675889897,54.7400016784668,29.7,203746065.0
Pakistan,PAK,2014,13.0361910901935,4.84374685517549,20.9723564170282,9.75476712520752,13.1964370838821,12.9554893520979,10.0274917250607,10.0,63.3618438229803,1266.61340849959,4.11642817161422,7.18938402847028,1.827,50.997,35.6595549759128,56.9799995422363,,214264647.0
Pakistan,PAK,2017,21.2932449054097,7.02506387268419,34.6076588199886,14.2158895837959,14.8923269617535,24.5315749177796,15.9198671024733,13.77999973,64.7301783284032,1519.23459514248,4.43262590683975,4.08537368032608,3.204,51.338,36.4351548223399,59.1300010681152,,223273967.0
Pakistan,PAK,2021,20.9806311316514,13.4784970707722,28.1764144611815,17.6113668088983,18.1023410529807,22.4570307682912,15.3094835682753,,78.8012296805749,1455.31922370186,6.51388575852702,9.49641577285205,6.338,52.73,37.9333395514173,58.8600006103516,,239477801.0
Pakistan,PAK,2024,27.2960071761925,11.9121696598431,42.2935435576169,13.6062537929128,24.3424901722908,28.5427198593614,18.9106980665209,57.253,76.8544559649986,1479.47755241191,3.08176295579301,12.6325318530452,5.492,52.308,39.1734368360905,,33.5,251269164.0
Palau,PLW,2011,,,,,,,,,85.4353357672309,10795.639900708,4.5453422056307,4.6746987951807,,,80.9747231246263,,,18078.0
Palau,PLW,2014,,,,,,,,,107.897262207169,13854.730278013,4.21392368136632,4.19174548581256,,,80.7338640362566,,,17715.0
Palau,PLW,2017,,,,,,,,,,16280.241199753,-3.42143170174889,1.4179881966692,,,79.8284579022498,,,17812.0
Palau,PLW,2021,,,,,,,,,134.960355395603,13267.4877340719,-11.9146400192064,2.6124818577648,,,79.0890798782416,,,17783.0
Palau,PLW,2024,,,,,,,,83.92549896,,18169.0767165866,12.0059720184866,2.23172772921704,,,79.2095042878667,,,17695.0
Panama,PAN,2011,24.9264953930286,23.3098981929081,26.5485419080916,18.0399123405612,15.4077782178887,27.9882934400842,15.3336170863303,42.7,182.358735130993,9662.29592216607,11.9088772249531,5.87580243678763,4.03,63.006,65.1896678664818,,51.3,3693505.0
Panama,PAN,2014,43.6621401860102,40.3293731630675,47.018842954084,31.8581031277981,30.7475428613192,47.7056689411593,23.2185604175563,44.9238152577893,177.438612204565,13213.1989637473,4.62581375565551,2.62652699929143,4.391,65.698,65.4531164770096,,50.5,3892101.0
Panama,PAN,2017,46.4942616753675,42.3393450538833,50.8590416345078,32.86400086848,36.9863181507647,49.525164851716,38.0262145999515,59.9506309038683,128.825871183278,15694.6297454295,5.7440594635578,0.875585918759963,5.338,65.872,65.6577712475758,,49.9,4098707.0
Panama,PAN,2021,44.9670337532433,43.1090221705505,46.9461469356743,32.4129914750727,40.4220331814867,46.344304591675,31.2156961266368,66.04270172,147.899862038176,15509.8069109784,16.4669992022652,1.63070337301898,10.177,62.8,65.8092302689169,96.2119100135584,50.9,4345405.0
Panama,PAN,2024,64.0952131164981,58.1187550543733,70.391512048608,45.4815775753491,57.5227277998642,65.8787018239514,41.8878748138697,72.77149963,,19161.218843129,2.74784148771307,0.69322555100446,8.451,66.319,65.9958447685488,96.2276533152296,49.7,4515577.0
Papua New Guinea,PNG,2011,,,,,,,,2.0,30.5368920009375,2288.37591141234,1.10754362619616,4.44083401028971,2.62,48.739,13.0000025015364,,,7859346.0
Papua New Guinea,PNG,2014,,,,,,,,6.5,39.4077931671023,2723.17529825196,13.5437706216546,5.22211720226841,2.54,49.529,13.1316404025265,,,8523441.0
Papua New Guinea,PNG,2017,,,,,,,,11.20919991,43.775195523033,2477.76530986323,3.53461081750459,5.42204568023834,2.58,50.418,13.5249644881888,70.0599975585938,,9178714.0
Papua New Guinea,PNG,2021,,,,,,,,16.55960083,48.1179470954257,2607.97769973161,-0.510612607034361,4.48359014042398,3.03,51.672,14.4398342822353,,,10012896.0
Papua New Guinea,PNG,2024,,,,,,,,18.81159973,38.7651796406789,2912.4914068385,3.88795324667848,0.602403921107917,2.625,51.96,15.4061816403333,,,10576502.0
Paraguay,PRY,2011,21.7201462451211,22.714781961778,20.6756599138589,5.59762034571033,14.5508823207957,24.7273455346552,8.30915195884483,24.7635158793993,112.286723170157,5805.40154543044,4.28637120702282,8.2539682539683,4.67,67.916,59.693499539898,,52.3,5814626.0
Paraguay,PRY,2014,,,,,,,,43.0073750122614,120.354274622389,6652.25478942291,5.30123864473624,5.02882767456766,5.034,67.955,60.7101965948157,95.0299987792969,50.7,6069811.0
Paraguay,PRY,2017,48.646860657984,46.0494492724974,51.2244106488301,38.2959522661227,33.2892134603215,54.6005403186795,44.3624920198775,61.0757562215797,117.821037884979,6152.26711537703,4.81007885554041,3.60247741348943,6.138,71.039,62.9526389826574,,48.5,6338660.0
Paraguay,PRY,2021,54.419977087987,55.3486348795502,53.4881764531929,47.8391115927571,45.5440802256626,57.4443466865636,43.6058509044759,77.01838621,119.312639901188,5974.9057185863,3.99461510731535,4.787983101236,7.311,71.919,67.3058612772421,,42.9,6684182.0
Paraguay,PRY,2024,60.9167610080401,60.1097092799532,61.7674730808885,50.0776335460214,47.2972592720046,65.0793020105979,48.1488589431053,81.57806793,,6456.60723068562,4.66914577981763,3.83540271728533,5.686,70.27,69.8622585886961,94.8600006103516,44.2,6929153.0
Peru,PER,2011,20.4586854159298,17.5612926168713,23.4454186405412,5.1275786833364,14.4673371018913,22.7026379979749,6.54768477341458,36.01,110.774364366799,5861.35793645245,6.32719240161117,3.36931095333853,3.477,78.652,78.0118164985462,,44.7,29304086.0
Peru,PER,2014,28.9752319886255,22.4969735150161,35.6586543642011,15.7227299711385,19.5356816473864,32.4688985765764,12.0359186663284,40.2446560091704,105.858105967274,6667.13410360861,2.38215737180541,3.41194579807465,3.208,77.065,79.9945465682649,93.7099990844727,43.1,30115826.0
Peru,PER,2017,42.6031809704695,34.4352169204029,50.9729838388907,27.0247467315155,29.371110083268,47.0516384710435,31.0888273239862,50.4504121848143,124.232520236388,6736.16693725487,2.51883544233135,2.99490045809443,3.691,76.996,82.1931650502403,94.1500015258789,43.3,31324637.0
Peru,PER,2021,57.4978561461709,53.0286765478848,62.3240756294273,45.5363940476739,46.6182313430104,60.8503957831418,40.9253994785679,71.10782643,129.993736857913,6828.53422535638,13.4166456126513,4.27166381536798,5.097,71.93,83.9480118272361,,40.1,33155882.0
Peru,PER,2024,59.3098978248017,56.1785669335632,62.4782758669515,44.6241136416496,52.9856890005398,60.9900311298582,29.636960601098,81.95705992,124.623544414599,8526.29665719783,3.5152749274832,2.00770739412712,5.199,72.808,85.1912729600355,93.6600036621094,40.1,34217848.0
Philippines,PHL,2011,26.5559260623316,33.7137308957813,19.0031008581416,9.88938824222288,18.3441471112875,29.7500335472144,12.2620516277169,29.0,95.8688282360909,2383.91892522087,3.85823282795663,4.7184170471842,3.592,62.23,46.6833632464759,,,98248614.0
Philippines,PHL,2014,31.2858339239034,37.8502966258972,24.4019510347799,18.0376718059275,19.046571689323,35.8537760093803,18.0650296830673,34.70000076,107.284498472686,2866.83803761407,6.34798748260867,3.59782343864211,3.6,62.171,50.2392400212368,,,103767130.0
Philippines,PHL,2017,34.4984075658533,38.8541642161096,30.0197018084674,18.0263524230537,23.5157571459351,38.828045359477,18.0015153689688,41.59999847,110.962137119646,3038.12124959289,6.9309883258402,2.85318772590947,2.552,59.141,52.6010482354344,,,108119693.0
Philippines,PHL,2021,51.3717638928697,47.4188134768543,55.5939212451991,33.98739740938,40.1691111803325,55.7488258751791,32.7689810781991,66.90779877,144.424289981649,3484.38593882819,5.71473313185116,3.92718022100332,3.398,56.471,54.4504102510776,,40.7,113100950.0
Philippines,PHL,2024,50.1824221429254,57.1016109576105,43.0424000013443,34.4399006408424,55.1122806971337,48.1663078389787,33.6218005767594,67.26300914,115.298749599352,3985.29464669706,5.71474526128652,3.21260487006347,2.202,61.402,55.4520983215477,,,115843670.0
Poland,POL,2011,70.1942895305774,68.2871969813764,72.37171673271,62.1836812399834,47.8273813736361,75.3172992698084,34.717317163454,61.94999896898,131.279778766286,13867.6669408192,5.25546256612796,4.23940149625932,9.576,56.397,60.7357090652544,,33.2,38063255.0
Poland,POL,2014,77.8621706046997,72.9579188556904,83.2598053443452,71.3221345199509,63.6846420075155,80.3837154682292,50.6660810022622,66.5987360557248,148.713283559361,14262.2841914116,3.92050862390032,0.0538213132399802,8.971,57.074,60.4340063344328,,32.8,38011735.0
Poland,POL,2017,86.7333029909929,87.9622193732543,85.3751497459917,84.2210519635764,62.6254496625029,90.467113112438,65.5030437367614,75.9853659493832,131.901471911132,13913.3415190124,5.15245773325907,2.07593553673859,4.867,57.562,60.145888199417,,29.7,37974826.0
Poland,POL,2021,95.7201672270221,95.6897434226086,95.7529860201521,93.9239232758976,98.054991054349,95.4579992884041,71.3053178578423,85.37490906,132.987203939653,18635.5104895754,6.92718266052501,5.05502704719272,3.268,58.698,59.8096513205543,,28.5,36981559.0
Poland,POL,2024,86.1367117566539,86.3296733689659,85.9243017950635,80.0821560050964,73.6306261910361,87.8544942081825,51.0695031242376,88.58496367,138.016156588197,25103.565661423,3.02841630700273,3.79060897630197,2.807,58.656,59.9705468695101,,,36559233.0
Portugal,PRT,2011,81.2294253390108,77.8040264825177,85.1370308978659,73.3990491851064,75.1283769471387,82.1312467330317,74.9409384722501,55.2499968797194,116.837494027689,23246.5425416481,-1.71352745905065,3.6530110043073,12.715,60.473,61.1410698395502,94.4800033569336,36.3,10557560.0
Portugal,PRT,2014,87.3863542055074,86.1084057847642,88.836294308257,80.175792253929,85.693309737457,87.570415858348,80.3225532373043,64.5924200648949,114.312891767686,22120.6850127107,0.741391420706506,-0.278153367467428,13.88,58.777,61.1394537361116,,35.6,10401062.0
Portugal,PRT,2017,92.3409885215351,90.6221218428997,94.2271062785847,87.4609983623793,79.4079287100229,94.2174650839397,87.5661980779583,73.7912139515729,113.873619619075,21442.3842768879,3.31472008175986,1.36861411643482,8.878,58.881,61.1296726507436,,33.8,10300300.0
Portugal,PRT,2021,92.6495073207262,90.1829437176053,95.3736338222349,87.6202479996128,78.1563964057826,94.5226745866289,89.8884394206447,82.30902804,119.768700781718,24711.4510062111,5.55875672070374,1.26565719069044,6.712,56.831,61.0951249296597,,34.6,10361831.0
Portugal,PRT,2024,91.3973440748621,88.166050754656,94.7574332041775,87.698375834765,93.0082215711419,91.1760170855366,80.9267698148588,88.48704454,124.129981203404,29328.3067415343,2.21459232301109,2.41613187791876,6.5,58.443,61.3281907341332,,,10694681.0
Puerto Rico (US),PRI,2011,,,,,,,,48.0,84.3815609806418,27170.0766543278,-0.358510636850312,,15.7,40.5,93.7598202101009,,,3693464.0
Puerto Rico (US),PRI,2014,69.7352646205524,66.0932528622377,73.7037716208942,56.0395588770265,44.9607211106487,75.2503024139848,48.9506793054389,76.1338597201667,89.9998233000979,28576.0988023209,-1.19036347346942,,13.9,38.293,93.7813071818968,,,3585017.0
Puerto Rico (US),PRI,2017,,,,,,,,68.7407731407209,100.519829625899,30328.479490518,-2.88521838398481,,10.8,38.236,93.8561953815964,92.3899993896484,,3410837.0
Puerto Rico (US),PRI,2021,,,,,,,,84.78666399,112.540413929626,32618.8705106244,0.385222719529239,,7.9,41.291,94.0550712597302,,,3262731.0
Puerto Rico (US),PRI,2024,,,,,,,,,126.426375391555,39353.2242360643,3.17707554784896,,5.639,42.615,94.2539505199436,,,3202521.0
Qatar,QAT,2011,65.8753853266331,61.5695319524117,68.5700117626632,53.8167998916298,64.1141398299002,66.344066676953,31.648210512409,69.0,127.128026726304,103261.510293068,13.0214050496923,1.13836623529202,0.56,86.455,98.6300610210909,96.4100036621094,,1624761.0
Qatar,QAT,2014,,,,,,,,91.48999786,149.020182367971,95840.6310094498,4.11911527912761,3.34972085659523,0.2,86.747,98.901627838826,97.75,,2151745.0
Qatar,QAT,2017,,,,,,,,97.3888491654164,147.358360281803,63279.8556949332,-1.49760470227838,0.394878914083005,0.14,87.498,99.0310125265978,,35.1,2545820.0
Qatar,QAT,2021,,,,,,,,99.65280151,137.709548409191,71751.8831257169,1.62684671918775,2.30446565742003,0.14,86.363,99.203408908243,,,2504910.0
Qatar,QAT,2024,,,,,,,,98.08540344,153.612474384296,75685.0865779973,3.10963283242745,1.26734310292375,0.13,87.22,99.3219891728394,,,2857822.0
Romania,ROU,2011,44.5916228252137,41.060610571987,48.5323748478871,31.7461247947441,37.0428489813237,46.2188802377748,26.8873268510449,40.0099967810008,115.471784331445,9560.6755277458,4.49558909946313,5.7892532881588,7.177,49.907,53.9608874244169,98.5999984741211,35.9,20147528.0
Romania,ROU,2014,60.8371568509663,56.8690490522572,65.152219627869,44.8465178073116,55.034635983192,61.8245605463416,34.5522017234788,54.0783206550943,114.782653636732,10031.7710755404,4.11600109267832,1.06830987684298,6.802,50.517,53.8267187624053,,36.0,19908979.0
Romania,ROU,2017,57.751805216506,53.5909182977514,62.3982445350431,37.8348993943438,51.0621354351116,58.8779488734422,31.8595259762486,63.7472821822484,113.76679260075,10727.9822007426,8.19547826641261,1.3390212110439,4.927,51.837,53.3648643239046,,36.0,19588715.0
Romania,ROU,2021,69.1155037619615,65.7444313957273,72.6785952666858,57.1201071980925,71.9228765909043,68.6956280169997,37.4874601418254,83.5904265,119.123068432356,14908.0412813921,5.58735072538869,5.05232876096582,5.59,52.467,52.2321512130811,99.1600036621094,33.9,19122059.0
Romania,ROU,2024,71.3366719002898,69.8503015757801,72.9467014858712,55.4182775439009,85.6315207171153,69.4744285129607,41.029929138885,91.29048551,119.804862328273,20080.2096215595,0.916003764382594,5.72140574354439,5.4,51.461,52.1674778928768,,,19051804.0
Russian Federation,RUS,2011,48.1784884899677,47.7032339699392,48.7808673835128,40.3803436350401,32.8140302361327,51.8357321869112,24.1929948892261,58.0,141.451225637367,14305.33203125,4.30002918604238,8.4404648593257,6.571,62.939,73.8534851074219,,39.7,143018195.0
Russian Federation,RUS,2014,67.3830915085391,70.1926594732869,63.7995263903731,63.193370344131,54.435395814334,69.8901212915978,35.0038995241541,70.5175682574413,152.512941154001,14055.47265625,0.736267221403651,7.82016970013845,5.212,62.837,74.1776476748791,,36.9,144237223.0
Russian Federation,RUS,2017,75.7588881016081,76.1313651837693,75.3035306840176,70.2362145633353,66.9292945195195,77.5269064636933,56.3674799648078,76.0081385339105,155.485765168167,10658.9130859375,1.82670527549192,3.68333072334495,5.238,62.496,74.460036813029,,35.5,145293260.0
Russian Federation,RUS,2021,89.7193266222482,90.1117314127973,89.2579846288031,85.8112011007402,93.4904659268054,89.0201998593646,82.2854665234015,88.21384578,169.07261384221,12425.029296875,5.866491772979,6.69445891957612,4.749,61.966,74.7516840220252,99.9300003051758,35.1,144746762.0
Russian Federation,RUS,2024,79.3421267068262,77.2673546557224,81.6495846664745,70.6261391166153,88.4517352052366,77.977678819665,62.7570684172578,94.36495368,186.103787309059,14961.8974609375,4.92167966203073,8.43486410496723,2.43,61.824,75.1119136177067,,,143669648.0
Rwanda,RWA,2011,32.7638222447295,28.2467125980262,37.5087208412817,31.1402444330775,17.8143700889861,39.8800620927843,30.807629467102,7.0,42.049425685328,643.356138618166,7.95838869909085,3.0801706924026,11.756,60.927,16.9323586881273,,,10573733.0
Rwanda,RWA,2014,42.1169125765165,35.3219449796634,49.0436314215039,17.0873461948595,23.326549828575,50.8827780272582,39.6176283083084,10.60000038,68.1670448387062,715.36808783393,5.66845354233575,2.35449052820358,11.837,60.714,17.5020716539756,70.8000030517578,,11364757.0
Rwanda,RWA,2017,50.019793696102,44.9605015327419,55.7454646924848,38.6518463317563,41.4591328885259,54.3657973438239,47.0031938255034,17.2,72.2764598764471,751.049039527547,4.70393439751061,8.27953672260832,11.875,60.461,20.2477568101111,,,12202060.0
Rwanda,RWA,2021,,,,,,,,24.4416008,81.6381635400584,842.581492947672,8.41140448646523,-0.391346748300791,15.775,58.197,26.1049092762833,,,13355260.0
Rwanda,RWA,2024,,,,,,,,31.70330048,93.201462876722,1059.93709298801,7.22717103344534,1.77029240198635,11.331,63.521,29.8849714294083,,,14256567.0
Samoa,WSM,2011,,,,,,,,11.0,,3821.50678264479,3.84907794660396,5.23541591478434,5.68,54.774,19.6174273708146,98.9700012207031,,194713.0
Samoa,WSM,2014,,,,,,,,21.20000076,53.2521483525548,3982.68080202084,0.659923768782861,-0.40681608842489,8.72,54.838,19.3126679480432,,,200037.0
Samoa,WSM,2017,,,,,,,,,60.4683202297787,4307.59381964907,1.40628239971301,1.74989677484705,9.4,54.432,18.9657191879831,99.7071903264793,,205415.0
Samoa,WSM,2021,,,,,,,,,32.2763227445165,4021.55934894283,-5.04350589708287,3.13320473174494,6.664,45.59,17.5672426452007,,,213779.0
Samoa,WSM,2024,,,,,,,,,,5392.87761915762,4.7483863916535,2.17245530514377,4.855,43.084,17.5029115108018,,,218019.0
San Marino,SMR,2011,,,,,,,,49.6,110.245888899251,55601.4008139955,-8.3147735708983,2.89979584300123,,,97.0999984741211,,,32620.0
San Marino,SMR,2014,,,,,,,,,111.489992587102,51260.4804236805,-0.702370500438988,1.11296303373851,,,97.0999984741211,,,32655.0
San Marino,SMR,2017,,,,,,,,60.18230057,110.535807784048,45192.0530047599,0.258259899709444,1.01413313194508,,,97.0999984741211,,,33825.0
San Marino,SMR,2021,,,,,,,,81.66999817,115.700566932778,54168.9744311193,13.8977857594089,1.61551411551421,,,97.1035668453272,,,34252.0
San Marino,SMR,2024,,,,,,,,97.35220337,,,,1.24216507945569,,,97.1560555881096,,,33977.0
Sao Tome and Principe,STP,2011,,,,,,,,20.16119957,61.9653216553819,1219.80189089671,1.99943210333259,14.3271667616801,14.229,24.01,66.7275977610702,,,185649.0
Sao Tome and Principe,STP,2014,,,,,,,,24.40999985,65.3056660923834,1489.67633417608,4.90621048664867,6.99849943966421,11.428,24.023,67.2606735229492,,,196767.0
Sao Tome and Principe,STP,2017,,,,,,,,32.61640167,84.0522781079383,1555.79477812888,4.11297966281954,5.6902961992902,8.808,23.88,67.6520004272461,,40.7,206970.0
Sao Tome and Principe,STP,2021,,,,,,,,54.94950104,85.2577705092336,2362.58827248102,1.89929891337832,8.13777038378732,9.563,23.308,68.1738967895508,,,221961.0
Sao Tome and Principe,STP,2024,,,,,,,,59.11759949,62.4367400312479,3502.6176807171,1.47888850952698,14.3519273571008,9.057,23.391,68.8710170184884,,,235536.0
Saudi Arabia,SAU,2011,46.4206603178861,15.2330073135543,72.7211414647235,32.7748606226054,26.6778753784091,56.8276433532766,38.9706146059157,47.5,206.851813084871,27126.7498747702,11.758820686671,5.8262163739404,5.77,53.37,82.2543876159947,,,25091867.0
Saudi Arabia,SAU,2014,69.4095879290349,61.1496126076582,75.3258805251461,64.8242607727126,64.5375242455736,70.8916152184033,64.1621089555651,64.713657369019,181.856566741136,27805.4850319422,4.02467158380668,2.24185348779063,5.877,58.409,82.7822571294871,,,28309273.0
Saudi Arabia,SAU,2017,71.6981165899467,58.170104952489,80.5369827487457,64.563701134651,54.4192051241972,76.0052639015842,65.0193615551632,94.1755996113911,130.629718239662,23929.2907135982,1.18210705878283,-0.834845735027162,5.89,58.99,83.300690534822,95.3300018310547,,30977355.0
Saudi Arabia,SAU,2021,74.320746724648,63.4868326016391,81.6740905405486,66.6106333256267,70.5175566329956,75.3040673314602,76.8009341415257,100.0,145.003757775499,31920.7653655643,6.51959698325419,3.06328988941548,6.621,63.511,83.9716349986538,,,30784383.0
Saudi Arabia,SAU,2024,78.8409517231945,73.461901464919,81.8127654266595,74.6153434071134,64.8997344303063,82.3060142042717,66.6383140653873,100.0,159.541370566589,35527.786181866,2.64893068308965,1.68792112375809,3.518,65.201,84.4554020211443,97.9300003051758,,35300280.0
Senegal,SEN,2011,5.82114104684157,,,,,,,9.800000191,72.1733338879073,1374.67591873844,1.33409107961258,3.40322829786971,2.853,47.487,44.0689668509475,51.810001373291,40.3,12958897.0
Senegal,SEN,2014,15.4245720927038,11.3995503750679,19.9265014425026,4.39199935748873,6.7508113449652,19.9401460898221,11.2216805099321,17.70000076,101.608432443463,1398.89137601382,6.22407443790986,-1.09025507446895,5.849,45.985,45.6020905341588,,,14152102.0
Senegal,SEN,2017,42.3440153574227,38.4496103387527,46.7249590495597,34.4888347107049,34.4454577099133,46.5296563939329,37.6302629545466,29.64310074,101.831108002442,1354.77007193387,7.40748618589598,1.31815314847789,4.078,46.002,47.9338349639053,51.9000015258789,,15475002.0
Senegal,SEN,2021,55.9644071481718,50.2954307722249,62.3053673015685,48.1770202506046,47.8284441356774,60.137013396539,51.2925390162684,55.04040146,115.325093678501,1598.10676952274,6.5440010991951,2.18032278088147,3.436,51.681,52.2260292191155,,36.2,17220867.0
Senegal,SEN,2024,76.4609257473503,73.5941345823606,79.6122559003812,68.994436090772,63.2600737309056,82.7972700681902,73.6146089346462,60.11780167,123.894453697506,1738.73223822106,6.46220577412338,0.804503298792438,2.788,51.85,55.2368169057304,,,18501984.0
Serbia,SRB,2011,62.2162232690715,62.3158353483039,62.1052459971203,48.6546354731608,28.9301684002995,67.5795803680016,40.1635837613956,42.2,141.043436487447,7082.2861666075,0.0542724836581954,11.1373976342129,22.959,49.749,59.4349187787267,97.9599990844727,,7236519.0
Serbia,SRB,2014,83.0923382955528,82.9673999489789,83.2286463404607,82.5158402324878,77.762666431918,83.8909699707446,75.5257262404531,62.0750804639377,131.35311754636,6886.67809068704,-1.80427041681132,2.08244793880154,19.223,51.602,59.8779373168945,,40.4,7131787.0
Serbia,SRB,2017,71.4410464962513,70.1270028763916,72.87622705274,64.5292731301634,33.3447530461822,76.9251144712185,51.4843903923587,70.3308355269141,123.142754551775,6548.03653824187,2.3634031250553,3.13106248590115,13.477,53.554,60.621208190918,,36.1,7020858.0
Serbia,SRB,2021,89.4157368417161,89.8283418670885,88.9921226811025,84.2813624706244,69.3964457177662,92.1475532010786,80.4249166689867,81.16588116,125.075587327252,9680.52798074468,7.94905650472278,4.08510285335102,9.843,56.178,61.363899230957,,33.1,6834326.0
Serbia,SRB,2024,83.2544458500274,81.0618186013879,85.6546923214992,75.1389893523283,37.8955351327888,90.109561403005,60.3410362424749,87.69071294,123.822194984291,13677.7794863909,3.94992622592932,4.6705297488997,7.24,59.162,62.3830029804177,,,6586476.0
Seychelles,SYC,2011,,,,,,,,43.16400146,130.476995382586,12110.0937461973,9.5097833517957,2.55926772230953,,,42.6739844860866,,,87441.0
Seychelles,SYC,2014,,,,,,,,51.25469971,144.60603512527,15188.1902175113,4.0636918123521,1.38583454581263,,,42.9386256186342,,,91359.0
Seychelles,SYC,2017,,,,,,,,62.55310059,148.791660366282,17480.3651911372,6.95416218794271,2.85679575568437,,,43.4968644410824,,,95843.0
Seychelles,SYC,2021,,,,,,,,81.99530029,149.479213250181,14982.9111487767,0.552281631207279,9.76909936973542,,,44.6026796065539,,,99258.0
Seychelles,SYC,2024,,,,,,,,87.81800079,125.616862703001,18364.5259678223,3.34667429007052,0.311726050919668,,,45.2898622460415,,,121354.0
Sierra Leone,SLE,2011,15.3417553850215,12.8025352125246,18.0477929654683,,10.7838614489016,17.5020603262871,5.56574051134449,0.899999976,33.4572729332228,761.146365577281,8.10065518714917,6.79138291952621,4.388,59.779,39.0472153491602,,34.0,6387251.0
Sierra Leone,SLE,2014,15.5800105420148,12.4985904011303,18.9305741634964,,6.42272746863501,19.956571298855,16.2506520415766,6.057300091,69.1758823858757,1117.7586465721,-7.81501512457241,4.63931171409667,4.678,56.948,40.3272406886245,44.3698913332904,,6876385.0
Sierra Leone,SLE,2017,19.808760638724,15.3589748497994,24.7719048747418,12.9209833880218,19.0533010601717,20.164048814582,12.7323904704324,9.297100067,89.7781754066341,779.186007841728,3.20786087715987,18.2215094003386,3.656,54.675,41.7106682105058,44.8300018310547,,7379299.0
Sierra Leone,SLE,2021,28.8466044614564,24.7575759889273,33.3487822396575,20.6725918989125,24.9247552313526,30.946349378226,20.7155241345507,18.65390015,101.636782141976,885.396401613729,5.8968527047094,11.8739588840234,3.551,53.612,43.7345385973699,,,8094602.0
Sierra Leone,SLE,2024,38.6205210606339,35.9347203423534,41.4790318962968,27.4565690881933,36.4963361773313,39.8267675331028,26.659190137757,25.10499954,,806.654650274255,4.29322334404611,28.6337500014115,3.103,53.584,45.3626823156371,,,8642022.0
Singapore,SGP,2011,98.221892306584,98.2117918109462,98.2323412520886,,94.7077487910268,98.9549563388416,94.3628519792978,71.0,150.404101393239,53891.4570264372,6.21493416858989,5.25115624639373,3.89,67.376,100.0,96.1900024414062,,5183688.0
Singapore,SGP,2014,96.3525997735924,96.0721173983754,96.6438153798121,96.2746371408949,92.9417797125114,97.0340159458897,94.5839797077369,79.0292358633435,148.478352479892,57564.8023114977,3.93554027709007,1.03316955857629,3.74,68.556,100.0,96.7200012207031,,5469724.0
Singapore,SGP,2017,97.9311709923804,96.3129279702455,99.6826658510543,96.3782491376971,97.8384869764688,97.9472153627234,93.1935820038032,84.4522678893074,149.567868255938,61436.1325502558,4.32679370770501,0.576763191179996,4.2,68.943,100.0,97.1999969482422,,5612253.0
Singapore,SGP,2021,97.5498512325819,96.8741867420659,98.2695919614807,95.548901604297,94.3596986792016,98.0690582541603,92.4400040921361,96.92468156,157.977675166643,80884.8565369236,10.1410845197192,2.31610315765146,4.64,70.686,100.0,97.6500015258789,,5453566.0
Singapore,SGP,2024,97.9718288419762,97.6078339751686,98.3229188456466,95.7614657643224,98.866297394825,97.8386326106801,87.6332291567375,94.37757178,170.78256295407,94896.5621495988,5.3435120192366,2.38951123595017,2.737,69.202,100.0,,,6036860.0
Sint Maarten (Dutch part),SXM,2011,,,,,,,,,,27317.5178881974,4.60000341415395,4.58475435650401,,,100.0,,,34267.0
Sint Maarten (Dutch part),SXM,2014,,,,,,,,,,37134.912423099,1.58038221539113,1.88675466275266,,,100.0,,,36672.0
Sint Maarten (Dutch part),SXM,2017,,,,,,,,,,34701.3058494468,-7.53521399882428,2.19201010962985,,,100.0,,,38996.0
Sint Maarten (Dutch part),SXM,2021,,,,,,,,,,32548.4366854902,4.57759677933345,,,,100.0,,,41571.0
Sint Maarten (Dutch part),SXM,2024,,,,,,,,,,41472.5870367865,3.00000089532888,,,,100.0,,,43350.0
Slovak Republic,SVK,2011,79.5830117600274,78.9183688554239,80.3315277021989,72.7878020063789,59.4804478008994,83.4787956524248,49.244593288676,74.4399971746757,110.836202084841,18469.4354316836,2.56242473215553,3.91928599146291,13.634,58.801,54.4167387988534,,26.5,5398384.0
Slovak Republic,SVK,2014,77.2413960546946,79.9728375441257,74.2857070444842,69.8665688250352,37.6377610782755,84.9239582018829,24.044581757919,79.9843017656729,117.780685215586,18770.9289896545,2.70795151449488,-0.0761653295419871,11.536,59.787,54.0029125499893,,26.1,5418649.0
Slovak Republic,SVK,2017,84.1815883374591,83.1339925366358,85.320025053479,77.9373919425316,54.5818735334808,89.5882662892459,49.1810563604358,81.6256675172655,130.944551759663,17645.5298716761,2.87473327453695,1.31194588223247,8.142,59.893,53.6126018237016,,23.2,5439232.0
Slovak Republic,SVK,2021,95.6196968335478,94.010055220096,97.3555491059771,90.8304832985294,96.0540929304771,95.558764720552,70.752745965113,88.92560523,135.268252737261,22123.3342114545,5.6558588065555,3.1496062992126,6.894,60.201,53.1901479870605,,24.1,5447247.0
Slovak Republic,SVK,2024,92.2151184719611,91.0941403563605,93.4077744964987,87.0148493589641,81.0967509510098,93.6161555658433,50.41462849814,89.82507032,139.967676092657,25992.6748502048,1.93867445549446,2.75760909424279,5.3,60.798,53.1919702985684,,,5422069.0
Slovenia,SVN,2011,97.1437132691175,98.1096050306048,96.061803525284,94.7871884080794,98.4530486187342,96.873784300697,94.5124932134491,67.3399948092396,105.844580545528,24940.6284841605,0.655438128379743,1.8028517194191,8.166,58.157,49.9463818748723,,24.9,2052843.0
Slovenia,SVN,2014,97.2445144482087,96.9777803514796,97.5273044751972,95.739909791847,91.4516692476267,98.071032139425,90.5536495278958,71.5862515855601,113.019086174171,24013.0682060959,2.76283327639742,0.199343826570844,9.668,57.853,50.983470916748,,25.7,2061980.0
Slovenia,SVN,2017,97.5334004118114,96.9392040327125,98.1551177999007,95.4606225381078,100.0,97.240878279833,94.4155820120413,78.8854263554775,118.461993493049,23303.077705959,5.17440215579958,1.42910743319306,6.564,58.552,55.2451133728027,,24.2,2066388.0
Slovenia,SVN,2021,99.0496614015272,98.1532130683311,100.0,97.6174084678853,100.0,98.9550142547279,96.811026568068,89.00399524,123.362924143622,29192.8401933019,8.41686457725321,1.91706506089269,4.744,58.38,55.3046289429588,,24.3,2108079.0
Slovenia,SVN,2024,98.7472573239817,98.9427575733679,98.5393342994632,98.0833524484911,98.6279613931479,98.7607595190406,98.6317804316182,90.76355487,130.86090177123,34301.0318686594,1.73139722479493,1.96562656432505,3.7,57.953,55.7577708405917,,,2127400.0
Solomon Islands,SLB,2011,,,,,,,,6.0,49.7105498738573,1924.05795643133,7.43023752099302,7.34270706018,1.292,84.239,20.7284892962955,,,552945.0
Solomon Islands,SLB,2014,,,,,,,,9.0,61.0619411646469,2164.95289873002,1.18945509547778,5.16590237925171,0.73,84.367,22.8612778264703,,,616908.0
Solomon Islands,SLB,2017,,,,,,,,15.14840031,67.8649558389434,2143.57670489272,3.07546176144591,0.488686760261083,0.727,84.32,25.3830535769599,,,685672.0
Solomon Islands,SLB,2021,,,,,,,,26.03790092,62.1565164026326,2043.44413170658,-0.227975292792024,-0.115437894412839,0.879,83.907,28.6889396820578,,,762591.0
Solomon Islands,SLB,2024,,,,,,,,29.04070091,,1933.55538435227,2.99755987604104,4.32183948388033,1.444,84.276,30.6617188562194,,,819198.0
"Somalia, Fed. Rep.",SOM,2011,,,,,,,,1.25,14.5762796961332,235.325945610434,6.69435192567755,,18.761,34.336,39.380318284448,,,12348830.0
"Somalia, Fed. Rep.",SOM,2014,38.6603281288684,33.662557005539,43.5679330453218,27.3565617513371,42.6956269558277,37.1154106413166,33.107242961606,1.629999995,41.2309585125849,429.431656725102,8.97800590574617,,18.595,34.178,42.3515167236328,,,13339491.0
"Somalia, Fed. Rep.",SOM,2017,,,,,,,,,47.725260177752,510.939952317726,14.7357956045195,,18.455,34.102,48.3639630032265,,,14916629.0
"Somalia, Fed. Rep.",SOM,2021,,,,,,,,23.87479973,51.2059481348129,549.056994756254,3.44719850031242,,19.662,33.733,52.9060649733324,,,17271431.0
"Somalia, Fed. Rep.",SOM,2024,,,,,,,,27.94020081,,629.538899449007,4.11139335779471,,18.949,33.9,54.6176465524521,,,19009151.0
South Africa,ZAF,2011,53.6450756317438,51.0233654425798,56.3800355322416,39.5546828479061,40.7610328914341,59.0952563517894,42.5505861590958,33.97,120.765642853915,8646.05571071635,3.16855627858818,5.0008533879502,24.639,52.171,62.850627754452,93.0999984741211,,52995205.0
South Africa,ZAF,2014,70.3174554981439,70.3621796047968,70.2676028219972,56.3528868460195,53.5005379895673,77.0393774769313,60.6584879453424,49.0,142.60448245213,6856.73137092522,1.41382645223793,6.13282953059149,24.89,53.314,63.1352327065742,94.1399993896484,59.6,55594838.0
South Africa,ZAF,2017,69.2184941645761,69.9898100072638,68.3953270719118,62.6352807673446,62.8989822895863,71.6772307886876,63.9982858972253,56.16740036,153.547950468153,6618.33508255701,1.15794695181735,5.18618655524149,27.035,55.359,63.3311078299936,,,57635162.0
South Africa,ZAF,2021,85.378111952418,86.1807916848531,84.5623928616066,77.8222270190467,79.0614558235815,87.3003778535353,76.0165888151312,74.96859741,163.12806305125,6828.75624590017,4.85864865060148,4.61874544887136,34.007,52.024,63.4503925883909,90.0,,61502603.0
South Africa,ZAF,2024,81.1259662052011,80.9924154358395,81.2787434862317,74.2156414653987,66.6012889257954,85.7841303666205,63.720981851365,78.35759735,179.336329840585,6267.186814093,0.534843531905139,4.36115246518962,32.279,55.57,63.6917984858172,91.1500015258789,,64007187.0
South Sudan,SSD,2011,,,,,,,,,17.4959266080871,1448.98435006408,-4.64031673600859,46.8521757193597,12.585,73.622,17.7817678106789,,,10288109.0
South Sudan,SSD,2014,,,,,,,,2.599999905,25.599272919722,1242.73450181032,3.37364847715736,1.6742990629552,12.561,73.69,18.5459183719929,,,11235073.0
South Sudan,SSD,2017,8.57000393149026,,,,,,,4.1,27.1848244017002,,,187.851630279442,12.983,74.269,19.3489927232944,,,10259154.0
South Sudan,SSD,2021,5.8314074673825,,,,,,,,30.151042999214,,,10.5167158294358,13.95,73.504,20.4811115270532,,,10865780.0
South Sudan,SSD,2024,,,,,,,,,,,,91.4408220769046,,,21.3768190444906,,,11943408.0
Spain,ESP,2011,93.2776030316529,91.6614745497223,95.2049237957457,91.8815404027193,78.3849193835151,95.6390456553058,87.5866287192767,67.0899993926581,111.899355043358,31824.6219134777,-0.639920636520344,3.19610188833792,21.39,59.373,78.695397956495,97.7799987792969,35.7,46742697.0
Spain,ESP,2014,97.5753065847114,97.5683784285804,97.5823196056129,96.6352023334976,84.6662138438687,98.7240906936167,93.1686170778983,76.1867089778712,108.745818831037,29707.765509467,1.52048593647231,-0.151114837527235,24.441,58.733,79.1196713833488,98.0899963378906,36.1,46460733.0
Spain,ESP,2017,93.7557046938372,91.6412496905249,95.8810412131674,93.0887590604331,65.3188166359585,97.9936898020091,89.0226902313147,84.6022457016524,112.030085134191,28381.3425596906,2.89604207865007,1.95607633363954,17.224,58.047,79.4663233085683,,34.7,46571232.0
Spain,ESP,2021,98.2984394535205,97.4892592793127,99.1052267335996,97.9309095826759,96.8415237753361,98.4932443499242,96.36803462348,93.89752157,118.999806936801,30799.4775937775,6.68314420473001,3.09313511976402,14.914,57.272,79.7846242983598,99.6999969482422,33.9,47443821.0
Spain,ESP,2024,98.3807416463989,97.8029322469363,98.9857786260021,98.7573470200723,100.0,98.1823618429106,97.63025953601,95.7574516,130.260997343256,35326.7683069278,3.45525405630191,2.747147886618,11.4,57.843,80.315199821207,,,48848840.0
Sri Lanka,LKA,2011,68.5261646815342,67.2384213489121,69.9869884867952,59.1345855965433,68.7159055747569,68.4714793547106,62.8812918981146,7.956399918,87.1978920701214,3224.95745082305,8.66948301160571,6.7167684358854,4.118,52.867,17.7881192817964,,,21009048.0
Sri Lanka,LKA,2014,82.6913822678001,83.1084370513634,82.2261167850048,78.6991790425862,85.1960186626415,81.9884566646781,73.9958745411425,10.5000026214106,102.671053139637,3972.04377042271,6.37797889684965,3.1790022823606,4.157,51.599,18.6153877203724,92.5346618196112,,20778000.0
Sri Lanka,LKA,2017,73.6464607816492,73.4420706174106,73.8885926245093,70.5842200091925,76.6144989205749,72.9011316873123,62.4324616772491,25.07550049,127.669744935625,4398.88828786059,6.46068127080994,7.70413767850602,4.046,53.991,19.1507693078088,91.9000015258789,,21453000.0
Sri Lanka,LKA,2021,89.2707132323262,89.2774734204631,89.2634183556022,87.0790314179909,86.4015210755849,90.0525742987248,76.9279071770383,44.45308724,135.522602889503,3996.96240531688,4.2074764950026,7.01478071238195,4.981,49.836,19.8266275195269,92.4300003051758,,22156000.0
Sri Lanka,LKA,2024,81.6921293527248,80.201889490679,83.3833352312595,80.186232208266,75.0641243872534,83.4123614729863,75.6525964851497,54.59,132.548743018664,4545.36006870612,4.99241614398109,-0.42936004906973,4.239,48.6,20.2996997058686,92.7399978637695,,21916000.0
St. Kitts and Nevis,KNA,2011,,,,,,,,63.20000076,164.228127799343,17832.4572919975,1.61660730423688,5.8351651957086,,,31.2000648379646,,,46886.0
St. Kitts and Nevis,KNA,2014,,,,,,,,65.38179779,138.036484104568,20219.3954237956,7.57696602328922,0.247865392364942,,,31.2290015317909,,,47089.0
St. Kitts and Nevis,KNA,2017,,,,,,,,67.78440094,163.396386822529,22464.9899633959,0.220941147299996,0.694916711613604,,,31.3169642505921,,,47050.0
St. Kitts and Nevis,KNA,2021,,,,,,,,74.37159729,121.256121292475,18361.1449697886,0.367606879216311,1.195688870384,,,31.5393525093972,,,46763.0
St. Kitts and Nevis,KNA,2024,,,,,,,,76.88400269,,23960.6534357084,0.312226855858171,,,,31.795061903951,,,46843.0
St. Lucia,LCA,2011,,,,,,,,34.0,126.035354858237,9128.99442011613,4.32694280532142,2.76940794144093,18.86,67.07,18.4743479557314,,,171801.0
St. Lucia,LCA,2014,,,,,,,,53.17969894,108.161917559637,10044.8218377677,1.32809022110105,3.51695551369241,21.583,69.28,19.3915445904726,,,174138.0
St. Lucia,LCA,2017,,,,,,,,59.16009903,100.199612117363,11333.1123822102,3.37982617272246,0.104262078958441,19.136,69.369,21.783720356472,,,176342.0
St. Lucia,LCA,2021,,,,,,,,63.06330109,96.2374385229832,10481.1233971786,11.1466993240856,2.41070312174393,20.514,65.499,27.4443458949551,,,178522.0
St. Lucia,LCA,2024,,,,,,,,68.20500183,,14493.658470648,4.76890217855616,-0.674240853418779,10.199,68.23,29.0973354237452,,,179744.0
St. Martin (French part),MAF,2011,,,,,,,,,,20930.5821177758,,,,,100.0,,,37069.0
St. Martin (French part),MAF,2014,,,,,,,,,,20638.7705882379,,,,,100.0,,,37450.0
St. Martin (French part),MAF,2017,,,,,,,,,,,-8.00000324038295,,,,100.0,,,36837.0
St. Martin (French part),MAF,2021,,,,,,,,,,21668.3776525323,4.89999967133534,,,,100.0,,,29961.0
St. Martin (French part),MAF,2024,,,,,,,,,,,,,,,100.0,,,26129.0
St. Vincent and the Grenadines,VCT,2011,,,,,,,,36.70000076,120.539739732416,6527.68996854448,-0.60627665148327,3.1860311155246,20.006,66.618,46.18402928344,,,109349.0
St. Vincent and the Grenadines,VCT,2014,,,,,,,,47.4,106.957734691031,7168.82875342911,1.1457271877622,0.193858560794015,19.237,66.823,46.5579930468544,,,107535.0
St. Vincent and the Grenadines,VCT,2017,,,,,,,,53.70000076,109.635350122559,7988.04445019298,1.54810173239956,2.15333648840511,19.024,67.132,46.9392900518098,,,105663.0
St. Vincent and the Grenadines,VCT,2021,,,,,,,,68.83339691,95.5173520288601,8641.27904024443,2.09340124465459,1.57272932500558,20.356,66.756,47.4554100739049,,,102841.0
St. Vincent and the Grenadines,VCT,2024,,,,,,,,76.19010162,108.354536057883,11501.2265187188,4.06183490050209,3.62770736940927,18.093,68.037,47.8487050456749,,,100616.0
Sudan,SDN,2011,6.89979785197721,,,,,,,,69.3293475524591,1332.6572265625,-3.21353209253371,18.0966171221351,17.44,48.786,32.9059760141986,,,36140806.0
Sudan,SDN,2014,15.2684332808943,9.98316105750736,20.223826520119,7.52743318203813,10.1231693886914,16.9699865641615,7.04773618772464,,71.597721245773,1275.43835449219,4.66137954229873,36.9066427863595,15.41,45.715,33.7624582408117,,34.2,38823318.0
Sudan,SDN,2017,,,,,,,,18.60000038,67.0598253428254,966.505676269531,0.70925628476644,32.3516260968437,13.0,42.409,34.2872225663509,,,42714306.0
Sudan,SDN,2021,,,,,,,,,71.767230205952,712.122009277344,-1.8685204827207,359.093040778999,11.087,38.353,34.6421563427994,,,48066924.0
Sudan,SDN,2024,,,,,,,,,,984.607666015625,-13.9643378424022,,,,34.8673015510839,,,50448963.0
Suriname,SUR,2011,,,,,,,,32.0,95.9107913617333,7949.88867218383,5.84936767173009,17.7117796414558,7.54,53.335,66.3675227342307,,,556269.0
Suriname,SUR,2014,,,,,,,,40.08000183,161.251918320811,9108.18905406764,0.255503031645475,3.38341272749477,6.94,55.006,66.2249266178037,,,575373.0
Suriname,SUR,2017,,,,,,,,48.94520187,134.049784997128,6049.52128553675,1.56603782534897,21.9969430173304,7.905,56.138,66.1046467051207,,,593713.0
Suriname,SUR,2021,,,,,,,,,146.654129497521,5029.84838543953,-2.43538583612838,59.1196626251977,8.706,53.245,65.9853973388672,,,617896.0
Suriname,SUR,2024,,,,,,,,,142.122626416427,6961.78956060258,1.72095749127065,16.2296159130279,7.621,53.835,65.7641857200885,,,634431.0
Sweden,SWE,2011,98.9919498180313,99.0131199226451,98.9702495825474,98.030007638871,96.0769888729181,99.3204966935621,98.5240365506554,92.7699860554046,121.218520944341,60379.4814599322,3.16388567406926,2.9611507382214,7.804,63.531,85.3600748880524,,27.6,9449213.0
Sweden,SWE,2014,99.719919448707,99.7582606300709,99.6808218988452,99.3418643459944,98.6217190463165,100.0,100.0,92.5236065037579,126.980024510044,59583.4584491714,2.29577238758284,-0.179638494114635,7.954,63.898,86.2563838747314,,28.4,9696110.0
Sweden,SWE,2017,99.742211618676,100.0,99.4812282398102,99.6675808828444,99.0895468696577,99.8532235394659,96.8513121309694,93.0062669652127,124.472904877796,53210.2233318965,1.88282184966646,1.79449904665599,6.718,64.391,87.237373786911,,28.8,10057698.0
Sweden,SWE,2021,99.6887646957821,100.0,99.3901450298169,99.2210691357652,100.0,99.6465114286116,100.0,94.6703163,124.96149481991,60647.5416365347,5.2258643028773,2.16319736447143,8.803,64.176,88.1741651958315,,29.8,10415811.0
Sweden,SWE,2024,98.5654945145745,97.6051609665946,99.501175617033,96.6188778443266,100.0,98.3527390555316,89.9102552437547,95.52930428,140.686673016562,57222.7100565003,1.01779633304398,2.83581658224034,8.4,64.735,88.8559748346228,,,10569709.0
Switzerland,CHE,2011,,,,,,,,85.1930281804854,127.39653885362,91910.3964565203,1.40766067483813,0.2313492076509,4.409,67.525,73.65058748615,,31.7,7912398.0
Switzerland,CHE,2014,97.9856448863505,96.6947856465924,99.3637064108259,98.8673307413619,94.0055476753537,98.5760624189996,95.6466191381604,83.6172512621702,136.137729869778,90511.6484558843,2.54342347675991,-0.0132025387515946,4.826,67.991,74.7402679059582,,32.5,8188649.0
Switzerland,CHE,2017,98.4296664856118,98.8566501844866,97.9819135202356,97.4382332077034,89.4088348568327,99.8140655561946,96.7209854234417,89.6861476710225,131.169694242519,83610.248611484,1.42034612231261,0.533787839825876,4.797,68.538,77.9126273688843,,32.7,8451840.0
Switzerland,CHE,2021,99.491031115136,99.0179339713898,100.0,99.4864965297368,100.0,99.4374863429747,98.5396670294497,95.56937154,123.21236546636,96582.8687080693,6.17622836050151,0.581814168489856,5.013,67.736,84.2006477608879,,33.8,8704546.0
Switzerland,CHE,2024,98.412309687795,97.6132030221954,99.2322131762524,98.2819631242269,98.0895176021602,98.4456652167333,100.0,97.3443985,129.471369643132,107702.065940312,1.39033363875791,1.06234041976595,4.343,67.103,85.4615370020764,,,9005582.0
Syrian Arab Republic,SYR,2011,23.2530858353611,19.5879996886851,26.7666466636967,23.7884233269882,22.246435784041,23.7488068461135,22.6816194847903,22.5,56.4601130740851,2952.14372909443,2.8502205980333,4.7531638888563,8.626,43.4,58.4817704183521,,,22878098.0
Syrian Arab Republic,SYR,2014,,,,,,,,28.09000015,69.2511845049776,1060.59105887433,-10.3103412087823,10.9271141804297,14.782,37.729,76.0,,,20273659.0
Syrian Arab Republic,SYR,2017,,,,,,,,32.70000076,80.032591460097,851.501972646386,-0.723346297115341,18.0752696281771,13.603,37.742,74.5395596323392,,,19224668.0
Syrian Arab Republic,SYR,2021,,,,,,,,,78.5558300193552,688.566109726934,1.7896919997567,,14.887,36.334,73.0125007629395,94.4199981689453,,21628839.0
Syrian Arab Republic,SYR,2024,,,,,,,,,71.2231424453527,,,,13.359,36.989,72.0761345758254,,,24672760.0
Tajikistan,TJK,2011,2.53485730790679,,,,,,,13.02999973,80.8201119902975,833.601978202852,7.40000059956711,12.4315490430406,7.04,41.703,26.4792213439941,,,7824785.0
Tajikistan,TJK,2014,11.4592328535776,9.09066029188348,13.8953299160164,5.79231662987878,4.47427117278524,15.1123779735363,7.96731865899176,17.48999977,94.9385868130658,1081.54402932039,6.70000069016253,6.10442765129667,7.024,40.501,26.5633735656738,,,8425552.0
Tajikistan,TJK,2017,47.0243971607939,42.1307962116515,52.0938082313705,38.4750118412012,49.3356705327008,45.9390374813256,39.1844199140174,21.95999908,109.003509375909,829.45714764957,7.10000041864309,,7.035,38.877,26.2731513977051,,,9085946.0
Tajikistan,TJK,2021,39.4881617560099,39.4130052488885,39.5677218193456,38.2291252749162,18.0839801973922,46.647534055157,32.167739572579,36.70560074,64.0874682499327,896.748053372182,9.39999955037523,,7.687,37.071,26.1991525151375,,32.4,9966908.0
Tajikistan,TJK,2024,54.5193771390539,46.9005362710827,62.5557724693504,49.9650557404033,29.7660846051287,63.7446312070468,43.5802725818182,55.79339981,,1362.02559981695,8.39999980983981,,7.041,38.347,26.1788063651548,,36.1,10590927.0
Tanzania,TZA,2011,17.2577675334801,13.8239817090313,20.7948508640975,8.76980754995267,13.4567030263669,19.3626113037512,7.41654645659887,3.200000048,55.7610427273527,775.392761230469,7.67215543486064,12.6909694699162,3.47,85.749,28.865726405543,,37.8,46029367.0
Tanzania,TZA,2014,39.7794762771647,34.3341380343178,45.4474805229971,24.7676972672578,31.8718210989574,43.9079248440376,32.6300421684617,7.0,63.2804353521698,1022.74841308594,6.73246186832483,6.13161432988012,2.125,83.967,30.6443077170742,79.8949432291161,,50351512.0
Tanzania,TZA,2017,46.7515639970681,42.1522209834672,51.5535709781617,37.2505178622464,45.6326636903664,47.3136449640868,41.0202530495649,14.46339989,71.7911684370749,986.674011230469,6.72726996832438,5.31871605228931,1.854,83.86,32.2987013317296,,,55652890.0
Tanzania,TZA,2021,52.4333347484758,46.0288815505263,59.3651895310364,39.015980118513,49.9024859712798,53.7774605653582,46.7012915082421,22.87540054,86.0162814148027,1159.85656738281,4.32138429480482,3.69091958802199,1.876,83.733,34.3500111758619,,,62830412.0
Tanzania,TZA,2024,59.8275253090773,54.9346318215236,65.3362469372565,50.8519090423491,53.1513813279097,63.0900519671686,54.1501416450898,31.16209984,126.559163217786,1192.60668945313,5.5263138305945,3.05694676312373,1.557,83.749,36.1684458862992,,,68560157.0
Thailand,THA,2011,72.6664359374049,72.637541514474,72.700074094978,64.5318357730121,59.3428902587325,75.442407171622,63.8449941339795,23.669925618731,112.233203232914,5373.6232832898,0.840132083053334,3.81191694558332,0.66,73.226,44.8048723557374,,37.5,69007208.0
Thailand,THA,2014,78.1365538281076,75.4402955725009,81.2429176119444,71.3588554049789,70.5503136099802,79.7637081061802,73.1996593546332,34.8860535783465,138.28115031927,5801.1978916205,0.984468863619426,1.89455652481545,0.576,69.794,46.3138799467897,,37.0,70216367.0
Thailand,THA,2017,81.5940008546208,79.7800999502411,83.6913751060084,77.5467094872071,73.3384072019096,83.1741812506476,77.0002508567832,52.8919293439676,170.783699598766,6413.09182530343,4.1776810321001,0.664415139830893,0.83,67.525,49.2311973571777,,36.4,71160187.0
Thailand,THA,2021,95.5769973139711,92.7033954124988,98.6060258016341,97.679691364534,96.9984931201374,95.2166392172407,93.469928883793,85.26956666,168.485285358167,7055.18760721422,1.55858232076893,1.23104516549814,1.215,66.952,58.5087776184082,,34.9,71727332.0
Thailand,THA,2024,91.8249814693343,92.7000685235119,90.918244759467,91.1856150388769,88.1285982399774,92.6185771040456,91.0017346016231,90.86718789,160.639312286761,7386.63615126055,2.94859986593323,0.398333333333422,0.781,67.129,61.8689338391321,,33.3,71668011.0
Timor-Leste,TLS,2011,,,,,,,,4.0,55.3186027470553,939.045241112693,5.95855605611087,13.499840238577,3.385,67.409,29.633352306451,,,1110207.0
Timor-Leste,TLS,2014,,,,,,,,17.5,116.401176746315,1224.74957758801,4.47249846569638,0.726275016139465,3.618,66.98,29.5463092024041,,28.7,1181903.0
Timor-Leste,TLS,2017,,,,,,,,24.20000076,124.360491266698,1266.17767952941,-3.18241522489195,0.557215537430361,4.254,67.058,29.3600996787092,,,1251703.0
Timor-Leste,TLS,2021,,,,,,,,35.04199982,102.668836319816,2684.92673717299,5.36980119392668,3.69792094666786,2.344,66.473,28.7927371734472,,,1350139.0
Timor-Leste,TLS,2024,,,,,,,,,116.382391453038,1331.9705130185,-9.10069289810397,2.06284153005468,1.523,66.763,28.6641074179574,,,1400638.0
Togo,TGO,2011,10.1852402521278,9.21766924099931,11.1866442660827,5.95267499247716,6.81264439119564,11.8729245985427,6.46430785117109,3.5,38.9697843149559,834.14671980279,5.82325622135289,3.5635147290396,1.982,58.184,37.9872305648732,60.4099998474121,46.0,6500582.0
Togo,TGO,2014,18.2514629953597,15.1125772794958,21.4943224834086,8.14145878012273,12.2872602895916,21.1615368053064,12.8459825082957,5.699999809,60.4368580586019,921.539748631461,5.63323739145223,0.19087507624975,2.141,58.162,39.2839506458368,,,6937644.0
Togo,TGO,2017,45.2893518838727,37.5931543657929,53.0494017243899,34.7435734037245,43.8808551923646,45.9606793962565,38.3642466556548,12.3602249692905,75.3357270694068,872.076408845752,4.00791259566937,-0.981889868943119,3.744,58.074,40.5809463430719,60.9537021917226,,7324386.0
Togo,TGO,2021,49.6056349278117,44.2989014704426,55.2160197413269,39.040293990828,42.3368219522507,53.0376713766382,42.2802899366706,30.33839989,70.4496733018494,1076.29520076949,5.13562929064506,4.1862150652352,2.344,57.713,42.3105904515122,,37.9,7936176.0
Togo,TGO,2024,57.4329534151865,45.3494825153525,69.9999828165192,43.6513631462085,49.0469009088821,61.1008580906425,48.3004244617773,39.48320007,80.8035554767112,1266.08777721447,6.52651376797853,2.86262074089801,1.948,57.886,43.8148491605996,,,8406558.0
Tonga,TON,2011,,,,,,,,25.0,51.1294970716743,3849.99375750134,6.70369746238768,6.27075302995692,1.594,56.173,23.46075468367,99.3899993896484,,107570.0
Tonga,TON,2014,,,,,,,,35.95439911,63.7844834863848,4136.59010898445,1.99053769890816,2.51087633253696,1.914,55.364,23.3431040935971,,,106609.0
Tonga,TON,2017,,,,,,,,46.20080185,102.450738448688,4365.92929788648,3.20231976224244,7.51706283551116,2.137,54.349,22.9711300654966,,,105356.0
Tonga,TON,2021,,,,,,,,57.549,60.9801876955162,4922.8015864044,-0.934919892094683,5.64051140636743,2.111,51.935,21.258003897665,,27.1,105490.0
Tonga,TON,2024,,,,,,,,67.4417038,,6215.38990974121,1.71653807667747,3.18188924237472,1.965,50.196,21.1505271125521,,,104175.0
Trinidad and Tobago,TTO,2011,75.9220595177181,69.8558533979397,81.9860347399983,,80.3274876306981,74.3233735011241,63.9150519094813,55.2,130.911989608476,19151.0870229722,-0.294354409043763,5.1071328926456,3.425,62.783,53.9253615474727,,,1328019.0
Trinidad and Tobago,TTO,2014,,,,,,,,62.40000153,139.365477214979,21908.3014555644,3.67086851032413,5.68441814595659,2.477,63.902,53.9259699537793,,,1345343.0
Trinidad and Tobago,TTO,2017,80.7833517134774,73.603040386489,88.2246322495833,77.0773853963408,66.9542026786174,83.9825479697151,79.1312720139602,70.59999847,140.503134035998,17566.0999700656,-4.87274946918724,1.88038440183532,3.389,61.563,53.9293186833833,,,1356633.0
Trinidad and Tobago,TTO,2021,,,,,,,,84.36576986,134.221562299819,17712.5674104655,-0.716740625909793,2.05922746915458,4.446,57.632,53.9421278853848,,,1367558.0
Trinidad and Tobago,TTO,2024,74.5920641469519,73.2927431144278,75.869999628906,73.9723506545314,76.9727618121562,74.0234331516312,62.1396540853468,82.15989685,118.786668099235,18733.4110406494,2.50920813979569,0.526884625776839,3.318,58.153,53.961056681951,,,1368333.0
Tunisia,TUN,2011,,,,,,,,39.1,113.794012236779,4420.64772206537,-2.04663389535644,3.24002842009531,18.334,47.632,66.9191886197857,79.6500015258789,,10886035.0
Tunisia,TUN,2014,27.4323115412138,20.7014709907983,34.2493346890334,14.808105167622,18.7671340848818,30.4182866902472,22.5150497174267,46.15999985,126.692106854109,4458.97895464547,3.09032803070775,4.62555099534031,14.259,47.614,67.7524643379101,79.0400009155273,,11274288.0
Tunisia,TUN,2017,36.9065671682783,28.3634358024227,45.7311275395814,21.0496481993204,23.3242041917553,40.0200470951784,23.5212497090243,55.5001550633671,123.034053994945,3619.03247319953,2.25261437620587,5.30884839565844,15.33,47.488,68.2877807617188,,,11650498.0
Tunisia,TUN,2021,36.853236511337,28.7473240351555,45.1395341580702,32.0202962674491,24.3423961492063,39.9747756392746,29.2645264587375,68.31552226,129.846077003661,3906.93926319391,4.73603648206102,5.706350208307,16.632,45.228,69.3997523770568,83.6800003051758,33.7,12048622.0
Tunisia,TUN,2024,37.8444860328559,26.6074987294777,49.5665996567354,21.6558127729451,11.6592580347266,45.4756634966955,28.6065551972747,76.5,117.606816067203,4187.64079392362,1.61444564976986,7.20661657168794,15.341,45.486,70.3585355691955,,,12277109.0
Turkiye,TUR,2011,57.6014257729643,32.6799782387577,82.0568749699292,47.1064704384441,43.7528462749905,61.8999364027729,50.8865201622638,43.065710430925,88.0166628392838,11373.6355760885,10.9799625273598,6.471879671151,9.789,49.864,71.0028723528334,94.1100006103516,40.0,74223629.0
Turkiye,TUR,2014,56.6774865730574,44.4588113158811,69.1570930044891,51.1322857116819,41.5696509673947,61.1569583578263,47.511413687558,51.0373665521645,92.1219361989572,12209.3862327674,4.60079447270559,8.85457271364316,9.901,50.512,83.6024850744433,95.4400024414062,41.2,77181884.0
Turkiye,TUR,2017,68.5903080534789,54.2938243729192,82.9945648225982,56.3754096111506,55.9270983586882,71.9402378244238,57.4380932554562,64.6846176835371,93.6407569517097,10756.3877677883,7.82585730002594,11.1443110840764,10.919,52.832,88.0320472717286,96.1500015258789,43.5,80312698.0
Turkiye,TUR,2021,74.0916612877286,62.5451650030143,85.343679137251,61.3740973521557,72.742452624104,74.4564231695797,61.5382693108141,81.40843745,99.5415432248525,9981.76398411336,11.811094450607,19.5964926913324,11.969,51.359,89.1762048153239,97.2600021362305,44.4,84147318.0
Turkiye,TUR,2024,81.5545478352063,71.6675500449687,91.6080831238213,75.5367583458805,65.2395251221829,85.5706060940068,70.295002174836,87.3078767,107.826875714392,15892.7157287241,3.3276230893799,58.5064507300342,8.8,54.2,89.3443122873887,,,85518661.0
Turkmenistan,TKM,2011,0.404911517118832,,,,,,,5.0,93.2537591382086,5143.61929334647,14.7183120474814,,4.003,45.496,46.9397537877858,,,5683417.0
Turkmenistan,TKM,2014,,,,,,,,12.19999981,118.613404511362,7164.14536184006,10.3497353947965,,4.005,43.776,46.9954085410955,,,6075283.0
Turkmenistan,TKM,2017,40.5764131969046,35.5171080941356,45.7125533660727,39.4209697755709,15.5431045447919,48.8334047075464,9.92283612390975,,,5125.54920055808,6.45138358820188,,4.035,43.115,47.0334857399476,,,6507061.0
Turkmenistan,TKM,2021,,,,,,,,,88.1929367884543,3713.20113171765,6.15115785574542,,4.458,41.701,47.0581410301711,,,7092043.0
Turkmenistan,TKM,2024,,,,,,,,,,5904.25772576512,6.28235647996578,,4.02,42.169,47.0875253910294,,,7494498.0
Turks and Caicos Islands,TCA,2011,,,,,,,,,,27327.4006354146,4.62049892978239,,,,90.7312950817828,,,30846.0
Turks and Caicos Islands,TCA,2014,,,,,,,,,,27292.5820256776,8.71129580824217,,,,91.5971200472541,,,35050.0
Turks and Caicos Islands,TCA,2017,,,,,,,,,,30014.2309523213,74.5879880544188,,,,92.4155868799755,,,39913.0
Turks and Caicos Islands,TCA,2021,,,,,,,,,,27329.2885087196,29.6293781722414,,,,93.4467025398547,,,45243.0
Turks and Caicos Islands,TCA,2024,,,,,,,,,,37506.7798431288,5.63682517443362,,,,94.1670917861964,,,46535.0
Tuvalu,TUV,2011,,,,,,,,16.5,19.7588126159555,3679.5325726267,7.52010985962886,0.5005807431527,,,56.0428770356731,,,10780.0
Tuvalu,TUV,2014,,,,,,,,24.10000038,34.5957756737072,3518.13249227107,1.66722583350807,,,,58.2999596618832,,,10984.0
Tuvalu,TUV,2017,,,,,,,,35.20000076,73.6038273990248,4166.79162422818,3.26802914033142,,,,59.9531274910912,,,10869.0
Tuvalu,TUV,2021,,,,,,,,,88.2872277810477,6042.51983141155,0.0,,,,62.6098296425994,,,10194.0
Tuvalu,TUV,2024,,,,,,,,,,5883.50257114002,3.38983050847457,,,,64.7254793441291,,,9646.0
Uganda,UGA,2011,20.4614192079115,15.0635186201917,25.7830122357305,9.87003834032227,12.3869481449529,26.2182801037121,14.222397840509,4.599999905,50.0591238800663,835.620060555838,9.3916554927176,16.5643496174515,3.523,80.156,20.0561028736631,,,33354543.0
Uganda,UGA,2014,44.447154358521,36.6332838325585,52.3556578891782,28.8055038610712,35.0350052812248,50.9221527453947,36.7948207806677,5.400000095,55.9572451997482,896.054795546394,5.10630732539796,3.07570668958641,2.357,77.206,24.1938503391826,68.5100021362305,,36395539.0
Uganda,UGA,2017,59.1991511838928,52.7064122025169,66.0769958679875,47.2989682640939,57.1416052179425,60.6080276224175,46.6462653654414,7.417900085,62.0968142578109,765.218332297361,3.13140551723596,5.20971705914209,3.428,71.759,26.4139260579546,,,40177388.0
Uganda,UGA,2021,65.914011087313,65.0628896875427,66.8822379222055,51.3881762786007,62.6527404861013,68.1297546394425,54.2593239824582,10.0,65.6220730009172,882.791717542504,3.53658034070898,2.20457204757414,3.416,79.3,29.2362957789022,79.0476540680567,,45910930.0
Uganda,UGA,2024,72.8273757556063,66.3670902474203,80.2678606568995,66.8868869234163,66.7441953214858,76.9347109084957,64.8079887063478,8.949831061,83.165031466902,1077.91278438613,6.05558075875589,3.32338033691819,2.74,79.972,31.2777698213557,77.0400009155273,,50015092.0
Ukraine,UKR,2011,41.2685749442218,39.2077527093748,43.8778598871484,30.2448257744646,45.1661501909097,40.4821988429078,12.3877169210928,28.7082628400713,121.941606633464,3656.69799804688,5.44528081048476,7.95572466274652,7.851,56.266,68.7234299826222,,24.6,46307853.0
Ukraine,UKR,2014,52.7148134392787,51.6856478787881,54.0178930262508,43.7391436986864,55.9446575921768,52.1892115724859,20.9835879496568,46.2359754571651,144.278847394403,3054.908203125,-10.0788949840953,12.0718562874251,9.27,56.286,69.0554339301313,,24.0,45972380.0
Ukraine,UKR,2017,62.9023288438411,61.3211722499966,65.0290829347088,53.2602144162062,53.8797419083689,64.1952152111569,30.5967862527302,58.8894794459775,131.356511508927,2604.28759765625,2.35997228099491,14.4383227488749,9.5,56.305,69.2633108489282,,26.0,45436041.0
Ukraine,UKR,2021,83.5648133398349,80.6856582690021,87.0726379019367,79.7302771653259,90.8892632280523,82.6839246894633,44.9383735061357,79.21829353,135.025688989835,4775.94580078125,3.44562065945944,9.36313917695223,9.834,54.639,69.4027032653896,,,44298640.0
Ukraine,UKR,2024,87.581225854266,83.8855969447319,91.5174220952965,81.5206322830376,92.9277148887562,86.9972071488144,84.0104630508427,82.47489929,,5391.62255859375,3.24811808426423,6.50198464669254,,,69.5315643200148,,,37860221.0
United Arab Emirates,ARE,2011,59.7323702767485,47.2084354869167,68.776231243201,52.8977265477766,26.319549289259,73.2746809916255,42.6088445704585,78.0,162.893623558443,51921.8890746408,6.73651167897515,0.87734659568512,2.587,76.869,83.5695007795347,,,7104538.0
United Arab Emirates,ARE,2014,83.7433268781272,67.6806200532205,89.9819822630497,77.6929587365218,66.7392514508185,88.4041523119258,64.4202155441849,90.4000107121939,204.191832969644,52725.2307981936,4.63291785879667,2.34626865671643,1.999,77.672,84.1438806787019,,,8059440.0
United Arab Emirates,ARE,2017,88.2103911038117,76.4167186193151,92.6721593753115,82.9903703612701,60.2096192604377,90.7353321354226,70.8787531078766,94.8199225383446,214.701342068567,43733.6242018215,-1.06137114472548,1.96682557818842,2.462,78.759,84.686675718659,,,9223225.0
United Arab Emirates,ARE,2021,85.7421930087712,86.6829485997078,85.3945542078018,83.3963852937825,79.4338574142122,87.1586652498761,75.9677670946687,100.0,186.30089463245,44118.4936214315,4.55280140106356,0.179935336174431,3.105,77.054,85.3571908511355,98.129997253418,,9575152.0
United Arab Emirates,ARE,2024,,,,,,,,100.0,203.206410299544,50273.5126243239,3.99181200361831,1.66336510224894,2.16,78.484,85.8171088279791,98.8099975585938,,10986400.0
United Kingdom,GBR,2011,97.201284899645,97.651985620265,96.7070356040732,96.6492005694814,91.0408255842158,97.9548976762696,89.8929536875383,85.3799985496322,121.49766447536,42295.9273835322,0.851437739020326,3.8561124468282,8.195,61.778,81.1359685592627,,33.2,63258810.0
United Kingdom,GBR,2014,98.9310547976756,98.6527309133106,99.2217005433475,98.0837341556043,90.7583792575475,100.0,100.0,91.6133009176453,120.958261038047,47746.9810645521,3.16017351468152,1.45112016293279,6.398,62.131,81.6355750750722,,33.1,64619000.0
United Kingdom,GBR,2017,96.366318852125,96.0734367415868,96.6740866065722,94.473513929297,83.5203366431192,98.7131823330391,90.2228519938531,90.4245504868553,119.206737402819,40918.0520870944,3.02322219840339,2.55775577557747,4.501,62.412,82.23065673273,,32.6,65964000.0
United Kingdom,GBR,2021,99.7632738299911,99.9090517704621,99.6127612541258,99.5684103892191,100.0,99.735346820639,98.3316494050925,96.19650269,117.887430294308,47695.6491523474,8.5431118453255,2.51837109614213,4.864,61.973,82.9886431523641,,32.4,66978000.0
United Kingdom,GBR,2024,99.2843092777584,99.2689870562959,99.3005630735761,100.0,100.0,99.1760136035857,100.0,95.4720993,121.643331373201,53341.3131094262,1.08027716858781,3.2715729463592,4.361,61.556,83.2429544416085,,,69281000.0
United States,USA,2011,87.9578658638029,84.0690581399157,91.9819404591238,78.5778086487061,76.1346081661272,90.2882068717113,47.1923286788899,69.7294607619268,94.682964660635,50024.8812320773,1.56440685205419,3.156841568622,8.949,63.232,80.6957554256024,,41.2,311839461.0
United States,USA,2014,93.5838007921263,94.7977101824712,92.3612617236252,87.69114876944,87.5635175357175,94.8046267058246,59.8634244277003,73.0,99.839569071329,55153.3940182967,2.52381981757846,1.62222297740817,6.168,62.447,80.6242231779766,,41.7,319257560.0
United States,USA,2017,93.1221843138765,92.6862456595629,93.5703395175217,85.2185675346076,86.9444178862733,94.2130469046015,64.5688563123978,87.2748891687657,102.380562632686,60047.7190728307,2.45762230126449,2.13011000365961,4.355,62.548,80.4018678392891,,41.4,326608609.0
United States,USA,2021,94.9532296473716,96.7918915249746,93.0887141747744,91.2456385601511,93.8018128391475,95.157024284965,57.715844054122,91.2684021,106.324514306135,71441.2319805947,6.15202247867526,4.69785886363742,5.349,61.501,80.0074765140272,,39.7,332100166.0
United States,USA,2024,97.0230983290589,97.1092143262693,96.9368554605958,95.5767682441686,87.6628290445134,98.7844248115205,92.7320585202772,94.69380188,113.190481805755,86169.6641581917,2.79318715363841,2.94952520485207,4.022,61.959,80.1247798047184,,41.8,340003797.0
Uruguay,URY,2011,23.5426008998817,23.8296467904199,23.2125066597585,8.81690297513699,12.3668651158826,26.1827258896667,10.9699521376843,51.4046610563616,143.001961329496,15132.2675725587,5.16213302463606,8.0928320630299,6.307,66.016,94.6036824756941,98.3399963378906,42.2,3326825.0
Uruguay,URY,2014,45.5857273469335,41.2656145202029,50.5615596077899,33.2113071428608,29.5131129883117,49.5360984379697,32.86095948115,61.4624951684405,163.782686705197,18322.4276767157,3.23879122952364,8.87735333229828,6.547,65.873,94.9897821210514,98.4400024414062,40.1,3356334.0
Uruguay,URY,2017,63.8680056828288,60.6288371445556,67.6058493626492,48.6147281082385,44.1169235996379,68.7183528789075,51.4663070822897,70.3223543994698,150.440084782428,19184.6626114272,1.74037649141989,6.2180938256186,7.89,64.114,95.2288235732042,98.620002746582,39.5,3388438.0
Uruguay,URY,2021,74.1272677007413,75.726963457999,72.3503944884716,63.229477918047,59.4622530335434,77.3529517637869,65.3603089226492,87.64440155,138.112989243956,17881.8119616753,5.84427325018082,7.74791402314762,9.328,62.887,95.4497146606445,,40.8,3396695.0
Uruguay,URY,2024,73.7451275567861,73.2856919264603,74.2464297281832,62.8504097371847,62.432302710555,75.9696490932443,60.4552359826769,91.99109007,145.501755749445,24308.4954958447,3.32575905957381,4.84914366613156,8.209,65.018,95.5981951588181,98.9100036621094,40.0,3386588.0
Uzbekistan,UZB,2011,22.5039189572923,21.2931522658435,23.8178070360844,19.2842201998109,15.0205667106027,26.0058518837966,10.3110083257017,18.6,88.2684522563008,2338.55462817306,8.12793681625645,13.7797446476602,4.96,55.55,51.3395500183105,,,28823196.0
Uzbekistan,UZB,2014,40.7100128887211,39.3352532737355,42.1921844455598,34.8606071252996,24.8653072742292,47.9179658346985,24.3090804960167,35.5,71.5984657244746,3021.00331668049,7.71373911707978,9.28309356162695,5.09,56.061,50.8868713378906,99.9800033569336,,30222994.0
Uzbekistan,UZB,2017,37.0897362684589,35.9690781340014,38.3331690579668,30.9178405980364,20.8981165666026,43.6261906747153,20.9487773477322,48.6999988524556,76.2604866788199,2271.4730109511,4.70027401956061,13.8757425441635,5.83,56.468,50.6787376403809,,,31819178.0
Uzbekistan,UZB,2021,44.1347902834696,38.8183128905487,50.2356196575346,41.4951362821386,24.4000249700926,49.7869659492366,23.8513721184318,76.59043014,102.410090312681,2370.36480555669,8.20448512353877,10.8492397508122,5.364,56.03,50.9269905090332,100.0,32.9,34243696.0
Uzbekistan,UZB,2024,59.6583830145186,60.7039265407325,58.5397971163848,61.6991328968796,35.414358743409,66.760624024743,39.259012572243,89.50550079,110.492018573638,3337.45492058664,6.67618796188361,9.62825465956682,4.439,57.701,50.9986686706543,,34.6,36361859.0
Vanuatu,VUT,2011,,,,,,,,9.199999809,56.2507701027625,3163.1861645138,3.13980290023437,0.8737931047811,4.811,63.759,24.7861634049013,,,243474.0
Vanuatu,VUT,2014,,,,,,,,18.79999924,59.9642637565324,3378.36411965135,3.10512947273315,0.798863838097023,5.137,61.853,24.8549637694775,,,260240.0
Vanuatu,VUT,2017,,,,,,,,,81.8708326900222,3585.31798081216,4.22332192519966,3.08452624403546,5.247,59.909,24.7644441456437,,,278507.0
Vanuatu,VUT,2021,,,,,,,,,81.6914485987419,3576.13770954363,-1.16332488626091,2.34328358208953,4.776,58.284,22.2501822422475,,,305868.0
Vanuatu,VUT,2024,,,,,,,,,,3959.87703462363,3.76564827114278,1.14348948727412,4.988,58.345,22.2866933360645,,,327777.0
"Venezuela, RB",VEN,2011,44.1166616188675,36.1505408502486,53.0591611895652,30.7447069260221,17.511001325656,53.8242477543081,32.122359828671,40.22,98.6184338835709,10843.9229703167,4.12186379928315,26.0902123160959,6.902,63.626,88.8079278904659,94.7699966430664,,29185212.0
"Venezuela, RB",VEN,2014,57.0263255388671,53.2573684740236,61.108911179546,48.0314479111527,27.6261743796323,66.5440741676812,37.931264710753,57.0,100.905474597326,7101.15006382986,-3.85852090032154,62.1686499794829,6.821,62.154,88.9163913525251,,,30254079.0
"Venezuela, RB",VEN,2017,73.494507088005,70.0380101575445,77.3059433710311,60.1840356511286,56.9840583014876,78.2752922176726,57.9375308903843,,80.1355411817503,3791.63262049576,-15.6989247311828,,5.045,59.903,89.0287726100378,97.1837183128414,,30565323.0
"Venezuela, RB",VEN,2021,84.3948009275794,79.6660056431576,89.0619066648864,78.2085437500663,62.2448522065365,91.4927901492757,83.0016050786551,74.11219788,60.2344883065715,2004.93572921136,0.625000000000014,,7.027,48.611,89.1766444746891,,,28237826.0
"Venezuela, RB",VEN,2024,87.3184627954851,87.7033336249902,86.9300365024269,84.4291999175201,76.3922099595066,90.3803014459266,79.1494147346836,76.67890167,71.0075917225029,4244.45723136019,5.52486187845305,,5.321,52.05,89.285859883201,,,28405543.0
Viet Nam,VNM,2011,21.3694926755785,18.9092637436254,24.0045644646234,11.0485841724382,22.647788691719,20.9356336474214,4.50582375069762,35.07,143.91372373164,1950.92504174913,6.41316889681683,18.6777322770706,0.999,76.372,30.6996041680996,,,88468314.0
Viet Nam,VNM,2014,30.9509468007991,32.0312178437901,29.8183388205363,18.7117039241262,37.4371905601413,29.0211714959545,15.3406010948464,41.0,148.504309214861,2546.38464459903,6.42224312118567,4.08455446637625,1.256,77.306,31.9480269945454,,34.8,91679578.0
Viet Nam,VNM,2017,30.7957930492479,30.4197003358315,31.2050989564739,20.2775223656029,34.2172074418207,29.879436496354,13.0474491556189,58.1400000036297,126.097912313395,2956.10992127753,6.94019037359206,3.52025688811618,1.874,77.2,33.3625963003742,,,95176977.0
Viet Nam,VNM,2021,,,,,,,,74.20999985,136.806313165021,3704.1935590038,2.55372852648131,1.83471554810462,2.383,73.738,36.6540656426603,,,98935098.0
Viet Nam,VNM,2024,70.5507533567583,69.8844155477409,71.2493314689508,48.1091971005892,72.1566679336018,70.1939598345198,33.4836318159282,84.15,127.606471743496,4716.6599379632,7.03955197123018,3.62109273885844,1.602,73.134,38.4900703430176,,,100987686.0
Virgin Islands (U.S.),VIR,2011,,,,,,,,35.6,,38997.1373164651,-8.20424555364315,,11.337,61.475,94.6553578863453,,,108290.0
Virgin Islands (U.S.),VIR,2014,,,,,,,,50.07,,33045.3643795999,-1.77453027139875,,11.871,56.265,94.8797070702488,,,107882.0
Virgin Islands (U.S.),VIR,2017,,,,,,,,64.3774942980087,,35365.0693039774,-0.735294117647058,,11.445,59.135,95.0366785523929,,,107281.0
Virgin Islands (U.S.),VIR,2021,,,,,,,,,91.7189273471447,42571.0777368471,3.66760707873814,,13.508,53.562,95.1604310610968,,,105870.0
Virgin Islands (U.S.),VIR,2024,,,,,,,,,,,,,11.423,54.471,95.3312197036061,,,104377.0
West Bank and Gaza,PSE,2011,19.4280315485088,10.1861740977222,28.6660734485789,7.99409914888863,8.6824456445287,25.6218326310054,12.7822460310533,41.08000183,70.0930147126709,2880.79843707909,9.60080848913594,2.8772435849594,17.597,41.362,84.2340950604341,95.0299987792969,34.4,3882986.0
West Bank and Gaza,PSE,2014,24.2438057330998,21.2148549543373,27.3375461482883,15.6402577211687,10.5757326335333,33.4915081685237,25.0947385731424,53.6651997924171,72.4102229180943,3352.11259506043,-0.157866650855297,1.73298510037447,20.526,42.118,85.0433335176723,96.2099990844727,,4173398.0
West Bank and Gaza,PSE,2017,25.0221747008253,15.9107728934959,34.4360022949327,11.9815739402805,12.1657133695321,33.0769205399184,18.126114915384,63.29999924,84.2593832303374,3620.36048715937,1.41936756294787,0.212570934228881,25.677,44.004,85.3782255354,96.9199981689453,,4454805.0
West Bank and Gaza,PSE,2021,33.6425508866377,25.927658065924,41.4381977364089,17.4399652116782,18.2936516541714,42.390656006823,30.5021843463976,,78.1621094563592,3678.63565662194,7.01198227592003,1.23748102831369,26.39,43.367,86.334956387337,97.6840000894857,,4922749.0
West Bank and Gaza,PSE,2024,39.6209836077699,27.7345491731852,51.181464130948,33.1063553167404,23.4405094632974,49.0562491592002,34.5955293978022,,,3028.25481286981,-22.8573273913324,53.6691458303782,,,87.1196014117004,97.9389541214558,,5289152.0
"Yemen, Rep.",YEM,2011,3.6599537986911,,,,,,,14.90499973,42.3015755016596,1186.47500581215,-12.7148969035133,19.5435617131144,13.311,38.924,30.9237389467026,,,27582897.0
"Yemen, Rep.",YEM,2014,6.44848186259134,,,,,,,22.54999924,56.5732322792042,1430.16420964026,-0.188690241954504,8.10472583623915,13.467,36.972,31.8626162180918,,36.7,30226309.0
"Yemen, Rep.",YEM,2017,,,,,,,,,46.4111228575355,811.165970405745,-5.07179568062152,,18.611,32.47,33.5586912522175,,,33090921.0
"Yemen, Rep.",YEM,2021,,,,,,,,,47.8090200303014,,,,18.312,32.308,36.0704951256305,,,37140230.0
"Yemen, Rep.",YEM,2024,,,,,,,,,,,,,16.97,33.185,36.8077517596594,,,40583164.0
Zambia,ZMB,2011,21.3649091881019,23.3373853809143,19.3929234877127,8.76669321829372,12.8176299414459,26.2977993769305,9.20527495940134,3.5,56.5498570557445,1624.86817763443,5.56925219263019,6.4293968107234,10.548,59.018,40.3684491825881,,,14437796.0
Zambia,ZMB,2014,35.644871301019,33.2477691575508,38.1350851453337,20.5722722568914,28.8433610116085,39.5770247903742,22.4396643611234,6.5,63.6342658198343,1707.48573136694,4.69328316376705,7.80687553566333,6.576,58.843,41.5634741658525,,,15895315.0
Zambia,ZMB,2017,45.8632574748937,40.278877907231,51.6809247376072,31.2449634949863,41.5426341020674,48.444166542131,30.9000325324272,12.19999981,77.0500111230113,1483.46577328065,3.52586277149926,6.57731154205644,4.529,58.577,42.7295979877011,,,17441320.0
Zambia,ZMB,2021,48.521887299618,44.9844337455222,52.4849790092609,32.9143886287809,44.506118008212,50.7426626863776,33.0219726794444,14.82190037,103.28257957834,1127.16077872857,6.23492204726448,22.0207676245777,5.197,60.099,44.2353731410926,79.9494621864846,,19603607.0
Zambia,ZMB,2024,72.7024245599811,70.172074871881,75.4614346484177,58.7956699275909,61.515767600297,79.6105946241842,61.9882588828619,17.10099983,108.704779873813,1187.10943350064,3.82004825518591,14.9856262747939,5.898,61.902,45.4703838491279,71.7699966430664,,21314956.0
Zimbabwe,ZWE,2011,39.651208895891,37.1244111339536,42.5455749456014,24.0925927373015,22.3553713491855,50.2087095531817,,8.399999619,67.6698277302716,1037.77565157218,14.1939156801139,3.4661297281749,5.368,66.013,32.7567295776968,,43.2,13595424.0
Zimbabwe,ZWE,2014,32.3892493998773,28.9797182746217,35.9539033258086,16.3031319868224,23.9638173769242,36.9464549199226,20.8674589101024,16.3647399572904,83.0460608477621,1372.91526173161,2.37698561663417,-0.19778481012661,4.774,66.158,33.1628075970801,,,14207359.0
Zimbabwe,ZWE,2017,55.2851376051058,51.6649260153328,59.2274998414783,43.6011797000716,48.3546823373693,58.7692331502695,37.9223941791059,24.39999962,95.136682697741,3445.44941020134,4.73441117758482,0.893962316050027,6.35,65.989,34.7014953017273,,44.3,14812482.0
Zimbabwe,ZWE,2021,59.7459292908934,53.9752701929203,65.8617142354212,46.9225338081734,49.5798604690391,64.6846193035788,47.4616569684568,32.5923996,90.2538486226365,2613.6167414057,8.46801676808001,98.5461050920624,9.54,65.397,37.8692058859373,,,15797210.0
Zimbabwe,ZWE,2024,49.5216018025126,46.9940182067327,52.4013370486159,38.2144157150038,38.23407208412,54.6643548021549,33.8236387289404,41.64279938,94.2451753366358,2496.15514995576,1.67649454921512,,9.435,67.725,39.8933716820696,,,16634373.0
