country,iso3,year,account_ownership,account_female,account_male,account_poorest40,account_young,account_older,account_primary_education,internet_users,mobile_subscriptions,gdp_per_capita,gdp_growth,inflation,unemployment,labor_force_participation,urban_population,adult_literacy,gini,population
Afghanistan,AFG,2011,9.00501207340641,,,,,,,5.0,47.0151842862822,606.694676337726,0.426354776777345,11.8041858089129,7.83,46.884,22.8205691572485,31.4500007629394,,29347708.0
Afghanistan,AFG,2012,,,,,,,,5.454500198,50.1966555403702,651.417134470046,12.7522870926697,6.44121280934117,7.875,46.956,23.3434391310979,,,30560034.0
Afghanistan,AFG,2013,,,,,,,,5.900000095,53.1490159728276,637.087099117099,5.60074465863221,7.38577178397855,7.921,47.026,23.8077136743646,,,31622704.0
Afghanistan,AFG,2014,9.96100118859884,,,,,,,7.0,56.1322103822265,625.054941813938,2.72454336219565,4.67399603536345,7.915,47.096,24.1910166387726,,,32792523.0
Afghanistan,AFG,2015,,,,,,,,8.260000229,58.256016446556,565.569730408751,1.45131466066431,-0.661709164713742,9.032,47.165,24.4649118421568,33.75,,33831764.0
Afghanistan,AFG,2016,,,,,,,,11.0,62.2553342863232,522.082215583898,2.26031420279821,4.38389195513915,10.116,47.235,24.6588345720126,,,34700612.0
Afghanistan,AFG,2017,14.8933122000757,7.16068414784076,22.5364950637625,13.8025032794991,9.75258646537481,18.0164994279687,8.88774888074038,13.5,67.0507903920361,525.469770891619,2.6470032027451,4.97595150553833,11.184,47.305,24.8352821238871,,,35688935.0
Afghanistan,AFG,2018,,,,,,,,16.79999924,59.8109345283062,491.337221382603,1.18922812944517,0.626149149168847,11.192,45.566,24.9991645191406,,,36743039.0
Afghanistan,AFG,2019,,,,,,,,17.60000038,59.6470805870469,496.6025042585,3.91160341625552,2.30237251516834,11.187,43.814,25.1437258839803,,,37856121.0
Afghanistan,AFG,2020,,,,,,,,17.04850006,58.0461137722591,510.787063366811,-2.35110067203466,5.60188791482224,11.71,41.579,25.2622103446137,36.0149650316607,,39068979.0
Afghanistan,AFG,2021,9.65382184434304,,,,,,,16.51429939,56.6944760468967,356.496214115892,-20.7388393676343,5.13320340824963,12.006,40.684,25.3478620272481,37.2700004577637,,40000412.0
Afghanistan,AFG,2022,,,,,,,,15.86629963,56.2655188632539,357.261152798144,-6.24017199240269,13.7121023720065,14.1,37.64,25.3939250580909,,,40578842.0
Afghanistan,AFG,2023,,,,,,,,15.92840004,55.5474967036959,413.757894705303,2.26694373649188,-4.64470870797775,14.008,37.588,25.4730529631167,,,41454761.0
Afghanistan,AFG,2024,,,,,,,,16.09499931,60.0990815591219,416.871146273728,1.87319280045979,-6.60118564073726,13.687,37.547,25.7007352636188,,,42647492.0
Albania,ALB,2011,28.2681244109764,22.6726112235836,33.6646774405553,17.5185828736703,26.403656977758,28.729258644798,15.061745970692,47.0,106.474179667965,4465.70914328865,2.46351683915714,3.42807130141501,13.481,59.938,53.2917382892465,96.8499984741211,,2905195.0
Albania,ALB,2012,,,,,,,,49.40000153,120.274748763232,4280.93316338873,0.984129880204108,2.03159268395296,13.376,56.995,53.8637553661449,97.25,29.0,2860708.0
Albania,ALB,2013,,,,,,,,51.79999924,126.771812779937,4542.92903556739,1.7072283175406,1.93762080205223,15.866,52.418,54.2979678058548,,,2816902.0
Albania,ALB,2014,37.9863523485894,33.5942341082043,42.5196913972188,23.8900959919099,29.9647681278506,40.4027012498267,24.0050720120978,54.29999924,115.700565028176,4793.59751131525,2.24022695382642,1.62586504402614,18.055,53.42,54.7325813178673,,34.6,2773767.0
Albania,ALB,2015,,,,,,,,56.90000153,117.329657576402,4199.53912925398,2.2277040745779,1.89617402592356,17.193,55.497,55.1579291374894,,32.8,2731293.0
Albania,ALB,2016,,,,,,,,59.59999847,116.284011654089,4457.63412207495,3.90893551362245,1.27543168367423,15.418,57.314,55.5738734464276,,33.7,2689469.0
Albania,ALB,2017,40.0151702048926,38.1029578691588,42.0435031953365,22.7510281551132,31.5006779647126,42.5132495383674,27.4970110290199,62.40000153,125.099939894598,5006.36012951959,3.28317593330073,1.98666133171194,13.616,58.057,55.980276426546,98.8099975585938,33.1,2648285.0
Albania,ALB,2018,,,,,,,,65.40000153,93.8030862083918,5897.65452588774,3.67141928098908,2.02805963071135,12.304,59.296,56.377000259892,,30.1,2607733.0
Albania,ALB,2019,,,,,,,,68.5503911218006,91.1634968336332,6069.43903131027,2.06257790176122,1.41109078954242,11.466,60.306,56.7639071287255,,30.1,2567801.0
Albania,ALB,2020,,,,,,,,72.23767711,91.1880900599383,6027.91350716348,-3.31375636888916,1.62088661717021,11.639,59.367,57.1408592155544,,29.4,2528480.0
Albania,ALB,2021,44.1741742874165,45.6861097525436,42.5851653897092,27.2656016953082,43.8671001579856,44.2597377664696,34.3555700968774,79.32371752,92.4843357131703,7242.45513146613,8.96957619074095,2.04147163139545,11.474,59.684,57.5077187031778,,,2489762.0
Albania,ALB,2022,,,,,,,,82.61367544,98.3950391992101,7756.96188744253,4.8268006234359,6.72520271530059,10.785,62.161,57.8643477747383,,,2451636.0
Albania,ALB,2023,,,,,,,,83.13559161,92.9973271969712,9740.7023414631,4.01541716935742,4.75834555150038,10.669,63.882,58.2106086137857,97.6800003051758,,2411658.0
Albania,ALB,2024,46.069250627042,41.1560488283684,51.4508986584924,30.1748781570827,29.35566021935,48.7114253554633,26.2017574802131,85.86389923,89.1328603947682,11374.0085781236,4.04592845095348,2.21587375089992,10.689,64.006,58.5463634043555,,,2377128.0
Algeria,DZA,2011,33.2861125283373,20.4072969564249,46.1278243450452,23.0946035766989,20.2971324873696,39.8755571608214,30.0699513096789,14.89999962,96.5112947931918,5916.31364364343,2.99999999941909,4.5242115050527,9.96,43.321,67.7344007507578,,27.6,36903376.0
Algeria,DZA,2012,,,,,,,,18.20000076,99.6853251935403,6033.64884689543,2.40000000034432,8.89145091062317,10.97,43.11,68.3421258553675,,,37646166.0
Algeria,DZA,2013,,,,,,,,22.5,102.871008201635,5979.60138960585,2.60000000061164,3.25423910998847,9.82,42.874,68.9463836079277,,,38414171.0
Algeria,DZA,2014,50.4757907242262,40.0709673603606,60.9090821531733,36.9710709130652,38.4515585021223,57.4825566130256,48.3506774330471,29.5,110.440351392657,6094.69392314956,4.09999999866501,2.91692692067458,10.207,42.603,69.5468765157615,,,39205031.0
Algeria,DZA,2015,,,,,,,,38.20000076,108.016371207167,4685.05902729002,3.20000000089023,4.78444700693889,11.206,42.459,70.1433070861612,,,40019529.0
Algeria,DZA,2016,,,,,,,,42.94549942,115.154200093555,4424.98529027556,3.90000000017621,6.39769480268757,10.202,42.333,70.7353778263851,,,40850721.0
Algeria,DZA,2017,42.7766256472914,29.2687291611843,56.2549369803644,34.9708014726942,28.5835978222623,48.7470776948191,38.9481583678863,47.69110107,109.96986300969,4554.66753957828,1.49999999895587,5.59111590961664,12.0,42.325,71.3227912436551,,,41689299.0
Algeria,DZA,2018,,,,,,,,49.0384680793271,110.938066513767,4577.21029180491,1.40000000088281,4.26999020467084,12.112,42.281,71.905249845153,,,42505035.0
Algeria,DZA,2019,,,,,,,,55.79069901,104.922068012909,4468.45341883656,0.899999999219148,1.95176821052892,12.302,42.203,72.4824561380175,,,43294546.0
Algeria,DZA,2020,,,,,,,,63.47269821,103.436671524065,3743.5419522929,-4.99999999908597,2.41513094083414,14.08,38.042,73.0541126293395,,,44042091.0
Algeria,DZA,2021,44.0970221449773,31.1915131938875,56.8304332635687,31.9058848139226,26.7237576514328,51.4889150138789,38.9861822379999,72.21240234,105.037092587919,4160.55926736925,3.79999999900707,7.22606307415477,13.656,38.425,73.6199218261573,,,44761099.0
Algeria,DZA,2022,,,,,,,,74.78150177,107.787115922596,4960.30334332888,3.60000000094915,9.26551551551553,12.382,41.795,74.1795862354514,,,45477389.0
Algeria,DZA,2023,,,,,,,,76.19760132,111.60623555659,5370.477235078,4.10000000005964,9.32217375928322,11.645,41.507,74.732808364138,,,46164219.0
Algeria,DZA,2024,35.2901069097173,18.0709885603285,51.8629151446207,31.248963734877,18.5253329498679,40.9394574215698,25.0171288171979,77.4178009,115.457278573892,5752.99076651465,3.69999999907979,4.04611455313434,11.655,41.161,75.2792907190618,,,46814308.0
American Samoa,ASM,2011,,,,,,,,,,10383.459331451,0.0,,,,86.0284991724475,,,54895.0
American Samoa,ASM,2012,,,,,,,,,,11745.4899153958,-4.33482810164425,,,,85.7161174344451,,,54489.0
American Samoa,ASM,2013,,,,,,,,,,11813.5022034589,-2.5,,,,85.3846465194761,,,54006.0
American Samoa,ASM,2014,,,,,,,,,,12026.3344929488,1.76282051282051,,,,85.0351448001542,,,53466.0
American Samoa,ASM,2015,,,,,,,,,,12727.4102651386,3.14960629921259,,,,84.668670649093,,,52878.0
American Samoa,ASM,2016,,,,,,,,,,12843.3342903627,-1.67938931297709,,,,84.2862824389061,,,52245.0
American Samoa,ASM,2017,,,,,,,,,,11863.6839452565,-6.98757763975155,,,,83.8890385422071,,,51586.0
American Samoa,ASM,2018,,,,,,,,,,12552.0546868861,2.6711185308848,,,,83.4779973316097,,,50908.0
American Samoa,ASM,2019,,,,,,,,,,12886.1359517218,-0.487804878048777,,,,83.0542171797274,,,50209.0
American Samoa,ASM,2020,,,,,,,,,,14489.2586563775,4.41176470588236,,,,82.6240780620716,,,49761.0
American Samoa,ASM,2021,,,,,,,,,,15236.1604875571,-0.782472613458523,,,,82.2127091544092,,,49225.0
American Samoa,ASM,2022,,,,,,,,,,18017.4589383973,1.73501577287065,,,,81.794797704649,,,48342.0
American Samoa,ASM,2023,,,,,,,,,,,,,,,81.3721542708222,,,47521.0
American Samoa,ASM,2024,,,,,,,,,,,,,,,80.9446986961818,,,46765.0
Andorra,AND,2011,,,,,,,,81.0,83.6223853541262,46657.1561204071,-0.00806975341139093,,,,88.6888340319763,,,77783.0
Andorra,AND,2012,,,,,,,,82.69999695,83.1207538329385,41500.5435782722,-4.97444371853503,,,,88.6290967082924,,,76834.0
Andorra,AND,2013,,,,,,,,84.40000153,85.0214112828151,42470.3161158563,-3.54759651549344,,,,88.5809399121053,,,75194.0
Andorra,AND,2014,,,,,,,,86.09999847,89.8341402552314,44369.6596894579,2.50446552114518,,,,88.544042920911,,,73737.0
Andorra,AND,2015,,,,,,,,87.90000153,98.8389170615457,38654.9347217207,1.43414039522716,,,,88.5180850122057,,,72174.0
Andorra,AND,2016,,,,,,,,89.69999695,105.473739626772,40129.8192026671,3.70967806978986,,,,88.5027454634853,,,72181.0
Andorra,AND,2017,,,,,,,,91.5674670273926,108.912327318574,40672.9943362327,0.346071889630295,,,,88.4977035522461,,,73763.0
Andorra,AND,2018,,,,,,,,93.5,109.914584497485,42819.774579353,1.58876549046354,,,,88.5080998493791,,,75162.0
Andorra,AND,2019,,,,,,,,90.71869659,114.952794413788,41257.8045861543,2.01554763848308,,,,88.5391793666245,,,76474.0
Andorra,AND,2020,,,,,,,,93.20570374,103.876970793487,37361.090067211,-11.1839399355384,,,,88.5907780427517,,,77380.0
Andorra,AND,2021,,,,,,,,93.89749908,119.687611658415,42425.6996761083,8.28677879049404,,,,88.6627318165299,,,78364.0
Andorra,AND,2022,,,,,,,,94.05169678,142.426447525249,42414.0590111349,9.56461225648184,,,,88.7548766267286,,,79705.0
Andorra,AND,2023,,,,,,,,94.21499634,156.09725932522,46812.448450114,2.58355480961319,,,,88.8201609217082,,,80856.0
Andorra,AND,2024,,,,,,,,94.39759827,155.692108667529,49357.437070178,3.8491605039052,,,,88.8850044816278,,,81938.0
Angola,AGO,2011,39.2035423430619,38.9283452528467,39.4809697161049,,30.4581974286428,44.3138130744405,34.818920477785,4.699999809,49.8515258181069,5184.15269151846,3.59386960240222,13.4824679218511,16.77,77.315,60.8431610396073,,,24218352.0
Angola,AGO,2012,,,,,,,,7.699999809,50.7801125088641,5702.45306277434,8.50312283866612,10.2779049218839,16.539,77.037,61.5114223949332,,,25177394.0
Angola,AGO,2013,,,,,,,,13.0,50.7734882643713,5688.57916213471,4.88306129688392,8.77781429332624,16.464,76.756,62.1333075212361,,,26165620.0
Angola,AGO,2014,29.3181213047365,22.3316464905364,36.1321313839668,12.5435418804567,14.8649616480157,37.6685556166544,14.3491078155487,21.3623407584103,51.7384393645114,5649.68762467535,4.65572356315585,7.28038730361121,16.372,76.473,62.723115793241,66.0299987792969,,27160769.0
Angola,AGO,2015,,,,,,,,22.0,49.3097223014385,3641.72893920253,0.763177710914789,9.35597215533784,16.472,76.187,63.51567832685,66.2399978637695,,28157798.0
Angola,AGO,2016,,,,,,,,23.20000076,44.5502272379157,2082.37343594705,-0.233076954805284,30.6944150806719,16.572,75.899,64.2992302517989,,,29183070.0
Angola,AGO,2017,,,,,,,,26.0,44.0682088632918,2832.14997950512,-0.164688656961076,29.8444799015679,16.617,75.609,65.0850525086068,,,30234839.0
Angola,AGO,2018,,,,,,,,29.0,42.4588784507729,2891.83032378747,-0.506697543616156,19.6289379701521,16.602,75.316,65.8732136723372,,51.3,31297155.0
Angola,AGO,2019,,,,,,,,32.12939835,45.8065312825399,2507.86807213642,-1.05523414494337,17.080954143438,16.497,75.021,66.6637823180533,,,32375632.0
Angola,AGO,2020,,,,,,,,33.32089996,43.7804317055698,1749.1794838482,-5.27349128300007,22.271539247051,16.696,73.319,67.4568270208187,,,33451132.0
Angola,AGO,2021,,,,,,,,34.55649948,44.3868689341257,2266.96834861584,1.09058369944815,25.7542948841891,15.799,76.372,68.2524163556969,,,34532429.0
Angola,AGO,2022,,,,,,,,35.83800125,66.6008073123779,3598.53669077341,3.55749206675667,21.3552901320822,14.124,75.247,69.0506188977513,,,35635029.0
Angola,AGO,2023,,,,,,,,37.88589859,70.0519587723571,2885.51349130806,1.32016587081031,13.6441017767715,14.051,74.892,69.8515032220457,68.1800003051758,,36749906.0
Angola,AGO,2024,,,,,,,,40.70479965,69.7039467163584,2720.81900669715,4.95267860425956,28.2404948915772,14.02,74.881,70.6551379036435,,,37885849.0
Antigua and Barbuda,ATG,2011,,,,,,,,52.0,203.8734188945,14911.7275084471,-1.95874262217572,3.4567496723461,,,25.694689859722,,,86332.0
Antigua and Barbuda,ATG,2012,,,,,,,,58.0,145.978684391474,15639.8078114787,3.37314273947959,3.37688044338874,,,25.4555618588267,,,87260.0
Antigua and Barbuda,ATG,2013,,,,,,,,63.40000153,129.857830668605,15051.5113587425,-0.600982329599361,1.05949782356169,,,25.2475667667937,,,88064.0
Antigua and Barbuda,ATG,2014,,,,,,,,67.77999878,135.234608235228,15532.1062063584,2.19829188738797,1.08944157435355,,,25.0899726107741,,,88765.0
Antigua and Barbuda,ATG,2015,,,,,,,,70.0,196.848192016464,16077.6340769406,1.42161997595372,0.968993458825638,,,25.0,,,89409.0
Antigua and Barbuda,ATG,2016,,,,,,,,70.27159882,200.06891262546,16556.8551801588,4.1203675438061,-0.489437796230499,,,24.9239807471655,,,89969.0
Antigua and Barbuda,ATG,2017,,,,,,,,70.54419708,203.386832913295,16965.7288273816,2.71272657973627,2.43248789041363,,,24.8500263836871,,,90468.0
Antigua and Barbuda,ATG,2018,,,,,,,,70.81790161,,18273.4270684912,6.71200487159726,1.20715793367008,,,24.7781432093764,,,90926.0
Antigua and Barbuda,ATG,2019,,,,,,,,71.09259796,201.392233264743,18896.3721832248,3.1722219373937,1.43135598182984,,,24.708337524045,,,91364.0
Antigua and Barbuda,ATG,2020,,,,,,,,71.36840057,200.3353439453,15369.6082250401,-18.8687765208148,0.625989707046719,,,24.6406156275043,,,91846.0
Antigua and Barbuda,ATG,2021,,,,,,,,71.64530182,199.244171566557,17348.6006987182,8.17286311186622,2.06299638545334,,,24.574983819566,,,92349.0
Antigua and Barbuda,ATG,2022,,,,,,,,71.9233017,200.540715208962,20003.3909394099,8.49776342254205,7.53107834634288,,,24.5114484000414,,,92840.0
Antigua and Barbuda,ATG,2023,,,,,,,,72.12409973,,22012.2625947994,3.86550160079324,5.06713865364213,,,24.4500156687422,,,93316.0
Antigua and Barbuda,ATG,2024,,,,,,,,72.73040009,,23059.8330702839,2.54044193946544,6.19886698842116,,,24.3906919254799,,,93772.0
Argentina,ARG,2011,33.1302169855518,31.8185625007432,34.6139694251615,19.6749244641824,15.5354047251279,38.3509965132977,28.2723853004235,51.0,145.511067881505,12704.2831819684,6.00395169280579,,7.18,60.651,91.1072286738406,,42.7,41730660.0
Argentina,ARG,2012,,,,,,,,55.79999924,152.573579717014,12949.717486654,-1.0264204544321,,7.217,60.362,91.2041217246797,,41.4,42161721.0
Argentina,ARG,2013,,,,,,,,59.90000153,158.190773641398,12963.675773326,2.40532378079436,,7.1,59.962,91.3014507719473,,41.1,42582455.0
Argentina,ARG,2014,50.1972944916064,50.8523585472508,49.4589611838116,44.6274994192405,24.4910061858489,57.5038217985662,52.2676985836301,64.69999695,142.325481008062,12233.1444119186,-2.51261532081394,,7.268,59.444,91.3975345472954,,41.8,43024071.0
Argentina,ARG,2015,,,,,,,,68.0430641088122,142.240711022183,13679.6264980954,2.73115982828944,,7.577,59.232,91.4923019108628,,,43477012.0
Argentina,ARG,2016,,,,,,,,70.9689808206024,145.146584717972,12699.9623137756,-2.08032784377811,,8.088,59.02,91.5856817228217,,42.3,43900313.0
Argentina,ARG,2017,48.7084867377005,50.7572521924034,46.4663784457919,38.0612805090574,33.1053117819895,53.337498149218,43.0478230118406,74.2949068657957,139.758240519621,14532.5009308511,2.81850297775918,,8.347,58.808,91.6776028433824,,41.4,44288894.0
Argentina,ARG,2018,,,,,,,,77.7,131.224265691711,11752.7998922979,-2.61739646282038,34.2772237131003,9.22,59.595,91.7679941327998,,41.7,44654882.0
Argentina,ARG,2019,,,,,,,,79.9469520347551,125.302657911726,9955.97478680428,-2.00086100285785,53.5483043492339,9.843,60.289,91.8567844513802,,43.3,44973465.0
Argentina,ARG,2020,,,,,,,,85.51438646,121.180612527028,8535.59938004389,-9.9004848136464,42.0150947376509,11.461,56.023,91.9439026594897,99.1399993896484,42.7,45191965.0
Argentina,ARG,2021,71.6270859300586,73.7532007447968,69.5619457466371,65.2348173798696,75.367146508302,70.6820806315964,57.0962488085077,87.15070683,130.352799939601,10738.0179223384,10.4418119882506,48.4093786255199,8.736,60.358,92.0292776175651,,42.4,45312281.0
Argentina,ARG,2022,,,,,,,,88.37535691,131.483556254876,13962.1894087223,6.02074537534855,72.430757531824,6.805,61.484,92.112838186126,,40.7,45407904.0
Argentina,ARG,2023,,,,,,,,89.22897166,137.706086781571,14261.8465667948,-1.85578803046339,133.488935594175,6.139,62.286,92.1945132257907,,42.4,45538401.0
Argentina,ARG,2024,81.7442446865007,84.2497432521024,78.939553062565,74.6649664777064,84.3725875762201,81.0976343350842,62.9313926179087,89.66715228,140.234979049333,13969.7836603737,-1.34293072157739,219.883929014578,7.15,61.862,92.2742315972952,,42.4,45696159.0
Armenia,ARM,2011,17.4868727402134,18.1485614609566,16.7159959623523,15.0356863235267,13.8532414499407,18.6043743165615,6.96654317762622,32.0,109.850061797213,3349.55309771906,4.69999999867412,7.65000807859294,18.884,61.814,64.3207449145194,99.7399978637695,29.4,3027900.0
Armenia,ARM,2012,,,,,,,,37.5,113.697353797808,3511.56399687426,7.20000000096486,2.55802007757907,17.511,61.55,64.3268379506998,,29.6,3024100.0
Armenia,ARM,2013,,,,,,,,41.9,114.499722499571,3680.16692158886,3.3,5.78966778544651,16.576,61.54,64.3584061131466,,30.6,3022000.0
Armenia,ARM,2014,17.6690646898034,14.7447497009393,21.1198247803461,11.0929259056446,10.3974111250234,19.8846653781335,6.13103012866202,54.6228058583362,118.365417451689,3852.11800610384,3.60000000058993,2.98130868933672,17.498,61.527,64.4142934233291,,31.5,3013800.0
Armenia,ARM,2015,,,,,,,,59.1008337674937,118.599112617962,3512.39350276709,3.19999999896625,3.73169119261693,18.261,61.538,64.4929623431549,,32.4,3004600.0
Armenia,ARM,2016,,,,,,,,64.3460297653742,117.670797483754,3524.42476874707,0.199999999825991,-1.403607559009,17.617,61.642,64.5928753345316,99.7399978637695,32.5,2992300.0
Armenia,ARM,2017,47.7590178255505,40.9064362416815,55.7514172704514,34.419274848206,46.8151012824212,48.0150558558329,50.0519528297528,64.7448843250726,119.676441862212,3869.05373867752,7.50000000164144,0.969553268816138,17.704,61.462,64.7124948593667,99.7399978637695,33.6,2979400.0
Armenia,ARM,2018,,,,,,,,68.2450522610271,123.000001718234,4196.00562301769,5.19999999965324,2.52023382001638,18.966,61.329,64.8502833795679,100.0,34.4,2969000.0
Armenia,ARM,2019,,,,,,,,66.5439496866159,124.613701509519,4597.22887399548,7.59999999853918,1.44344660770698,18.304,58.757,65.0047033570428,100.0,30.0,2962500.0
Armenia,ARM,2020,,,,,,,,76.50770055,120.682370700808,4268.68093304583,-7.19999999920631,1.21143577838465,18.175,61.259,65.174217253699,99.7900009155273,25.1,2961500.0
Armenia,ARM,2021,55.3477332562389,52.1827201673961,59.3752985946116,45.4501446306977,47.6440386063758,57.1453334554363,44.557773571195,78.61225758,125.395134877327,4685.17997128509,5.80000000065645,7.18483629443371,15.469,61.946,65.3572875314441,,27.9,2962300.0
Armenia,ARM,2022,,,,,,,,77.02767465,130.540072214196,6571.97445545099,12.5999999997766,8.64091108973855,13.451,58.817,65.5624462874485,99.8199996948242,27.9,2969200.0
Armenia,ARM,2023,,,,,,,,79.99663036,134.519957069953,8159.08720967996,8.29999999959539,1.98041877615554,12.405,59.987,65.6956882008852,99.8399963378906,27.2,2964300.0
Armenia,ARM,2024,71.3734734683257,67.9879799098157,75.5669244748589,64.0431618561374,63.6788281951967,72.5797321302503,57.4522223529168,81.33930206,134.88694751567,8556.21406956719,5.90000000046228,0.269511978259125,12.405,59.917,65.8113671449901,,27.4,3033500.0
Aruba,ABW,2011,,,,,,,,69.0,,25712.3843015186,3.36923718421511,4.31629742195203,,,63.9992605838571,,,102591.0
Aruba,ABW,2012,,,,,,,,74.0,132.661183337755,25119.6655449838,-1.04079988436683,0.627471992893372,,,63.8252085199599,,,104110.0
Aruba,ABW,2013,,,,,,,,78.9,135.338052614131,25813.5714408438,6.43146080719245,-2.37206524252261,,,63.6382914355326,,,105675.0
Aruba,ABW,2014,,,,,,,,83.78,135.141671422905,26129.8390617693,1.42609951155575,0.421440918881214,,,63.4392531303795,,,106807.0
Aruba,ABW,2015,,,,,,,,88.661226932496,135.337479843354,27458.2201537506,3.61147906591042,0.474763597342641,,,63.2288374043053,,,107906.0
Aruba,ABW,2016,,,,,,,,93.542453865048,,27441.5502144601,1.23433537363427,-0.93119598707956,,,63.0077880571142,,,108727.0
Aruba,ABW,2017,,,,,,,,97.17,,28440.0416881491,3.49342985290626,-1.02828178762012,,,62.7768488886109,,,108735.0
Aruba,ABW,2018,,,,,,,,,,30082.1584226798,3.21247111920076,3.6260414135296,,,62.5367636985996,,,108908.0
Aruba,ABW,2019,,,,,,,,,131.682169673877,30654.4851235397,1.22914408896015,4.25746204335427,,,62.288276286885,,,109203.0
Aruba,ABW,2020,,,,,,,,,131.284916201117,22664.3709949437,-23.9400592677491,,,,62.0028837566365,,,108587.0
Aruba,ABW,2021,,,,,,,,,131.09206195727,26827.3447869986,14.833691976226,,,,61.9275339886843,,,107700.0
Aruba,ABW,2022,,,,,,,,,130.647974615427,31000.5713798732,10.6079607621246,,,,61.8811657924257,,,107310.0
Aruba,ABW,2023,,,,,,,,,,34897.6183932009,9.51636022347185,,,,61.8351492675589,,,107359.0
Aruba,ABW,2024,,,,,,,,,,38590.5650288641,6.81077669324554,,,,61.7909396819594,,,107995.0
Australia,AUS,2011,99.0648467076788,98.5922847400357,99.5946951892606,97.9535462742265,98.7611337250767,99.1180767361714,100.0,79.4876977139029,105.824012918279,62799.3895017032,2.39473494330615,3.30384784681081,5.083,65.514,86.3268946146423,,,22340024.0
Australia,AUS,2012,,,,,,,,79.0,106.499711805776,68301.4402512587,3.95247138119184,1.76278299052228,5.225,65.245,86.4451259136625,,,22733465.0
Australia,AUS,2013,,,,,,,,83.453497167,107.332200908321,68476.6788496118,2.65445302592404,2.44988248109259,5.663,65.025,86.5740515760243,,,23128129.0
Australia,AUS,2014,98.8595663603042,99.0362332919231,98.6705804971415,100.0,94.7786717999594,99.6190708463125,100.0,84.0,106.206237340596,62817.2061751737,2.60118978187332,2.48792932080492,6.078,64.787,86.7221289343356,,34.4,23475686.0
Australia,AUS,2015,,,,,,,,84.5605149091408,107.608142007003,56970.3613028094,2.16434780647852,1.50836803138463,6.055,65.076,86.8778642539361,,,23815995.0
Australia,AUS,2016,,,,,,,,86.54000092,109.128813718295,50084.4440606385,2.75564065529868,1.27699365720306,5.711,64.952,87.0166295249235,,33.7,24190907.0
Australia,AUS,2017,99.5193731088495,99.195095517338,99.8545402891758,99.2878443540561,100.0,99.4466180064564,100.0,86.5450488476768,107.799761578952,54117.547718609,2.29331030192918,1.94864309065653,5.592,65.248,87.12809266445,,,24592588.0
Australia,AUS,2018,,,,,,,,90.0082016,110.033134941946,57410.1737346009,2.87417039499501,1.91140002818579,5.345,65.804,87.2267680845925,,34.3,24963258.0
Australia,AUS,2019,,,,,,,,93.60990143,109.752830879788,55194.7585097428,2.19401703622717,1.610770929127,5.143,66.088,87.3019647888406,,,25334826.0
Australia,AUS,2020,,,,,,,,94.6934967,104.930155780087,51983.4523666382,-0.133531904304775,0.846900734607273,6.394,65.028,87.2713470458985,,33.8,25649248.0
Australia,AUS,2021,99.323149822978,100.0,98.5933711053423,98.3045518736545,100.0,99.2149003646375,86.4782956195717,96.97219849,105.118514623956,60758.9044397144,2.00694844335034,2.86391284709318,5.022,66.147,87.2353407632761,,,25685412.0
Australia,AUS,2022,,,,,,,,96.11940002,109.469171081514,65169.5191118657,4.25304559238732,6.59409658717841,3.728,66.89,87.3343268253813,,,26018721.0
Australia,AUS,2023,,,,,,,,96.1160965,112.513177133796,65058.3773146674,3.58382100798981,5.59701792296707,3.668,67.023,87.4866955653765,,,26659922.0
Australia,AUS,2024,98.0103778290099,97.7243209573911,98.3026509430008,96.8175014225166,98.7486383229919,97.8871769891587,83.7759315262171,96.13140106,112.581025002429,64609.9865116088,1.37340773365975,3.16656665428797,3.942,66.719,87.6021469990446,,,27194286.0
Austria,AUT,2011,97.0817387939481,96.5633105550431,97.736656221903,94.7229329742602,92.5412912412789,97.7435482713707,88.9370135845399,78.7399930986888,155.15499918387,51116.8953522042,2.92746800169145,3.2865791487538,4.637,59.909,67.1484255415056,,30.8,8391643.0
Austria,AUT,2012,,,,,,,,80.0299939169903,161.155633431895,48250.4059142637,0.628246239479637,2.48567562177015,4.909,60.207,67.2085909812279,,30.5,8429991.0
Austria,AUT,2013,,,,,,,,80.6188,156.483488704585,50305.3545774973,-0.250726423318454,2.00015616900597,5.367,60.362,67.2981308784247,,30.8,8479823.0
Austria,AUT,2014,96.7340575707929,97.3726703175597,96.0563983090839,96.2738365091476,88.4852204311455,98.1421852838956,96.3620982435735,80.9958249574764,151.531145320495,51314.9722616322,0.755798850316665,1.60581182954474,5.674,60.172,67.4154327591781,,30.5,8546356.0
Austria,AUT,2015,,,,,,,,83.9401419315026,155.837138171172,43915.228020857,1.30352331826198,0.89656333526032,5.802,60.224,67.5576175537383,,30.5,8642699.0
Austria,AUT,2016,,,,,,,,84.3237425711653,126.797525496643,45061.4993920192,2.11721964494312,0.891591752655362,6.064,60.696,67.7218061923556,,30.8,8736668.0
Austria,AUT,2017,98.1636642688047,98.375772399059,97.934967207399,97.9066007228722,92.5929084251051,99.0935942688063,95.9586973637392,87.9355865856062,123.414865109678,47163.7425775142,2.27224992038207,2.08126911385587,5.561,60.665,67.9051196052802,,29.7,8797566.0
Austria,AUT,2018,,,,,,,,87.4791372262556,124.230205900482,51194.0749841299,2.48422114080024,1.99837981429549,4.933,60.919,68.1046787227623,,30.8,8840521.0
Austria,AUT,2019,,,,,,,,87.7522047870069,120.776373862218,49885.9947355204,1.75497619649288,1.53089564152644,4.56,60.898,68.3176044750522,,30.2,8879920.0
Austria,AUT,2020,,,,,,,,87.52942813,120.131806593244,48716.4098900349,-6.31825509209936,1.38191063351854,5.201,60.363,68.5410177924001,,29.8,8916864.0
Austria,AUT,2021,99.9507174861928,100.0,99.8986708345233,100.0,100.0,99.9453633609893,100.0,92.52915104,121.357731973824,53648.6437976214,4.92309171717903,2.7666666666667,6.459,60.631,68.773601700253,,30.7,8955797.0
Austria,AUT,2022,,,,,,,,93.61409139,121.16645744796,52336.7725223758,5.33096379400371,8.54686993188458,4.992,60.883,68.998085127906,,30.9,9041851.0
Austria,AUT,2023,,,,,,,,95.33467117,121.746207105931,56579.504175468,-0.786244288594673,7.81413417002831,5.264,60.853,69.2265358276021,,31.2,9131761.0
Austria,AUT,2024,99.5084974640411,99.1873269882702,99.8378902484104,99.1909686711131,100.0,99.4406298958393,100.0,94.91974877,124.45929984531,58268.8787651601,-0.659089573171372,2.93791574279376,5.2,60.507,69.4658181096788,,,9177982.0
Azerbaijan,AZE,2011,14.9008503578404,14.259250121104,15.6162590128988,8.15484464983794,4.50734495217988,18.560718660415,8.6996828741779,50.0,109.333848306261,7189.81869211976,-1.5729973511111,7.8583333333334,5.42,61.19,53.5085461893249,99.7799987792969,,9173082.0
Azerbaijan,AZE,2012,,,,,,,,54.20000076,107.988529658291,7495.86527658099,2.20293891708398,1.06621339720303,5.19,61.594,53.8076442276208,99.7799987792969,,9295784.0
Azerbaijan,AZE,2013,,,,,,,,73.000001372,106.583186813615,7875.34536661549,5.84341590483928,2.41571745279419,4.97,61.896,54.1821087431318,99.7900009155273,,9416801.0
Azerbaijan,AZE,2014,29.1514931157209,25.8969871745184,32.6135533426979,24.7933543959545,10.0249458244772,36.3055623754424,17.3035930575216,75.0000156363396,109.566699179266,7890.84028062087,2.79758521448559,1.37344181533176,4.91,62.761,54.6319175926151,99.7900009155273,,9535079.0
Azerbaijan,AZE,2015,,,,,,,,77.0,109.682113433509,5500.50364628486,1.04954641215085,4.02768573742726,4.96,63.537,55.1570486328276,99.7900009155273,,9649341.0
Azerbaijan,AZE,2016,,,,,,,,78.2,103.248460646417,3880.6852276838,-3.06359842251706,12.4433748584372,5.0,64.652,55.7574797205266,99.7900009155273,,9757812.0
Azerbaijan,AZE,2017,28.5712045327385,27.7196270076434,29.4360921381406,18.1351790494703,12.570999328667,34.5417161719185,20.4831117718272,79.0,101.589906615934,4147.1981423222,0.153614661745507,12.9359184187335,5.0,65.038,56.4331887124691,99.7900009155273,,9854033.0
Azerbaijan,AZE,2018,,,,,,,,79.7999954887896,102.987275423455,4739.7943123408,1.50040167167313,2.26854690373999,4.9,65.399,57.1841534654123,,,9939771.0
Azerbaijan,AZE,2019,,,,,,,,81.0999990651547,106.328337689377,4805.75371765917,2.47980879185565,2.61057182799215,5.0,65.227,58.1308191977779,99.8000030517578,,10024283.0
Azerbaijan,AZE,2020,,,,,,,,84.59999573,101.596683471276,4229.91064904503,-4.19896065333343,2.75980947008127,7.24,67.223,58.2934691761937,,,10093121.0
Azerbaijan,AZE,2021,,,,,,,,85.99998954,105.693559477177,5408.04535175023,5.61644027150554,6.65029912708779,6.04,63.7,58.3659969744818,,,10137750.0
Azerbaijan,AZE,2022,46.2586542278959,38.8437635887228,54.5871597676776,35.5787099693434,36.376602129388,49.4833827723269,30.6111229754277,88.0,107.506296074404,7770.594223351,4.71468033247649,13.8522590144267,5.65,64.776,58.4382815854684,,,10141756.0
Azerbaijan,AZE,2023,,,,,,,,89.0,107.686732782159,7133.02838048328,1.35447749115767,8.78543049849081,5.64,64.345,58.5075350483702,99.7799987792969,,10153958.0
Azerbaijan,AZE,2024,56.3046655573957,46.1732591791453,67.0043773076741,41.1579115269579,31.7424862215137,61.7441197860066,39.9877544909509,90.43979645,109.543149535867,7294.64276088105,4.15806800428062,2.21217188919901,5.648,63.901,58.573795837717,,,10202830.0
"Bahamas, The",BHS,2011,,,,,,,,65.0,80.3784477401548,27090.8376801379,0.613170735890648,3.1987814166032,14.52,73.807,82.4130347470308,,,371729.0
"Bahamas, The",BHS,2012,,,,,,,,71.74819946,79.9000716437309,28552.0242683151,4.52003886739061,1.97336755976254,14.02,73.797,82.3947485339925,,,375469.0
"Bahamas, The",BHS,2013,,,,,,,,72.0,75.734985605075,27642.7419759179,-2.86320081549439,0.722414784530551,16.18,73.815,82.3635791100868,,,378953.0
"Bahamas, The",BHS,2014,,,,,,,,76.91999817,82.3551261058127,29137.2175632622,1.8469701294558,1.51375643050831,13.8,73.862,82.3180931037043,,,382298.0
"Bahamas, The",BHS,2015,,,,,,,,78.0,80.7521033045627,30719.405417469,0.997411675486745,1.86148302863371,12.0,73.938,82.2568571432361,,,385346.0
"Bahamas, The",BHS,2016,,,,,,,,80.0,92.8218938037134,30616.5363157284,-1.15650811269629,-0.346376929989397,12.7,74.032,82.1784378570728,,,388055.0
"Bahamas, The",BHS,2017,,,,,,,,80.59999847,90.5386890661613,31875.4881749619,3.3713988456489,1.51820700736147,9.8,74.159,82.0814018736052,,,390485.0
"Bahamas, The",BHS,2018,,,,,,,,83.0,98.9789084760782,32642.3353203452,2.39795510823548,2.26586346678736,10.0,74.297,81.9643158212241,,,392717.0
"Bahamas, The",BHS,2019,,,,,,,,90.69329834,107.811997212897,33640.3369861278,-0.838585871193203,2.49123527368046,9.336,74.401,81.8257463283204,,,394675.0
"Bahamas, The",BHS,2020,,,,,,,,92.4437027,117.717493173143,26178.7537607708,-20.0893664891399,0.0385210980054558,12.016,68.082,81.6642600232849,,,395863.0
"Bahamas, The",BHS,2021,,,,,,,,92.34980011,100.257333370336,30367.8605757708,17.5861390037409,2.90491262928478,11.078,69.658,81.4784235345083,,,396373.0
"Bahamas, The",BHS,2022,,,,,,,,92.2559967,101.623744145214,34957.1613279737,10.8779009410268,5.60540633583044,9.25,74.15,81.3200717047725,,,397538.0
"Bahamas, The",BHS,2023,,,,,,,,92.38729858,100.047566593231,38231.774484278,3.04824180553773,3.05291578969743,8.645,74.13,81.3213799173676,,,399440.0
"Bahamas, The",BHS,2024,,,,,,,,92.47270203,96.6798992232414,39455.4466548546,3.37866553336166,0.409162489083286,9.049,73.999,81.3249262966481,,,401283.0
Bahrain,BHR,2011,64.5145712448929,48.7776716235398,78.9754539629195,66.1476815475861,41.4045220761438,72.9991234126214,63.000654429068,76.9999665032303,140.350600963929,25032.7867743333,1.92815791170796,-0.40004069748808,1.21,71.188,100.0,,,1195020.0
Bahrain,BHR,2012,,,,,,,,88.0,174.619564368418,26438.6733230428,3.80302899043062,2.75739669962979,1.2,71.586,100.0,,,1208964.0
Bahrain,BHR,2013,,,,,,,,90.0000397,175.802157646776,26989.7601148469,5.29262224906203,3.30001156888442,1.184,71.549,100.0,,,1253191.0
Bahrain,BHR,2014,81.9393438680275,66.7409748459355,90.2455451935413,81.0302585065702,66.5253157476602,85.8160945111001,79.783762129914,90.5031334814656,177.400125528622,26451.7965647453,4.30885692657077,2.64755321246189,1.144,71.169,100.0,,,1314562.0
Bahrain,BHR,2015,,,,,,,,93.4783007986129,183.919614500055,23734.0551143019,2.50787205267615,1.84862742374977,1.164,71.359,100.0,,,1370322.0
Bahrain,BHR,2016,,,,,,,,97.9999807024146,209.489131255928,23800.001440631,3.81499327422425,2.78679347602044,1.19,71.977,100.0,,,1423726.0
Bahrain,BHR,2017,82.6128501969395,75.4067447311449,86.3137045931606,75.8219837962385,67.3034243068406,85.4848779156146,71.4081446530376,95.8781357543453,159.546894557674,24784.7693514607,4.95383534123657,1.38671830576406,1.18,72.389,100.0,,,1501116.0
Bahrain,BHR,2018,,,,,,,,98.6446725799886,139.735421260048,26324.4066549559,2.05258864979861,2.08766938046978,1.188,72.07,100.0,,,1503091.0
Bahrain,BHR,2019,,,,,,,,99.7015043807778,129.142743677937,27259.7438599327,2.05287774418655,1.00582004702137,1.217,71.414,100.0,,,1483756.0
Bahrain,BHR,2020,,,,,,,,99.67103159,119.41160169027,24342.8444554718,-5.9113629524152,-2.31770629331379,1.765,69.226,100.0,,,1472204.0
Bahrain,BHR,2021,,,,,,,,100.0,128.078912532195,27147.8083882286,4.35004091668986,-0.60631938514085,1.548,68.94,100.0,,,1504365.0
Bahrain,BHR,2022,,,,,,,,100.0,139.636142863944,30470.5219276023,6.18016125475185,3.62574104304482,1.265,70.285,100.0,97.870002746582,,1524693.0
Bahrain,BHR,2023,,,,,,,,100.0,153.899937948583,29290.1284215098,3.87811614845566,0.0746206782192256,1.049,70.7,100.0,97.8499984741211,,1577059.0
Bahrain,BHR,2024,82.3220521049445,83.0178852537418,81.9582393316251,77.338312091395,76.6126202800977,83.3248370108227,68.0918556590376,100.0,159.536143577452,29717.1424605273,2.89710543153512,0.919635459817651,1.084,70.569,100.0,97.8199996948242,,1588670.0
Bangladesh,BGD,2011,31.7436490922018,26.0116972985799,37.2916464189303,19.0637565730993,20.318977301259,36.7621347470499,21.0617201154815,4.5,54.9307304807214,837.336944695647,6.46437912497728,11.3951651552399,3.737,58.112,28.1100162712427,58.7700004577637,,153591076.0
Bangladesh,BGD,2012,,,,,,,,5.0,62.6684314857059,859.680536375497,6.52145877906443,6.21750422069284,4.07,57.647,28.4787972894576,57.8600006103516,,155070101.0
Bangladesh,BGD,2013,,,,,,,,6.63,74.4595169116099,958.262989798283,6.01360565834344,7.53040640913172,4.426,57.18,28.8407036106763,61.0200004577637,,156532141.0
Bangladesh,BGD,2014,30.9908189209299,26.4532869099198,35.3692533542347,23.0339877101303,20.8307106687882,35.4420064571501,24.9048898301401,9.052900314,80.3128212085608,1094.46199702838,6.0610593588495,6.99163889220849,4.417,56.817,29.1944442321013,61.0900001525879,,157964929.0
Bangladesh,BGD,2015,,,,,,,,12.36880016,82.4275967039157,1224.38647668165,6.55263987816197,6.19428022984984,4.397,56.454,29.5395099477892,65.1399993896484,,159383179.0
Bangladesh,BGD,2016,,,,,,,,16.89909935,84.5595499717024,1649.28380858601,7.11347821270093,5.51352572692995,4.35,56.09,29.8753915517965,72.7600021362305,32.4,160811932.0
Bangladesh,BGD,2017,50.0469129996798,35.8363454066493,64.5861549888833,40.0787327296842,40.9932137464436,53.5263717713504,39.8387522839252,21.5,93.0689844922452,1811.08221668646,6.59024999794057,5.70207015717239,4.372,58.328,30.2015798381799,72.8899993896484,,162186147.0
Bangladesh,BGD,2018,,,,,,,,25.56509972,98.9289060885788,1965.24372731467,7.31941263014136,5.54362139486476,4.439,58.915,30.5175656009959,73.9100036621094,,163523103.0
Bangladesh,BGD,2019,,,,,,,,30.38310051,100.399571155843,2129.79896954606,7.88191515117722,5.59199639930629,4.504,59.47,30.8228396343012,74.6800003051758,,164913055.0
Bangladesh,BGD,2020,,,,,,,,36.10910034,106.002140470412,2248.85078828233,3.44801755122445,5.69107474746211,5.539,59.77,31.1168927321524,74.9100036621094,,166298024.0
Bangladesh,BGD,2021,52.8060649194004,43.4566925057512,62.8624571838322,48.651171951709,47.7993148449764,54.5490534657205,46.5663544550526,38.91744466,110.012054001037,2482.84917843357,6.93867912442445,5.54565430773473,5.457,61.085,31.3992156886061,76.3600006103516,,167658854.0
Bangladesh,BGD,2022,,,,,,,,41.61650085,109.8665408168,2716.48592780431,7.09982877575158,7.69695437176898,4.593,61.873,31.673734726234,79.0,30.9,169384897.0
Bangladesh,BGD,2023,,,,,,,,44.50274195,111.280894357567,2551.01773827307,5.77511237007889,9.8835030377921,3.352,60.885,32.1578465036834,,,171466990.0
Bangladesh,BGD,2024,43.2839733431322,33.346000280938,53.5110284170371,35.5467073317195,38.7281503087572,44.9473909356167,31.1710966547941,53.42171316,108.077037369691,2593.41611680774,4.22325911250161,10.4657482763412,3.635,58.903,32.6783196323307,,,173562364.0
Barbados,BRB,2011,,,,,,,,66.5,125.993430844611,20146.2381264508,-0.074211165126286,9.4322024017722,11.19,68.641,59.236693205614,,,276139.0
Barbados,BRB,2012,,,,,,,,71.19999695,126.127869775907,19811.2953079751,-2.85797051387257,4.53334753888775,11.59,67.569,59.2372151062924,,,276938.0
Barbados,BRB,2013,,,,,,,,71.80000305,110.819872868385,20384.4910233555,0.195322007310409,1.81410436049096,11.55,68.292,59.2385370835674,,,277665.0
Barbados,BRB,2014,,,,,,,,71.92459869,109.738888010692,20423.7177921163,0.807325350394564,1.76950322089729,12.17,66.34,59.2410313429534,,,278348.0
Barbados,BRB,2015,,,,,,,,72.04940033,120.001433743145,20429.4747123553,-0.772620078410995,-1.11278992510958,9.803,65.432,59.2450700899645,,,278990.0
Barbados,BRB,2016,,,,,,,,71.57299805,118.816300545784,20311.4094163764,1.41632446821541,1.28192813061895,8.247,66.064,59.2510255301153,,34.1,279598.0
Barbados,BRB,2017,,,,,,,,71.14849854,117.629947424965,20870.7596432179,0.654655602860373,4.66018463955995,8.62,66.166,59.25926986892,,,280171.0
Barbados,BRB,2018,,,,,,,,70.72650146,117.318523321138,21378.2201267496,-0.252085325827849,3.1060057242059,8.321,65.714,59.270175311893,,,280711.0
Barbados,BRB,2019,,,,,,,,70.30709839,117.111593950364,21929.435611489,0.241099789148677,1.67662473276988,8.41,64.926,59.2841140645486,,,281207.0
Barbados,BRB,2020,,,,,,,,69.89009857,104.722078254017,19180.9915228365,-17.4059314651747,,10.586,63.104,59.3014583324011,,,281698.0
Barbados,BRB,2021,,,,,,,,69.4756012,112.222706603295,21084.4013935998,8.0198770096479,,11.015,62.387,59.3220365433819,,,282147.0
Barbados,BRB,2022,,,,,,,,69.06359863,114.580721030894,24393.2193483944,15.9453206225473,,7.261,65.345,59.3538514107686,,,282318.0
Barbados,BRB,2023,,,,,,,,69.67510223,,25583.8722302505,1.81419817804516,3.18718905472632,6.54,65.019,59.4235740235775,,,282336.0
Barbados,BRB,2024,,,,,,,,70.36470032,,26897.2002039176,3.3669492581395,1.4464366430616,6.448,64.975,59.5397032429174,,,282467.0
Belarus,BLR,2011,58.6019794713688,58.0722303097157,59.2435208296705,50.4199291383932,41.6726619723859,62.255476244541,13.7103404950179,39.6488956598961,112.901923256589,6527.6593428786,5.54997471638077,53.2286983118172,6.024,63.299,75.0597534179688,,27.2,9461643.0
Belarus,BLR,2012,,,,,,,,46.91,112.822416305227,6953.21591683101,1.70785253368828,59.2197360232519,5.962,63.667,75.5281066894531,,26.5,9446836.0
Belarus,BLR,2013,,,,,,,,54.17,117.433516760028,7998.0802045456,0.998719299661161,18.3122610377873,5.942,63.946,75.94970703125,,26.6,9443211.0
Belarus,BLR,2014,71.9849861466564,71.960091334432,72.0152747785102,66.5575729089782,48.1637863099988,76.0839554438449,32.5842176379255,59.0163187101542,120.366076944418,8341.31809294883,1.65112470228097,18.1195543526734,5.908,64.14,76.3405227661133,,27.2,9448515.0
Belarus,BLR,2015,,,,,,,,62.230360906803,120.669626204229,5967.05595058777,-3.82957056812593,13.5344897649734,5.881,64.269,76.6263885498047,,25.6,9461076.0
Belarus,BLR,2016,,,,,,,,71.1130457603832,120.431507778029,5039.77560949445,-2.5264464460425,11.8365807653497,5.844,64.383,76.8458709716797,,25.3,9469379.0
Belarus,BLR,2017,81.1558850462713,81.3381714403097,80.9341710313571,74.4133862919728,55.1589550770484,85.0064663489317,33.9865505174228,74.4364454136036,120.212652133209,5785.54491935194,2.53218349471909,6.03183725177795,5.648,64.479,77.0208206176758,,25.4,9458989.0
Belarus,BLR,2018,,,,,,,,79.1298866919307,122.56975741957,6360.037502312,3.14919758275296,4.87230220550686,4.763,64.412,77.2132720947266,,25.2,9438785.0
Belarus,BLR,2019,,,,,,,,82.7891520910901,123.229810991965,6837.77339645635,1.44645548204305,5.59815595039848,4.165,64.251,77.4550771852757,99.870002746582,25.3,9419758.0
Belarus,BLR,2020,,,,,,,,85.08791245,125.164732031333,6542.85579976768,-0.672742918585868,5.54814357456519,4.049,64.03,77.7890385790408,,24.4,9379952.0
Belarus,BLR,2021,,,,,,,,86.88841196,127.117317282369,7489.71894713888,2.43886210234947,9.46028389623099,3.9,64.02,78.131086803694,,,9302585.0
Belarus,BLR,2022,,,,,,,,89.50733148,128.314999383533,7994.64806074889,-4.65839591328999,15.209675274081,3.574,64.042,78.4732787892908,,,9228071.0
Belarus,BLR,2023,,,,,,,,91.51249979,128.979176539764,7896.75388295584,4.12654007153881,5.0005990309131,3.461,63.572,78.8146420666327,,,9178298.0
Belarus,BLR,2024,,,,,,,,94.26182128,131.123016605614,8605.60954569694,4.34999638140579,5.78531910428005,3.458,63.256,79.1551015210848,,,9132629.0
Belgium,BEL,2011,96.3061274021685,97.1845679680139,95.2961552450421,93.8118677681345,89.6595265229628,97.4420796634252,87.3108137583852,81.6099959955952,113.201845409997,47760.8298776546,1.93115502411325,3.5320821072274,7.14,53.296,85.2349607044689,,28.1,11038264.0
Belgium,BEL,2012,,,,,,,,80.7199905482042,110.856223685615,44874.1709182123,0.215803612089744,2.83966343445899,7.542,53.328,85.4915403816388,,27.5,11106932.0
Belgium,BEL,2013,,,,,,,,82.1702,110.348677756715,46964.5946777056,0.305494549070232,1.1130959402754,8.425,53.617,85.7415410247275,,27.7,11159407.0
Belgium,BEL,2014,98.1257531332028,99.506192077294,96.6904371107756,98.6055423380544,90.8874018328514,99.5275537022838,100.0,85.0012379539925,113.600257053471,47995.7786961339,1.76554038149924,0.340002833356922,8.523,53.575,85.9848336685807,,28.1,11209057.0
Belgium,BEL,2015,,,,,,,,85.0529417508701,113.29233233425,40893.804537772,1.47416433731927,0.561429152790158,8.482,53.369,86.2212893480444,,27.7,11274196.0
Belgium,BEL,2016,,,,,,,,86.5164766644457,110.74871736226,41854.5498296444,1.19350273007754,1.97385264653163,7.83,53.164,86.4507790979645,,27.6,11331422.0
Belgium,BEL,2017,98.6383226021727,98.8175486538569,98.4492598231477,98.8567353428073,94.3162551586417,99.3000466532758,100.0,87.6796808175598,99.8303971992992,44035.3239358548,1.47446761556785,2.12597086002616,7.09,53.336,86.6731739531869,,27.4,11375158.0
Belgium,BEL,2018,,,,,,,,88.6473429951691,100.164027018171,47487.2100392561,1.87796847383565,2.05316499865178,5.941,53.669,86.8883449485575,,27.2,11427054.0
Belgium,BEL,2019,,,,,,,,90.275428012141,100.164960666171,46716.6227467964,2.4428900448156,1.43681956996438,5.364,53.896,87.0961631189222,,27.2,11488980.0
Belgium,BEL,2020,,,,,,,,91.52641629,99.9100614924974,45906.2875805246,-4.7929839083518,0.740791812220344,5.545,53.382,87.2964994991269,,26.0,11538604.0
Belgium,BEL,2021,99.0056968401204,98.6511494126192,99.3741167543227,97.9358828448375,94.7286194291877,99.6496687987763,93.8118809745621,92.78867618,101.462935633736,51658.238294958,6.25445686466593,2.44024851144084,6.248,54.048,87.4305564090635,,26.6,11586195.0
Belgium,BEL,2022,,,,,,,,94.00783071,101.680355820653,50639.0264882739,4.02460852835887,9.597511728725,5.57,54.576,87.489200269855,,26.4,11680210.0
Belgium,BEL,2023,,,,,,,,94.62625074,103.196426365374,55244.68145811,1.56125539542029,4.04901077613941,5.547,54.407,87.551492636772,,26.8,11779946.0
Belgium,BEL,2024,98.2369093220798,97.9206258791414,98.5689342561123,98.7161845506194,98.0009404548099,98.2724761084613,87.7610686377246,95.77579144,103.90465332676,56581.9375642531,1.09775383828703,3.14349136500041,5.7,54.538,87.6126557010527,,,11858610.0
Belize,BLZ,2011,,,,,,,,30.70000076,67.9524470054812,5596.05222152289,-0.13007112300869,1.602056156402,8.424,62.161,44.9417819131729,,,327298.0
Belize,BLZ,2012,,,,,,,,31.0,51.5597433121819,5732.66519942347,3.94389321816617,1.30058074547858,8.378,62.396,44.6903068035216,,,334414.0
Belize,BLZ,2013,,,,,,,,33.59999847,51.1127633354507,5957.34953619006,4.06646561608865,0.50974776898322,8.349,62.631,44.4380542363795,,,341627.0
Belize,BLZ,2014,48.2092497445127,52.2849367765193,44.0861939982008,37.3800594182997,39.3257977048842,52.2035874021598,41.3253902520831,38.70000076,49.3805223502033,6128.12053089077,3.89226067249989,1.20139964481058,8.244,63.492,44.1850161758379,,,348923.0
Belize,BLZ,2015,,,,,,,,41.59000015,59.4797562953754,6154.62264230369,2.7602602736023,-0.861584009427748,7.578,63.872,43.931184585988,90.9199981689453,,356333.0
Belize,BLZ,2016,,,,,,,,44.57569885,61.1255672392756,6140.86713919469,-0.0187414958130319,0.663427167917601,7.0,64.249,43.6765514309211,,,364705.0
Belize,BLZ,2017,,,,,,,,48.8771019,64.1585522049721,6071.85451846453,-1.83323729057784,1.14765339305816,6.596,64.034,43.4211086747287,,,373202.0
Belize,BLZ,2018,,,,,,,,53.59360123,64.7801570644827,6011.99036888587,0.822068592512508,0.269982622646335,9.346,67.295,43.164848281502,,39.9,380226.0
Belize,BLZ,2019,,,,,,,,58.76520157,66.0704612665196,6171.61449761423,4.25658710030072,0.187069385181424,9.053,69.726,42.9077622153323,,,385829.0
Belize,BLZ,2020,,,,,,,,64.43589783,67.551661668526,5238.54078175696,-13.5228997055506,0.121434644614894,10.763,54.68,42.649842440311,,,390812.0
Belize,BLZ,2021,,,,,,,,70.65370178,66.7769498110516,6142.98930557031,17.9899244143607,3.23563659237071,10.302,60.36,42.3910809205294,,,395346.0
Belize,BLZ,2022,,,,,,,,69.98329926,67.1750266305468,7068.21728043145,9.25051329530994,6.27689319447544,8.682,58.32,42.1373251262137,87.879997253418,,402733.0
Belize,BLZ,2023,,,,,,,,70.18720245,,7424.75821321022,0.500127941638667,4.38984017487675,8.278,57.62,41.9459437504976,,,411106.0
Belize,BLZ,2024,67.9682001512007,65.1819147470622,71.0650824980445,63.7647608887268,58.0107066081771,71.6038758479817,55.3456424872489,80.00582262,,7681.24400583113,3.50466435023895,3.28955985952768,8.698,56.85,41.7532107338224,,,417072.0
Benin,BEN,2011,10.4639370332736,9.80735403795204,11.1505669063628,3.57838611198758,2.8369984719402,14.8372842540231,8.56626048566645,4.14832306562512,76.9318013957922,1059.41358852588,2.96375291904201,2.7042390774728,2.647,71.88,43.4616136137276,44.6881229256471,43.4,10093623.0
Benin,BEN,2012,,,,,,,,4.5,80.8628905531314,1071.5258366283,4.811223315688,6.74468253340712,2.458,72.295,44.0475065829838,,,10397657.0
Benin,BEN,2013,,,,,,,,4.900000095,89.9019164924958,1168.92699279226,7.19143372144946,0.428888888888884,2.198,72.707,44.6502883669319,45.0800018310547,,10708834.0
Benin,BEN,2014,16.6208334560554,13.5968775399363,19.760197323587,10.0133158149899,8.3645821136598,20.923122469469,12.3696716045363,6.0,78.5170340826712,1204.39918670094,6.35767909791932,-0.548757550948181,1.952,73.115,45.2880529235999,,,11030004.0
Benin,BEN,2015,,,,,,,,11.25500011,82.0193349324746,1002.41886879614,1.77815106030278,0.218785923536245,1.886,73.519,45.9407403257663,,47.6,11360681.0
Benin,BEN,2016,,,,,,,,14.5,76.0182091705462,1010.5338961993,3.33967342629693,-0.793310145785624,1.834,73.919,46.6094559006664,,,11697842.0
Benin,BEN,2017,38.4892214232651,28.5858876684484,48.6232071835138,31.8528896568692,34.176016912275,40.7994899222914,31.4403887557341,18.7,72.867145412956,1054.97408066814,5.67156195150444,0.0432648555103608,1.691,74.315,47.2942774880391,38.8699989318848,,12039780.0
Benin,BEN,2018,,,,,,,,19.0,76.4080341122638,1151.7409703472,6.69725362180888,0.919170717886054,1.426,74.707,47.9952829275963,,37.9,12383347.0
Benin,BEN,2019,,,,,,,,20.50099945,81.3235345537806,1130.82135339795,6.86568662848335,0.732849371241066,1.214,75.095,48.7125500590248,49.0,,12726755.0
Benin,BEN,2020,,,,,,,,22.12059975,85.2390738023357,1200.19426557789,3.84879240030133,3.02272119663759,1.518,74.78,49.4461567219896,,,13070169.0
Benin,BEN,2021,48.605530136871,39.7870225704116,58.1742450984535,41.1917270195196,40.1233118176103,53.6447927263351,41.0090372165069,28.20470047,94.9182598289459,1318.65158075198,7.1554516457574,1.73353962694036,1.833,76.076,50.1961807561354,43.8300018310547,34.4,13413417.0
Benin,BEN,2022,,,,,,,,30.53730011,105.745019386968,1266.42711031904,6.25294705373625,1.35077863583527,1.685,76.28,50.9627000010887,51.3800010681152,,13759501.0
Benin,BEN,2023,,,,,,,,32.39400101,116.036046685168,1394.17784721831,6.3527773854442,2.73870078406075,1.641,76.274,51.7457922964593,,,14111034.0
Benin,BEN,2024,51.8432060403598,49.0557470327837,55.0161875100971,41.5027170713603,42.0188871349428,57.396095248447,47.4267246678506,33.98379898,125.940873932186,1485.38018885134,7.45311566226201,1.16093089640415,1.637,76.27,52.5455354818423,,,14462724.0
Bermuda,BMU,2011,,,,,,,,88.336,,99049.0169927667,-3.74274431740703,,,,100.0,,,63733.0
Bermuda,BMU,2012,,,,,,,,91.2993045243401,142.978348992867,100213.493385287,-5.30529910675297,,,,100.0,,,63646.0
Bermuda,BMU,2013,,,,,,,,95.3,148.331078742882,101704.40746217,-0.279708545423034,,,,100.0,,,63574.0
Bermuda,BMU,2014,,,,,,,,96.8,93.6438476916054,100961.576602811,-3.70106759364258,,,,100.0,,,63529.0
Bermuda,BMU,2015,,,,,,,,98.3236096537251,59.8764653977058,104855.366822135,0.775529699568978,,,,100.0,,,63464.0
Bermuda,BMU,2016,,,,,,,,98.0,100.6966224842,108747.356144305,-0.657206304259205,,,,100.0,,,63449.0
Bermuda,BMU,2017,,,,,,,,98.37,102.231904117777,112339.425587467,3.61141983706115,,,,100.0,,,63578.0
Bermuda,BMU,2018,,,,,,,,,,113204.82210838,-0.432801300339307,,,,100.0,,,63831.0
Bermuda,BMU,2019,,,,,,,,,104.512767716474,115798.040775578,0.307106461240664,,,,100.0,,,64107.0
Bermuda,BMU,2020,,,,,,,,,105.619583113293,106976.546239632,-6.97162571479863,,,,100.0,,,64382.0
Bermuda,BMU,2021,,,,,,,,,105.185001856206,112765.08167306,4.76497899668355,,,,100.0,,,64648.0
Bermuda,BMU,2022,,,,,,,,,105.274212729154,119969.173269085,6.25695521240877,,,,100.0,,,64749.0
Bermuda,BMU,2023,,,,,,,,,,132961.760796315,4.33447280353832,,,,100.0,,,64698.0
Bermuda,BMU,2024,,,,,,,,,96.6767745528807,142250.433195123,1.88822861970388,,,,100.0,,,64636.0
Bhutan,BTN,2011,,,,,,,,14.39999962,68.2555256231877,2787.97967608562,8.4892584842808,8.848985699468,3.23,67.41,34.4637606688377,,,709377.0
Bhutan,BTN,2012,,,,,,,,15.60000038,78.1969080371794,2751.2128864294,5.16482012683895,10.919656944683,2.05,64.4,35.0188644248365,55.3199996948242,38.8,717279.0
Bhutan,BTN,2013,,,,,,,,22.39999962,75.052704292039,2679.95217201538,1.73634039505693,8.77638345268213,2.87,65.3,35.5740003158589,,,725273.0
Bhutan,BTN,2014,33.6659130127617,27.6818789274225,38.994018411564,24.900048663866,22.1758760789303,38.0104663984817,29.2142182546342,30.29999924,85.1865744422272,2849.49998647303,5.88108550658288,8.27106093949328,2.63,62.61,36.1326606084122,,,733139.0
Bhutan,BTN,2015,,,,,,,,39.79999924,91.2409636276731,2954.04081911097,6.66080128866197,4.54814395082205,2.45,63.14,36.6983375690037,,,740618.0
Bhutan,BTN,2016,,,,,,,,46.50320053,93.382103211003,3152.30905106786,8.47594339232963,3.21988689395718,2.707,62.961,37.2745234641407,,,747866.0
Bhutan,BTN,2017,,,,,,,,54.33549881,96.8565690310008,3435.28804735662,2.08684522733067,4.95508366985129,3.027,62.782,37.8645544995016,66.5599975585938,37.4,754335.0
Bhutan,BTN,2018,,,,,,,,63.48680115,92.6022594006784,3400.20417245342,3.50187185732737,2.72396386183713,3.35,62.603,38.4661892776975,,,759759.0
Bhutan,BTN,2019,,,,,,,,74.17939758,95.3472955869586,3576.87987100503,5.75514851246506,2.72643037388832,2.72,66.364,39.0746823405146,,,764824.0
Bhutan,BTN,2020,,,,,,,,76.85079956,96.7702849068709,3191.66906999331,-10.2183974208569,5.62936522632508,5.03,67.827,39.6888839873439,,,770006.0
Bhutan,BTN,2021,,,,,,,,85.63688389,100.330908049861,3570.61257980872,4.42136738945015,7.3468144053353,4.803,69.094,40.3075199874379,,,775442.0
Bhutan,BTN,2022,,,,,,,,88.35620117,95.129809428439,3711.32767981591,5.21386783786224,5.6391667139637,5.947,63.094,40.9365143617581,64.9100036621094,28.5,780914.0
Bhutan,BTN,2023,,,,,,,,90.02140045,95.6260610260877,3831.32535564326,4.63215702969933,4.22934419929251,3.126,64.993,41.7352457989939,,,786385.0
Bhutan,BTN,2024,,,,,,,,91.27739716,99.7576826476519,4228.05102403654,7.49856206754038,2.76131569624098,3.282,64.9,42.5645249803412,,,791524.0
Bolivia,BOL,2011,28.0291327715447,25.1057670828975,31.1235855946322,14.34994342024,19.4003244261673,32.0088183126674,12.774674614169,30.0,80.7163040735906,2315.52121930607,5.20409245282328,9.88446419823883,2.255,68.247,66.833715633176,92.2300033569336,46.1,10348929.0
Bolivia,BOL,2012,,,,,,,,35.34,90.2755917829226,2575.59857098084,5.12227560125973,4.51560291399376,2.066,68.07,67.2581444827699,94.4599990844727,46.6,10515807.0
Bolivia,BOL,2013,,,,,,,,36.99,97.5951190945133,2870.02377000756,6.79601141268498,5.73640023719607,2.437,67.893,67.6697055519889,,47.6,10682608.0
Bolivia,BOL,2014,41.7967196011208,38.0391014514605,45.7563294946196,25.9174602611184,31.3552852039744,46.0816557440237,19.9645324951948,34.6016202324676,96.3263792565653,3041.43503162408,5.46056949136766,5.76660074579144,2.021,67.716,68.037425413,,47.8,10848888.0
Bolivia,BOL,2015,,,,,,,,37.4868176324391,92.2660116634989,2996.01289811344,4.85718718508603,4.05961041135645,3.111,67.538,68.3958051297665,92.4599990844727,46.7,11014705.0
Bolivia,BOL,2016,,,,,,,,39.69749832,90.3953302409119,3035.87347732132,4.26392086992173,3.62321431764138,3.498,67.359,68.7446327876947,,45.2,11180020.0
Bolivia,BOL,2017,54.4050564930785,53.8528340547695,54.9843918951988,42.8278338758324,41.2594457489428,59.9065252012183,43.0468572577464,43.83229828,96.6383703523099,4048.40119739839,4.19520633364647,2.8227580554717,3.655,68.634,69.0838016274736,,44.6,11344587.0
Bolivia,BOL,2018,,,,,,,,44.2861422024283,99.4565867202022,4206.8552936661,2.86808404814794,2.27205987230155,3.519,71.798,69.4133879813999,,42.6,11508368.0
Bolivia,BOL,2019,,,,,,,,47.4748191121692,100.14945954148,4203.15492855788,1.50672102666863,1.83954504969026,3.682,74.158,69.7334986708387,,41.6,11671386.0
Bolivia,BOL,2020,,,,,,,,59.94010155,99.898817726261,3580.96761778303,-12.7194690092717,0.940742153381849,7.903,72.264,70.0442635528254,93.8499984741211,43.6,11816299.0
Bolivia,BOL,2021,68.8854460185439,63.2896460123216,74.0406785640487,56.2876482548966,66.3624761652189,69.9053025207118,55.3876723280184,65.9773785,100.809064985893,4010.76053686204,10.0290488827886,0.737383721452275,5.089,77.79,70.3450412826165,,40.9,11937360.0
Bolivia,BOL,2022,,,,,,,,72.62270355,101.57150434614,4219.46113742445,3.74741781241461,1.74632872945969,3.552,78.267,70.6352598708131,,41.2,12077154.0
Bolivia,BOL,2023,,,,,,,,77.30039978,,4274.70820547613,2.51636590154891,2.57688800489192,3.024,78.38,70.9151414044538,95.5500030517578,42.1,12244159.0
Bolivia,BOL,2024,56.849052664469,53.4638307501513,60.3300944738612,45.5603933987213,53.8238460093009,57.9699446162011,35.7767584115646,79.70469666,98.0287940811943,4421.16609889999,-1.12335595517212,5.09976568317427,3.274,78.33,71.2361453773988,96.7300033569336,40.9,12413315.0
Bosnia and Herzegovina,BIH,2011,56.211608335604,47.7213626773356,67.2257409589655,42.7593095016631,46.4023127645886,58.0815092274757,34.1529744412861,43.88769913,84.7529182494619,4982.69375768263,0.959511709726897,3.67125,27.582,50.91,46.0528777644843,,33.3,3741798.0
Bosnia and Herzegovina,BIH,2012,,,,,,,,45.0644989,91.4833140015035,4693.78899115381,-0.821837252962993,2.05267452001717,28.01,50.68,46.3655655972,,,3670113.0
Bosnia and Herzegovina,BIH,2013,,,,,,,,48.52130127,96.6063476862431,5034.56634817068,2.34985873172397,-0.0930456838317588,27.49,50.361,46.6954224739896,96.9899978637695,,3610859.0
Bosnia and Herzegovina,BIH,2014,52.6850299266641,47.0578164060888,58.8213713301748,40.7742284984113,34.3864518213905,56.1337555173061,38.177923772597,49.91770172,97.9342347136426,5206.06573475132,1.15384793371298,-0.897194054194333,27.517,50.065,47.130783484831,,,3564829.0
Bosnia and Herzegovina,BIH,2015,,,,,,,,52.59999847,97.8678378339204,4662.25869219448,4.28413016137854,-1.03602303425474,27.695,49.864,47.5711645087011,,32.9,3518541.0
Bosnia and Herzegovina,BIH,2016,,,,,,,,60.2565354318987,98.0143984902979,4928.5665903114,3.24225822231566,-1.58400833333336,25.408,49.624,48.0248845752382,,,3473003.0
Bosnia and Herzegovina,BIH,2017,58.8434986936505,54.7418004917198,63.1763528485636,47.5024303501097,37.5835393879478,62.8029572913471,39.4206894029755,64.8920205128383,100.332576774399,5345.01978766473,3.24409895306594,0.810039425333895,20.527,49.408,48.4918401819106,,,3428682.0
Bosnia and Herzegovina,BIH,2018,,,,,,,,70.1201350394885,102.186536758193,6047.84707207392,3.82900399349064,1.41710814018034,18.4,49.129,48.971927825824,,,3387000.0
Bosnia and Herzegovina,BIH,2019,,,,,,,,69.9463476317266,112.254788698841,6122.37541352353,2.88585242083978,0.56278215406123,15.692,48.796,49.4650440037758,,,3345533.0
Bosnia and Herzegovina,BIH,2020,,,,,,,,73.21175294,106.374742411306,6130.31187968266,-3.01509335460439,-1.0512960076349,15.868,47.468,49.9710852122997,,,3299349.0
Bosnia and Herzegovina,BIH,2021,79.3378937380757,70.3665437213765,88.7128866141871,72.2946634180526,61.0301633635213,82.9771603039578,57.5805585370045,75.67620138,114.911613799718,7295.34378682258,7.39164256472846,1.98163900587622,14.897,47.716,50.4899479477034,,30.3,3244907.0
Bosnia and Herzegovina,BIH,2022,,,,,,,,78.8455371,118.944352880459,7655.59421024383,4.22681333390325,14.0208440826771,12.657,48.838,51.0215287060993,,,3204802.0
Bosnia and Herzegovina,BIH,2023,,,,,,,,83.3771539,117.733690876159,8663.02326458629,1.99439414850893,6.1059011284828,10.668,49.428,51.5657239834305,,,3185073.0
Bosnia and Herzegovina,BIH,2024,77.4588922946912,75.7475848321622,79.2625398663884,70.3836261798032,58.4042469789743,81.0394764974468,53.8036260216178,86.10091103,121.232373011893,9397.90942855997,3.22679979810856,,10.69,49.241,52.1224302754935,,,3164253.0
Botswana,BWA,2011,30.2600142850791,28.3603353299246,32.1595263342807,14.2189374598632,20.3047423790554,35.2054993811636,18.4952082077872,9.0,139.870462760455,7287.38295334919,6.83841052493574,8.45987233408583,18.049,60.571,64.0187810722889,,,2073535.0
Botswana,BWA,2012,,,,,,,,16.0,146.149158429435,6595.53845015424,-0.170857099335691,7.53690261091916,17.916,61.169,64.3993247826904,,,2108617.0
Botswana,BWA,2013,,,,,,,,30.0,151.670682520804,6666.91219583487,11.1029068737822,5.88460707056817,18.167,61.587,64.7579735458393,,,2140682.0
Botswana,BWA,2014,51.9645703035045,48.737120552655,55.2344995328383,31.9688747973776,47.7309231188419,53.8269916249258,31.4990552301512,36.74474744423,157.018320070864,7122.36423421503,5.69714422072884,4.40225309243427,18.484,61.917,65.0965122400825,,,2172044.0
Botswana,BWA,2015,,,,,,,,38.89379883,157.734742812171,6141.20394726616,-4.85132507409779,3.06203169580558,18.915,62.191,65.4103584313295,,54.9,2203273.0
Botswana,BWA,2016,,,,,,,,41.16859818,147.172960511479,6749.05994339013,7.20442475914267,2.81495791361944,19.328,62.461,65.6949296854899,,,2234776.0
Botswana,BWA,2017,51.0324508104973,46.7885174282854,56.2102479897004,34.6667330871646,46.9702184532622,52.7257562123231,38.9953319134369,43.57640076,142.962095019868,7104.96401088027,4.11437856445083,3.30828076768219,19.671,62.766,65.9456435684731,,,2266747.0
Botswana,BWA,2018,,,,,,,,46.12509918,147.06483856362,7407.95940141786,4.18869237159223,3.23801558947715,19.665,63.107,66.1579176461888,,,2299141.0
Botswana,BWA,2019,,,,,,,,48.82279968,160.661520194607,7172.08956480028,3.0317733945467,2.77286442863321,20.094,63.48,66.3271694845464,,,2332083.0
Botswana,BWA,2020,,,,,,,,51.67819977,161.858815314634,6323.2974967659,-8.72888243996397,1.8903591682421,21.017,61.298,66.4488166494554,,,2365894.0
Botswana,BWA,2021,,,,,,,,54.70069885,173.25235140068,7807.88794570471,11.9162724376008,7.24097765588442,23.106,63.994,66.5182767068255,,,2401441.0
Botswana,BWA,2022,58.7631963352309,53.8606829324756,64.2897656538847,47.5924168293663,49.7241570971929,61.6383072233263,43.8042522898614,57.9,178.205018910673,8328.7090572666,5.48601706446772,11.665567478802,23.615,64.621,66.5889787170477,,,2439892.0
Botswana,BWA,2023,,,,,,,,,179.027305378019,7827.30027960734,3.20806812224438,5.0676154934383,23.381,68.276,67.0212655349864,,,2480244.0
Botswana,BWA,2024,61.4384690565565,59.6866154697314,63.5502088098335,49.4372680058526,52.2769664732798,64.2385837048978,52.0096971067019,57.45950036,163.999922257361,7649.81663744354,-2.77988981666252,2.81835131676251,23.81,68.569,67.4623537838418,,,2521139.0
Brazil,BRA,2011,55.860384771673,51.0178475183944,61.0977359193099,37.5270515006477,36.3426948471432,61.9852629710918,47.1519112120737,45.69,120.008104166504,13396.6243562986,3.97442307944702,6.6364496221309,7.578,64.87,84.6225758599683,91.4100036621094,52.9,195284734.0
Brazil,BRA,2012,,,,,,,,48.56,126.131962754994,12521.7213519966,1.92117598576537,5.40349914036997,7.251,64.409,84.8973874181312,91.3399963378906,53.4,196876111.0
Brazil,BRA,2013,,,,,,,,51.04,136.589138644321,12458.8912138813,3.00482266944432,6.20431066640101,7.071,64.314,85.1676585442726,91.4800033569336,52.7,198478299.0
Brazil,BRA,2014,68.123158518616,64.7733123964089,71.6884249453533,57.2280492408065,52.5523791164024,73.0215753782375,59.946703849985,54.5510018796392,140.304679417776,12274.9939689363,0.503955740242247,6.32904015516139,6.755,64.039,85.4331367898168,91.7300033569336,52.1,200085127.0
Brazil,BRA,2015,,,,,,,,58.3279517340924,127.83616904008,8936.19661712113,-3.54576339269425,9.02990102416136,8.538,64.275,85.6935697061881,92.0500030517578,51.9,201675532.0
Brazil,BRA,2016,,,,,,,,60.8725400681261,120.101181531485,8836.28652735657,-3.27591690782192,8.73914352329393,11.58,64.29,85.9487048448108,92.8099975585938,53.4,203218114.0
Brazil,BRA,2017,70.0439481477435,67.5146495479498,72.847544446556,56.6252388472932,46.66775302881,77.2300449168169,62.8971931471366,67.4712845236305,108.092570205646,10080.5092819305,1.32286905404399,3.44637335032669,12.792,64.525,86.1982897571091,93.0800018310547,53.3,204703445.0
Brazil,BRA,2018,,,,,,,,70.4342825404361,101.602460284017,9300.66164923219,1.783666761634,3.66485028376729,12.329,64.501,86.4420719945072,93.2300033569336,53.9,206107261.0
Brazil,BRA,2019,,,,,,,,73.9124399133589,97.3747376780285,9029.83326681073,1.22077782360842,3.73297621216894,11.936,64.887,86.6797991084296,93.8926266999537,53.5,207455459.0
Brazil,BRA,2020,,,,,,,,81.34269353,98.6456198619193,7074.19378337644,-3.2767587964736,3.21176803803376,13.697,60.479,86.9112186503004,94.7444114331042,48.8,208660842.0
Brazil,BRA,2021,84.0357458977852,80.8668081422269,87.0474203748402,81.9784255452623,79.9177179518201,85.1499687792139,81.2766273194022,80.68989314,104.824727184587,7972.5366498646,4.76260437908608,8.30165975585673,13.158,62.456,87.1360781715439,94.7726170886975,52.9,209550294.0
Brazil,BRA,2022,,,,,,,,80.52775094,101.245468903076,9281.33334441234,3.01669435393015,9.28010608956873,9.231,63.527,87.349556243881,94.376866160108,51.9,210306415.0
Brazil,BRA,2023,,,,,,,,84.15060238,101.020256020808,10377.5892792557,3.24165532906981,4.59356282283204,7.947,62.915,87.6159710235763,94.5725490635077,51.5,211140729.0
Brazil,BRA,2024,86.3811782311541,82.2763902255203,90.853585329865,78.0975446578644,84.3933437415226,86.828115829651,71.6929943652081,84.46347227,101.926846460424,10310.5486973693,3.41931516501906,4.36746407652337,6.801,63.339,87.8958549533146,94.7399978637695,50.3,211998573.0
British Virgin Islands,VGB,2011,,,,,,,,37.4,162.302333681644,,,,,,46.9281822248936,,,28710.0
British Virgin Islands,VGB,2012,,,,,,,,37.6,160.497610809029,,,,,,47.5352496456526,,,30345.0
British Virgin Islands,VGB,2013,,,,,,,,,168.457243793963,,,,,,48.1639803746541,,,31703.0
British Virgin Islands,VGB,2014,,,,,,,,,166.142831138887,,,,,,48.8143653574427,,,32962.0
British Virgin Islands,VGB,2015,,,,,,,,,165.792219838831,,,,,,49.4863955390847,,,34498.0
British Virgin Islands,VGB,2016,,,,,,,,77.7014296797074,117.152724481965,,,,,,50.1800618642422,,,33878.0
British Virgin Islands,VGB,2017,,,,,,,,77.7042682926829,134.692192421787,,,,,,50.8953552772346,,,32699.0
British Virgin Islands,VGB,2018,,,,,,,,,115.28406959633,,,,,,51.6322667220883,,,34657.0
British Virgin Islands,VGB,2019,,,,,,,,,108.624811100426,,,,,,52.3907871425786,,,36395.0
British Virgin Islands,VGB,2020,,,,,,,,,94.6896458866299,,,,,,53.1709074822645,,,37135.0
British Virgin Islands,VGB,2021,,,,,,,,,99.5556613504721,,,,,,53.972618684518,,,37809.0
British Virgin Islands,VGB,2022,,,,,,,,,92.8912549909966,,,,,,54.795911692548,,,38319.0
British Virgin Islands,VGB,2023,,,,,,,,,90.8246761574965,,,,,,55.6407774494219,,,38985.0
British Virgin Islands,VGB,2024,,,,,,,,,93.1316662866408,,,,,,56.5072068980827,,,39471.0
Brunei Darussalam,BRN,2011,,,,,,,,56.0,110.959741004384,46382.8274255349,3.74440625524871,0.13791156316954,6.506,66.505,75.312125504778,96.0899963378906,,399389.0
Brunei Darussalam,BRN,2012,,,,,,,,60.27310181,115.8258888393,46968.5971164922,0.913135189664487,0.111766261400307,6.571,66.382,75.2714233503027,,,405557.0
Brunei Darussalam,BRN,2013,,,,,,,,64.5,114.010632244007,44003.0644273461,-2.12478292664558,0.389205053123632,6.709,66.184,75.1756915148608,,,411202.0
Brunei Darussalam,BRN,2014,,,,,,,,68.76999664,108.471265746851,41026.5084247957,-2.50788727590711,-0.207108731719822,6.862,65.946,75.0572639801502,,,416750.0
Brunei Darussalam,BRN,2015,,,,,,,,71.19999695,109.751499246824,30625.1287744656,-0.392383749502031,-0.488347420743522,7.703,65.682,74.9484620568562,,,422212.0
Brunei Darussalam,BRN,2016,,,,,,,,90.0,122.42681797345,26663.2972950602,-2.47791771833224,-0.278693265753083,8.537,65.421,74.8816070556641,,,427564.0
Brunei Darussalam,BRN,2017,,,,,,,,94.86669922,125.870435240727,28024.3824580252,1.32872661057823,-1.2605056462896,9.316,65.191,74.8476440654983,,,432772.0
Brunei Darussalam,BRN,2018,,,,,,,,95.0,129.268175692652,30988.1190267227,0.0523710418528935,1.02505179290212,8.7,66.433,74.8172471714305,,,437810.0
Brunei Darussalam,BRN,2019,,,,,,,,95.0,129.845260684919,30426.5730656528,3.86884436177075,-0.390522069165529,6.6,64.793,74.7923311783673,,,442680.0
Brunei Darussalam,BRN,2020,,,,,,,,96.30549622,119.933885258067,26834.3592233943,1.1335733495246,1.94031996607184,7.409,63.954,74.7748108912151,,,447404.0
Brunei Darussalam,BRN,2021,,,,,,,,97.62879944,133.597065445264,31006.9636289785,-1.59076260099606,1.73341388450593,4.905,63.895,74.7667316936175,,,451721.0
Brunei Darussalam,BRN,2022,,,,,,,,98.97042579,116.108439291126,36632.9280952155,-1.62833154515108,3.68225030604216,5.191,64.083,74.7772642014221,,,455370.0
Brunei Darussalam,BRN,2023,,,,,,,,98.97039795,118.673752421293,32890.5491812019,1.12764418162719,0.35706431153689,5.296,64.733,74.8199193881365,,,458949.0
Brunei Darussalam,BRN,2024,,,,,,,,96.29828801,118.130579766209,33153.4738913513,4.05251709306727,-0.388674165036461,5.18,64.509,74.8983133873697,,,462721.0
Bulgaria,BGR,2011,52.8249019127393,55.4513177134377,49.8976792356507,36.8406953466459,45.232979896786,54.0644199603071,25.6861582524691,47.9799930506026,141.938313217096,7849.98219737366,2.09017598337418,4.21990346601872,11.26,52.551,72.6101653885532,98.3499984741211,34.3,7348328.0
Bulgaria,BGR,2012,,,,,,,,51.8999876658503,147.337862138845,7432.33753378983,0.748814556346105,2.95456829831012,12.27,53.174,72.7684860229492,,36.0,7305888.0
Bulgaria,BGR,2013,,,,,,,,53.0615,144.355146876635,7796.37945241455,-0.542753400392826,0.890093540913096,12.941,53.937,72.9632821572019,,36.6,7160005.0
Bulgaria,BGR,2014,62.9868277446347,63.1597120862826,62.795221692749,49.3628551604873,32.5709745669351,67.27326719821,32.1391900687172,55.4903766299262,131.33514197996,8070.01289303544,0.949449772002041,-1.4181838026484,11.424,53.967,73.0844879150391,,37.4,7073572.0
Bulgaria,BGR,2015,,,,,,,,56.6562516053086,128.103256321093,7269.02586513711,3.39755351999294,-0.104633261008479,9.143,54.209,73.1030578613281,,38.6,6984225.0
Bulgaria,BGR,2016,,,,,,,,59.825547661014,125.906027330453,7822.89886431732,3.02662820096305,-0.798649886453617,7.575,53.31,73.1750030517578,,40.6,6894139.0
Bulgaria,BGR,2017,72.2040293669719,73.6368625573636,70.6195382749557,54.5476853671311,43.4560994261157,75.0993777341853,42.1352359959386,63.4101013837926,120.595632675282,8697.13373333715,2.74592737750996,2.06159619443141,6.164,55.405,73.3904571533203,,40.4,6803468.0
Bulgaria,BGR,2018,,,,,,,,64.78201069118,119.394511829255,9849.88769989118,2.33015054210419,2.81454473824838,5.211,55.316,73.600212097168,,41.3,6710798.0
Bulgaria,BGR,2019,,,,,,,,67.9469809417603,116.616975862125,10354.2500414088,3.79331964589196,3.10372944796771,4.148,56.659,73.7162322998047,,40.3,6616726.0
Bulgaria,BGR,2020,,,,,,,,70.16248359,114.596737765322,10760.7616180234,-3.13323543125917,1.67244096855756,5.037,55.878,73.3239898681641,,40.5,6550696.0
Bulgaria,BGR,2021,83.9665205056197,84.3245815088574,83.5893251581687,73.8666174488086,88.6183876621138,83.4495298050145,70.9536539226791,75.27144583,114.911988483727,12966.8085197381,7.82817310703665,3.29774435299506,5.166,55.392,73.346765618041,,39.0,6507301.0
Bulgaria,BGR,2022,,,,,,,,79.12686326,116.679163253179,13999.9113358453,4.08386398118941,15.3252589264367,4.148,56.735,73.4799164005224,,38.2,6465097.0
Bulgaria,BGR,2023,,,,,,,,80.38956462,117.932685806225,15854.0192893772,1.68151075832925,9.44284140088564,4.319,56.896,73.7322671584613,,39.5,6446596.0
Bulgaria,BGR,2024,84.7243949771558,85.0429744458305,84.369484033824,77.655004985327,79.1669804169464,85.3020196681161,58.0861482875189,82.438955,118.067152838789,17596.9167621233,3.38708962009333,2.44651943006079,4.2,56.275,73.9499356882481,,,6441421.0
Burkina Faso,BFA,2011,13.3530920184137,10.8137100104842,15.6954228033191,6.5272540509757,5.72702056063239,17.3811158528311,11.3408018053857,3.0,46.1057641177709,725.024767725475,6.62256261306693,2.75976724854534,3.827,79.584,24.4682976845657,,,16661908.0
Burkina Faso,BFA,2012,,,,,,,,3.724999905,58.0942130771516,731.470138867833,6.45267237953146,3.8181524025238,3.849,79.346,24.8001912059054,,,17172287.0
Burkina Faso,BFA,2013,,,,,,,,5.0,63.5243073500025,759.762065168498,5.79258484509867,0.533738507090536,4.054,79.105,25.106116148748,,,17695409.0
Burkina Faso,BFA,2014,14.3575961084795,12.6490093355924,16.0806284691075,6.42887860055468,8.32170263407311,17.6661687180951,10.5591622749556,6.0,68.5395525408019,764.861675106225,4.32684561452976,-0.258089517535291,4.255,78.862,25.3814155996643,34.5999984741211,35.3,18229461.0
Burkina Faso,BFA,2015,,,,,,,,6.545700073,76.9373292602998,630.124750752312,3.9212287937935,0.724838981070517,4.472,78.617,25.621432645225,,,18777487.0
Burkina Faso,BFA,2016,,,,,,,,7.140999794,79.6697942824089,663.742364842886,5.95797670754024,0.441041448058809,4.598,78.371,25.821510372001,,,19334856.0
Burkina Faso,BFA,2017,43.1599923287733,34.4989350743814,51.2809530402095,26.741807314683,38.7174946682676,45.5647829840842,37.7803842231344,7.790400028,90.2081424191231,709.091535894695,6.20348941121868,1.48299897161326,4.662,78.122,25.9769918665632,,,19894407.0
Burkina Faso,BFA,2018,,,,,,,,8.498900414,94.6219614871852,777.465618514048,6.60456906812341,1.95594302672532,4.695,77.871,26.0832202154822,39.3499984741211,43.0,20438288.0
Burkina Faso,BFA,2019,,,,,,,,9.27180600953186,97.1498646690919,764.853077774946,5.88920497068135,-3.23338933983322,4.493,77.617,26.1187254401157,29.6599998474121,,20961952.0
Burkina Faso,BFA,2020,,,,,,,,12.97319984,102.972844247019,825.237038782475,2.01077262406221,1.88470066518847,4.59,75.189,26.3578373628627,,,21478690.0
Burkina Faso,BFA,2021,36.1085342551293,30.680222914874,42.3501438687539,25.4991002079681,35.2273781831221,36.5589918422861,31.6919840532018,18.1522007,112.198419449151,895.535288442991,6.94252492572348,3.65326761825509,4.511,73.984,26.8114307743017,36.9700012207031,37.4,21995243.0
Burkina Faso,BFA,2022,,,,,,,,25.3987999,113.996146792235,827.330843486661,1.62673258211919,14.2902354303358,3.828,72.337,27.2791369742712,40.9199981689453,,22509038.0
Burkina Faso,BFA,2023,,,,,,,,25.36120033,116.16313821519,873.198061670247,3.00027415814125,0.742910428668918,3.601,71.195,27.7872478365158,41.5670909952631,,23025776.0
Burkina Faso,BFA,2024,51.4274911911242,43.9890405155106,59.7853698647921,38.5347843936538,47.2708871806653,53.5592522882237,45.0746148949737,28.25270081,116.5895933212,982.493100418428,4.83395810163883,4.19081721344523,3.441,70.062,28.3352514896662,,,23548781.0
Burundi,BDI,2011,7.23798460936825,,,,,,,1.110000014,19.7014852266593,230.069761381132,4.02442793864228,9.5921660597967,1.602,78.565,11.5616652230006,,,9717978.0
Burundi,BDI,2012,,,,,,,,1.220000029,22.3127768088819,231.098787811507,4.42303118490126,18.1610453065451,1.593,78.701,12.2244596804615,,,10071028.0
Burundi,BDI,2013,,,,,,,,1.2642181112,24.3006814319026,234.844770150871,4.92392485117456,7.93795807492418,1.584,78.839,12.9670962745892,,38.6,10439341.0
Burundi,BDI,2014,7.10575863294663,,,,,,,1.04239212643994,29.567783062348,250.544492155185,4.24490803087248,4.40535234185293,1.572,78.938,13.7839781740413,61.2900009155273,,10799785.0
Burundi,BDI,2015,,,,,,,,2.0,45.2379254099088,254.402585226788,-0.404525595204191,5.54468891259779,1.449,79.489,14.6695085474754,,,11047580.0
Burundi,BDI,2016,,,,,,,,2.200000048,47.6697304877258,232.937812100153,3.20017470408993,5.55768961400965,1.352,79.924,15.6180905635494,65.6900024414062,,11239451.0
Burundi,BDI,2017,,,,,,,,2.6607485347534,51.4533280518012,246.060725714184,3.83185757061784,16.0525353030392,1.25,80.093,16.6241273909209,68.379997253418,,11506762.0
Burundi,BDI,2018,,,,,,,,4.019499779,53.2736942349584,245.661678332009,5.34224473186408,-2.81469807668465,1.147,80.045,17.6820221982475,,,11859446.0
Burundi,BDI,2019,,,,,,,,6.072199821,53.2995504978403,234.31061590725,4.45934202358784,-0.686772170797359,1.043,79.741,18.786178154187,,,12255336.0
Burundi,BDI,2020,,,,,,,,6.430099964,52.5571219738138,252.702452750006,0.306443811651718,7.32110643415521,1.03,78.546,19.9309984273971,71.3374789737041,37.5,12617036.0
Burundi,BDI,2021,,,,,,,,6.777999878,59.700785493419,264.172844085398,3.23707479372925,8.40453845076341,1.118,79.094,21.1108861865354,,,12965481.0
Burundi,BDI,2022,,,,,,,,7.144800186,56.2599912004244,301.832255755105,2.31770122350822,18.8008786664945,0.909,79.104,22.3202446002597,,,13321097.0
Burundi,BDI,2023,,,,,,,,7.172299862,63.1631365759764,249.795164039029,3.25476897326196,26.9414835762453,0.911,78.801,23.5534768372276,,,13689450.0
Burundi,BDI,2024,,,,,,,,8.595999718,,216.231928531758,4.11227376394912,20.2124925027847,0.915,78.492,24.8302838651025,,,14047786.0
Cabo Verde,CPV,2011,,,,,,,,32.0,77.511257275925,4002.01386888785,3.92471821338283,4.47388342165023,10.956,59.129,62.7419929036884,,,511447.0
Cabo Verde,CPV,2012,,,,,,,,34.74,83.0756609467629,3736.81517011087,1.08364848376166,2.54039644167109,11.145,59.137,63.7260454520996,85.3300018310547,,511955.0
Cabo Verde,CPV,2013,,,,,,,,37.5,97.5075406315584,3960.97596791345,0.632136727385131,1.50654285701407,11.398,59.146,64.7486207521826,,,512225.0
Cabo Verde,CPV,2014,,,,,,,,40.25999832,119.724160007495,3985.60706548134,0.696666840118581,-0.238778144990624,11.689,59.154,65.8085112712742,,,512326.0
Cabo Verde,CPV,2015,,,,,,,,42.6830141582781,119.335511344785,3415.06266730931,0.936026507808833,0.131187999024545,11.923,59.163,66.9045094767116,86.7900009155273,42.4,512394.0
Cabo Verde,CPV,2016,,,,,,,,50.3228178676892,117.442454843782,3608.96605234906,4.28071482662371,-1.40781637091706,12.085,59.171,68.0354078358316,,,512554.0
Cabo Verde,CPV,2017,,,,,,,,57.1621463484891,119.373631537182,3893.09571382506,4.5513148102974,0.784415251101334,12.24,59.18,69.1999988159713,,,512893.0
Cabo Verde,CPV,2018,,,,,,,,59.5,118.876152819844,4294.96510035729,3.70696458310842,1.25699566690509,12.17,55.56,70.3970748844677,,,513415.0
Cabo Verde,CPV,2019,,,,,,,,61.9433977593088,115.867801067488,4380.78117331128,6.94782634051859,1.10666674296063,12.123,57.43,71.6254285086577,,,514104.0
Cabo Verde,CPV,2020,,,,,,,,69.37339783,105.838590655535,3539.22661248299,-20.8052758990735,0.605795808395385,14.65,53.405,72.8838521558784,,,514679.0
Cabo Verde,CPV,2021,,,,,,,,70.28250122,114.230551109167,3971.44409203423,7.03353010694514,1.86215297494647,13.932,54.185,74.1607930892827,,,516649.0
Cabo Verde,CPV,2022,,,,,,,,73.32740021,113.247367438782,4323.31362032709,15.843675684642,7.93092925430087,12.239,57.198,75.033738060849,,,519741.0
Cabo Verde,CPV,2023,,,,,,,,74.59919739,113.022968194497,4794.90119772843,4.7947613911073,3.72437517668748,11.882,57.122,75.9064245753376,,,522331.0
Cabo Verde,CPV,2024,,,,,,,,74.73519897,111.84067886381,5170.20531932535,6.98888280991075,1.04817001091965,11.883,57.034,76.7721471004354,88.4700012207031,,524877.0
Cambodia,KHM,2011,3.65971165444537,,,,,,,3.099999905,93.4414773928272,1088.98152823081,7.28665813879552,5.4784474961745,0.577,85.439,22.3824788531276,,,14722584.0
Cambodia,KHM,2012,,,,,,,,4.94,127.835438875055,1192.80263041673,7.65025657870362,2.93431609293951,0.505,82.987,23.9411047582349,,,14945085.0
Cambodia,KHM,2013,,,,,,,,6.0,133.580989792625,1305.6600972686,7.8574997554252,2.94162509547349,0.438,80.219,25.7644735090271,79.6500015258789,,15170208.0
Cambodia,KHM,2014,22.1652657655108,20.4976335344624,24.2890405708562,16.3069167067705,26.3290080385425,20.5273911914645,20.020276038737,14.0,132.832921082419,1431.56396469993,8.00032074618566,3.85568861424207,0.692,80.293,27.8179557823331,78.0599975585938,,15396772.0
Cambodia,KHM,2015,,,,,,,,6.43319107021405,133.45841400103,1547.32010444393,7.20703472529512,1.22393195511119,0.393,79.603,30.0669222549819,80.5299987792969,,15623251.0
Cambodia,KHM,2016,,,,,,,,32.3984517141849,125.627644524442,1675.19555711109,7.90550116130704,3.01913975139128,0.716,81.735,32.4767436038024,,,15852803.0
Cambodia,KHM,2017,21.6717841167542,21.5263934164812,21.8454568474808,14.304061987813,19.6833840418932,22.5866867394736,18.8841210086928,32.9002785437986,115.551192369591,1826.35391688754,8.07503915535979,2.91263557371478,0.141,81.409,35.0127905056235,,,16073372.0
Cambodia,KHM,2018,,,,,,,,65.0,119.309943480982,2036.67377566578,8.77622376224463,2.45908515380146,0.129,81.911,37.6404336372742,,,16274522.0
Cambodia,KHM,2019,,,,,,,,52.305878224498,129.957441474291,2225.87705485686,7.93695013588524,1.94257500833107,0.119,82.422,39.5830241256026,87.6600036621094,,16481304.0
Cambodia,KHM,2020,,,,,,,,56.37590027,126.075894769858,2081.73914242939,-3.55572193406549,2.9402951426397,0.172,82.238,39.832658030922,82.5510430822563,,16725474.0
Cambodia,KHM,2021,33.3949915672468,32.524222340901,34.4119265574558,23.3453775545367,27.6468824085517,35.1871166346335,28.7743580260272,60.76269913,117.234785164989,2167.40324198499,3.08984284148661,2.92073477592949,0.396,79.51,40.1091858128847,71.9300003051758,,16974305.0
Cambodia,KHM,2022,,,,,,,,65.49079895,113.391506572248,2325.03050040841,5.12990110773977,5.34370264895437,0.245,82.338,40.374616187368,,,17201724.0
Cambodia,KHM,2023,,,,,,,,68.92549896,120.80911943838,2429.74853452838,5.00733043811898,2.12746796594194,0.256,82.348,40.6290788072508,,,17423880.0
Cambodia,KHM,2024,39.0314428535,36.7988836964306,41.5805707422137,28.1273292851866,40.5397345460068,38.5520970626791,33.5778460367908,68.47530365,116.091961125929,2627.87969756224,6.0158145735202,0.808042016536654,0.254,82.373,40.8727033252729,,,17638801.0
Cameroon,CMR,2011,14.8096124143559,10.8814437855453,18.8115622214897,12.9456830800504,5.4548266469958,19.692904518626,13.4344686332757,5.0,51.831042080032,1513.96056994878,3.37921128506045,2.93969946305091,3.988,75.238,51.2229843034125,,,20232304.0
Cameroon,CMR,2012,,,,,,,,7.5,62.9906520229266,1449.09874362279,4.62597872209571,2.73529677529539,3.836,74.218,51.5887119982861,,,20809529.0
Cameroon,CMR,2013,,,,,,,,10.0,73.1912475512065,1575.92882118897,4.99552916130783,2.05034718001741,3.686,73.172,51.9475591877024,,,21402376.0
Cameroon,CMR,2014,12.1777346523732,10.1781983512431,14.1788971008065,2.30354790248714,5.32613803816783,15.7733399201626,5.64916762200197,16.2148722257524,77.2399893326772,1649.4433905949,5.71981814509198,1.85489850366777,3.534,72.099,52.2993944376709,,46.6,22059893.0
Cameroon,CMR,2015,,,,,,,,18.29999924,79.7800672605612,1415.00009710569,5.66695298703932,2.676235314199,3.518,71.153,52.6440863142742,,,22763414.0
Cameroon,CMR,2016,,,,,,,,20.60000038,79.8046154795305,1441.7201725688,4.53579423678801,0.874190383288856,3.529,70.225,52.9815033836792,,,23454161.0
Cameroon,CMR,2017,34.5907908564962,30.030370229117,39.2444549542367,24.9801251004451,24.7821150939092,39.6618172653047,26.8952979371224,23.2029719748646,83.4502920413828,1496.08951771242,3.54117654926007,0.64040914988195,3.573,69.308,53.3115142121504,,,24128601.0
Cameroon,CMR,2018,,,,,,,,29.70000076,74.3995446655806,1610.69641591017,3.95551423892049,1.0688581131292,3.608,68.387,53.6339873660653,72.5500030517578,,24806383.0
Cameroon,CMR,2019,,,,,,,,36.53919983,83.9044001051513,1555.22660476477,3.47505998194981,2.45280214062732,3.632,67.453,53.9487914119331,,,25506095.0
Cameroon,CMR,2020,,,,,,,,37.69749832,85.2721639882676,1555.60370660749,0.259932915907115,2.43760882182236,3.881,65.916,54.2557949164174,,,26210558.0
Cameroon,CMR,2021,51.6548130092196,49.2549795515638,54.1474459088713,33.8855917944228,48.5632238809364,53.330801458836,37.197841376578,38.89260101,80.8081013360278,1672.32657340872,3.33885747179505,2.27185762503637,3.976,65.315,54.5548664463635,,42.2,26915758.0
Cameroon,CMR,2022,,,,,,,,40.12559891,89.8274190453067,1604.87726954895,3.7367840056412,6.24767713343861,3.646,65.576,54.8458745688318,,,27632771.0
Cameroon,CMR,2023,,,,,,,,42.24380112,96.4817325902196,1720.47510154506,3.34756290750219,7.38281384280984,3.607,65.552,55.1286878511388,,,28372687.0
Cameroon,CMR,2024,60.8737908565624,52.8996933484284,69.3553577956512,44.8919869724807,57.1746315950979,62.8688100779265,44.5698910414234,46.25880051,108.213130152497,1830.00833684727,3.52472308052245,4.53331349711606,3.603,65.528,55.4031748609078,,,29123744.0
Canada,CAN,2011,95.8046424525372,97.2331641337487,94.2752247657323,93.2909197030988,90.7250574817665,96.7129284152329,89.4128214894666,83.0,77.6722584904981,52224.1237767406,3.1371944343876,2.91213508872351,7.637,66.594,81.1031425434213,,32.7,34339221.0
Canada,CAN,2012,,,,,,,,83.0,79.3757242462141,52670.1429540952,1.75566133205234,1.51567823124517,7.392,66.558,81.1513483248791,,33.5,34713395.0
Canada,CAN,2013,,,,,,,,85.80000305,80.3548920843149,52637.7313222622,2.32581356612762,0.938291897815317,7.143,66.541,81.183439957458,,33.8,35080992.0
Canada,CAN,2014,99.1033280339593,99.1964836629437,99.003207420253,98.4080931272655,97.4011620589854,99.390205237122,100.0,87.12000275,80.790219211487,50960.8942086685,2.87346675579731,1.90663590717861,7.023,66.022,81.211183161556,,33.2,35434066.0
Canada,CAN,2015,,,,,,,,90.0,82.767383138656,43594.2379080706,0.64997101491096,1.12524136094277,6.945,65.887,81.2465670276699,,33.7,35704498.0
Canada,CAN,2016,,,,,,,,91.16000366,84.5919452304565,42314.1033623905,1.03855091989323,1.42875954701085,7.038,65.638,81.3023011093703,,32.7,36110803.0
Canada,CAN,2017,99.7268801898825,99.8528003696063,99.5923036211936,99.7778285208574,100.0,99.6881813452456,94.7322491368516,92.70140076,86.1024018448784,45129.7335281051,3.03383491841392,1.59688412852977,6.426,65.792,81.4018945832226,,33.3,36545075.0
Canada,CAN,2018,,,,,,,,94.64,89.0494584998715,46539.2177903178,2.74296341402246,2.26822567248103,5.837,65.547,81.5500341646653,,32.5,37072620.0
Canada,CAN,2019,,,,,,,,91.91290283,90.9589210049458,46352.9695208927,1.90843193887251,1.94926902411593,5.69,65.809,81.7363672047941,,31.8,37618495.0
Canada,CAN,2020,,,,,,,,92.3,84.7747749116615,43537.8981198851,-5.03823342794087,0.716999632307827,9.657,64.097,81.9509888710566,,29.9,38028638.0
Canada,CAN,2021,99.6346150066946,99.50555299801,99.7677886528327,99.3721269715206,100.0,99.5803311728827,90.1625716443574,93.93710327,87.4056019628826,52886.6407813788,5.95052804984759,3.39519318527528,7.527,65.195,82.1779279079275,,31.1,38239864.0
Canada,CAN,2022,,,,,,,,94.0,91.2386689983444,56496.9275340663,4.69541985045903,6.80280115341613,5.279,65.247,82.3500897353968,,31.5,38950132.0
Canada,CAN,2023,,,,,,,,94.14530182,94.1497268194785,54847.5370112652,1.95308552199025,3.87900159788426,5.415,65.361,82.5250564408346,,,40049088.0
Canada,CAN,2024,98.4047126063262,98.7513672334689,98.0567378578269,98.6214334795616,100.0,98.187661898738,100.0,94.353302,94.1059718794246,55015.7066917734,2.04626605401701,2.38158383281173,6.351,64.739,82.7002565766633,,,41262329.0
Cayman Islands,CYM,2011,,,,,,,,69.46594499,174.040571161385,75280.960764889,1.16906219839106,1.32543575779664,,,100.0,,,55606.0
Cayman Islands,CYM,2012,,,,,,,,69.7,172.980257630916,75101.59136128,1.22975365701149,1.18894845245608,,,100.0,,,57136.0
Cayman Islands,CYM,2013,,,,,,,,71.4,167.140056261188,75113.7332398618,1.27933101999021,2.16061146813391,,,100.0,,,58655.0
Cayman Islands,CYM,2014,,,,,,,,74.1,151.361369680851,75845.3060407986,2.65452798451271,1.27397911533388,,,100.0,,,60160.0
Cayman Islands,CYM,2015,,,,,,,,77.0,151.2669932838,76379.2095108681,2.8331222262961,-2.34752770165615,,,100.0,,,61642.0
Cayman Islands,CYM,2016,,,,,,,,79.0,151.594294770206,77802.2541567187,3.23997433895669,-0.62525835861814,,,100.0,,,63100.0
Cayman Islands,CYM,2017,,,,,,,,81.0676932508161,149.772991400015,80053.9444506891,3.18404592334522,,,,100.0,98.870002746582,,64535.0
Cayman Islands,CYM,2018,,,,,,,,,,83865.5531568184,4.26726745249641,,,,100.0,,,65941.0
Cayman Islands,CYM,2019,,,,,,,,,147.043533797733,88254.2903677044,3.91563534249416,,,,100.0,,,67327.0
Cayman Islands,CYM,2020,,,,,,,,,145.594315997903,82338.7977439023,-4.95480696516726,,,,100.0,,,68684.0
Cayman Islands,CYM,2021,,,,,,,,,142.637074228333,86449.6749037302,4.86941655353661,,,,100.0,,,70108.0
Cayman Islands,CYM,2022,,,,,,,,,139.314997695241,92937.8838323153,5.66079366938135,,,,100.0,,,71591.0
Cayman Islands,CYM,2023,,,,,,,,,,100065.233841107,5.80436961198644,,,,100.0,,,73038.0
Cayman Islands,CYM,2024,,,,,,,,,,104292.900672109,3.75641197192778,,,,100.0,,,74457.0
Central African Republic,CAF,2011,3.30080913421627,,,,,,,2.200000048,21.7401847658532,534.057281471636,4.19461533741989,1.1944757244985,5.638,72.82,38.8030669465007,,,4565021.0
Central African Republic,CAF,2012,,,,,,,,2.400000095,24.7918387246771,544.395849142785,5.05376125356918,5.47829594346117,5.58,72.956,39.0301696038517,,,4610848.0
Central African Republic,CAF,2013,,,,,,,,2.5,29.3015343940304,364.36696260838,-36.3919770983887,6.98879341970198,5.566,73.105,39.3042963482777,,,4642419.0
Central African Republic,CAF,2014,,,,,,,,2.700000048,24.9962039132355,409.8504859647,0.0810705153264877,14.898684179755,5.633,73.298,39.6226521868738,,,4623182.0
Central African Republic,CAF,2015,,,,,,,,2.900000095,26.8396654368244,366.322853938121,4.33712103020231,1.40297017136816,5.775,73.421,39.9824421267351,,,4629320.0
Central African Republic,CAF,2016,,,,,,,,3.099999905,26.4835649048309,387.176203444318,4.75031684122342,4.94543276106518,5.793,73.419,40.3808711749566,,,4713663.0
Central African Republic,CAF,2017,13.745946426537,9.71761748965302,18.0825013448328,9.20241357530394,10.5007362092927,15.3388170291394,9.92539780815204,4.0,24.5204193752763,432.324025684263,4.52727821346231,4.18072331871267,5.836,73.425,40.8151443386334,,,4793511.0
Central African Republic,CAF,2018,,,,,,,,5.099999905,26.2215810621653,455.243962859534,3.78944359275462,1.61215686991555,5.825,73.43,41.2824666248606,,,4878657.0
Central African Republic,CAF,2019,,,,,,,,7.509200096,32.2626859489842,449.228467602439,3.09999999999999,2.68537355266787,5.916,73.424,41.7800430407332,42.439998626709,,4944703.0
Central African Republic,CAF,2020,,,,,,,,,36.426009643045,462.879071294011,0.899999996857062,1.71015659523153,6.519,72.726,42.3050785933463,,,5026628.0
Central African Republic,CAF,2021,,,,,,,,,35.8169832358522,492.263142830507,0.982919996264229,4.25936417542868,6.701,72.626,42.8547782897949,,43.0,5112100.0
Central African Republic,CAF,2022,,,,,,,,13.75360012,38.8217901039988,467.359825026238,0.453901876447787,5.58316735183247,6.287,73.426,43.2751967457285,,,5098039.0
Central African Republic,CAF,2023,,,,,,,,13.8416996,,495.978897288721,0.69996840076054,2.97913852618937,6.181,73.425,43.6983692134165,,,5152421.0
Central African Republic,CAF,2024,,,,,,,,13.78250027,,516.160999996036,1.49999999847535,1.47733600718744,6.253,73.421,44.1243555638904,,,5330690.0
Chad,TCD,2011,8.95974560162476,,,,,,,1.899999976,28.7390189115685,1308.1421872538,4.49542967058827,2.0292405367826,0.92,63.64,21.9558736797638,,43.3,12754997.0
Chad,TCD,2012,,,,,,,,2.099999905,33.3228572133612,1354.34344701937,9.06180392253447,7.51662364663833,0.886,63.125,22.1061904148178,,,13210998.0
Chad,TCD,2013,,,,,,,,2.5,33.3154384690936,1304.88742971475,2.83821524730293,0.222671564624551,0.955,62.606,22.2975929852391,,,13691079.0
Chad,TCD,2014,12.4333450664986,7.82676116829015,17.4585281515998,7.13134398884126,8.08734609499271,15.0189442654741,10.4346843844672,2.900000095,37.0123277165075,1278.78981422494,2.06283074361411,1.6819731392567,0.984,62.085,22.5294513486009,,,14188678.0
Chad,TCD,2015,,,,,,,,3.5,37.3152541289811,993.990730610869,3.30415979779805,4.37712665065654,1.032,61.561,22.8011258828974,,,14647621.0
Chad,TCD,2016,,,,,,,,5.800000191,36.9555838356879,861.831767630746,-4.12250332637034,-0.792440525236102,1.091,61.035,23.1119734707179,22.3099994659424,,15114655.0
Chad,TCD,2017,21.7591926547872,14.850258253476,29.030788902747,14.1435997430537,17.9483486921341,23.9016172127551,18.3850564334739,6.351900101,40.7648866631048,854.46120040098,-1.61746922820204,-1.5370996298084,1.132,60.505,23.461349471105,,,15622759.0
Chad,TCD,2018,,,,,,,,6.956299782,43.2279057924006,948.656629871231,5.74111580758154,4.27462198610545,1.135,59.974,23.8486084924975,,37.5,16156531.0
Chad,TCD,2019,,,,,,,,7.618199825,45.9378876746208,893.336441643325,5.38282202874814,-0.971939175419401,1.077,59.944,24.2731047386633,30.6299991607666,,16685223.0
Chad,TCD,2020,,,,,,,,8.343099594,50.434327397335,866.947814890409,-0.393646582380399,4.46414437232861,1.695,59.374,24.7341921795416,,,17224679.0
Chad,TCD,2021,,,,,,,,9.653699875,58.0323175441615,946.358500208374,0.293442648033434,-0.77284437035914,1.53,59.34,25.2312246423075,,,17828273.0
Chad,TCD,2022,23.6513333879631,22.5617474983775,24.8595312021906,23.6091662595219,18.9175152475201,26.4806378959411,21.9766941491588,11.17029953,65.4377795535985,966.036468278568,4.12969897668356,5.78802687843616,1.081,59.786,25.7635558629694,,37.4,18455316.0
Chad,TCD,2023,,,,,,,,12.03590012,70.1873962423852,949.991054236266,3.99861309461539,10.8363568399843,1.059,59.702,26.3305395171046,,,19319064.0
Chad,TCD,2024,20.8983599359361,20.1401531546613,21.6937637839192,21.0676398615485,20.7374442412509,20.9963434697323,18.3470322270644,12.62689972,72.9289782617702,980.668312111718,4.95210484607125,8.89950732263754,1.053,59.595,26.9315292389497,,,20299123.0
Channel Islands,CHI,2011,,,,,,,,,,60415.2632075658,1.12504310895372,,7.244,59.36,32.326335016388,,,159706.0
Channel Islands,CHI,2012,,,,,,,,,,58809.5698945413,-5.75366122139113,,8.028,59.501,32.4414334604748,,,160767.0
Channel Islands,CHI,2013,,,,,,,,,,59308.4666588674,0.493931120528785,,8.572,59.337,32.5432251775809,,,161777.0
Channel Islands,CHI,2014,,,,,,,,,,64697.5485024325,2.42710178482311,,8.319,58.914,32.6275595274837,,,162726.0
Channel Islands,CHI,2015,,,,,,,,,,61847.8212238857,0.374367083829384,,7.928,58.991,32.6907784276403,,,163454.0
Channel Islands,CHI,2016,,,,,,,,,,55947.579811974,1.21302407657195,,7.469,58.909,32.7426259745361,,,163883.0
Channel Islands,CHI,2017,,,,,,,,,,55806.3554257428,1.80648131383585,,6.881,58.738,32.7853219355631,,,164319.0
Channel Islands,CHI,2018,,,,,,,,,,60784.8125397162,1.1222435658518,,6.344,58.55,32.8125991997971,,,164949.0
Channel Islands,CHI,2019,,,,,,,,,,60564.6293993681,1.57335596156342,,6.185,58.377,32.8235411026876,,,165639.0
Channel Islands,CHI,2020,,,,,,,,,,56785.9402005039,-8.89677926591959,,6.633,57.535,32.8247184979451,,,166235.0
Channel Islands,CHI,2021,,,,,,,,,,66915.3963925722,9.93680136985076,,6.643,57.819,32.8148141071941,,,166741.0
Channel Islands,CHI,2022,,,,,,,,,,67627.1417347907,5.34196140375869,,5.923,57.729,32.7920439098264,,,167215.0
Channel Islands,CHI,2023,,,,,,,,,,74585.5224096294,3.71500590367266,,5.928,57.084,32.7554337975051,,,167691.0
Channel Islands,CHI,2024,,,,,,,,,,,,,6.031,56.728,32.7056211227456,,,168126.0
Chile,CHL,2011,42.1792854983892,40.9744325867779,43.4419936686176,30.449320102803,38.9117107129601,43.1086696657208,24.4199140644259,52.2496072877744,128.604683221629,14487.3927832032,6.22389678509138,3.34121694259302,7.492,61.715,87.0109164653326,96.6999969482422,46.9,17351816.0
Chile,CHL,2012,,,,,,,,55.04999924,136.656261082535,15241.9069981119,6.15534001855494,3.00744840213047,6.79,61.688,87.0824943735696,,,17519119.0
Chile,CHL,2013,,,,,,,,58.0,133.778091102587,15683.5486369155,3.30850824710085,1.7895555398459,6.361,61.811,87.1827777654221,96.2699966430664,46.8,17687006.0
Chile,CHL,2014,63.2588778095792,59.1644525322631,67.8175979730648,53.8035887236602,62.4931537871377,63.4541464727013,36.6842029222298,61.11000061,132.559670334991,14529.6767206336,1.79264947139259,4.71867527854672,6.761,62.118,87.3133701497978,,,17864195.0
Chile,CHL,2015,,,,,,,,76.6295919508796,128.583971575207,13433.9202987032,2.15194249981184,4.34877353217044,6.605,62.262,87.4653320342387,96.870002746582,45.3,18047625.0
Chile,CHL,2016,,,,,,,,83.5585860244169,127.565123343064,13649.8520452803,1.753038749071,3.78619355893118,6.926,62.324,87.6306290578181,,,18267221.0
Chile,CHL,2017,74.3492431619623,71.273791172686,77.7538706685303,66.8719884610449,74.6411695045323,74.2837974657908,54.1800243753939,82.3274869338464,124.000811902967,14879.9086227187,1.35769537343957,2.18271846868519,7.257,62.951,87.8000295757281,96.4000015258789,45.3,18558868.0
Chile,CHL,2018,,,,,,,,84.90000153,133.270134198082,15659.4808675628,3.99002947789977,2.43488981353057,7.623,63.207,87.9620493753008,,,18893191.0
Chile,CHL,2019,,,,,,,,85.01760101,130.492770400522,14496.9345640362,0.644223402631923,2.55754475703327,7.493,63.072,88.1273685623538,,,19197744.0
Chile,CHL,2020,,,,,,,,87.45929718,129.413740104604,13117.9930230086,-6.1396969411886,3.04549084804326,10.934,56.358,88.2953490438375,,47.0,19370624.0
Chile,CHL,2021,87.0620678198245,86.6153008701508,87.5634371180498,86.428819050975,89.9996906203543,86.4133467418013,68.8478688801324,90.23280334,136.571581265001,16216.1840860289,11.3374032409913,4.52456838259144,9.281,57.552,88.4660511664452,,,19456334.0
Chile,CHL,2022,,,,,,,,92.31819916,135.114280974065,15399.1044717559,2.06391864254198,11.643866711056,8.249,60.138,88.6395352768685,,43.2,19553036.0
Chile,CHL,2023,,,,,,,,94.45742345,135.871118507277,17081.5180740049,0.677024831595858,7.58168251407962,9.013,61.521,88.8158617217972,,,19658835.0
Chile,CHL,2024,85.0691778196127,83.1703645529934,87.0892601301665,75.3603235793929,85.3691665450779,85.0152768419057,66.2858067902049,95.590243,132.660408764665,16658.9652720351,2.80512637106611,4.29763891572524,8.718,62.295,88.9950908479196,,43.0,19764771.0
China,CHN,2011,63.8173128563221,60.008675441337,67.5847964414684,46.6263607847143,65.2909654430242,63.5457250268259,56.7323825253374,38.3,72.5052393725573,5703.76027973346,9.46205248298186,5.55389892257493,4.55,70.86,51.8300285339355,,42.4,1345035000.0
China,CHN,2012,,,,,,,,42.30009842,81.2075981633238,6405.0574241349,7.8578201481217,2.61952432645541,4.58,70.41,53.1003112792969,,42.2,1354190000.0
China,CHN,2013,,,,,,,,45.79999924,89.130227261039,7147.03518622344,7.77842954757257,2.62105001748115,4.6,69.97,54.4900016784668,,39.7,1363240000.0
China,CHN,2014,78.9652608494559,76.4173378243648,81.444677603225,72.6805568490856,74.2828836132499,79.7951738292002,72.9012425158544,47.90000153,92.6612034094217,7781.06597484974,7.46100735778161,1.92164162788521,4.63,69.65,55.7502555847168,,39.2,1371860000.0
China,CHN,2015,,,,,,,,50.29999924,92.5401171363348,8175.33285077393,6.98162255562367,1.43702380935655,4.65,69.3,57.3297843933105,,38.6,1379860000.0
China,CHN,2016,,,,,,,,53.2,97.2138770934621,8254.86859320357,6.7736886867727,2.00000182191943,4.56,68.88,58.8399238586426,,38.5,1387790000.0
China,CHN,2017,79.5313410701405,75.6557719927572,83.361786363876,68.8845830766161,86.5750931091022,78.4880968797029,71.3858862913984,54.3,104.073181609424,8979.67652709856,6.89123916636191,1.59313600071436,4.47,68.35,60.2402687072754,,39.1,1396215000.0
China,CHN,2018,,,,,,,,65.35839844,116.229125477063,10085.6638148819,6.757806142324,2.07479039965576,4.31,67.81,61.5001983642578,,38.5,1402760000.0
China,CHN,2019,,,,,,,,64.080881297515,122.670391850252,10342.9009524335,6.06737806333672,2.89923416358227,4.56,67.38,62.7099151611328,,38.2,1407745000.0
China,CHN,2020,,,,,,,,70.05275998,120.496715387079,10627.4637989619,2.33950385203023,2.41942189457782,5.0,65.721,63.5234230266258,96.7399978637695,37.1,1411100000.0
China,CHN,2021,88.7090216844445,87.3449018911007,89.9227937995507,83.0814727173529,88.4684252410524,88.7520908835361,83.0213478155459,73.05323517,121.491918368395,12887.4357242941,8.57038414981781,0.981015135544882,4.55,67.11,64.721076965332,,35.7,1412360000.0
China,CHN,2022,,,,,,,,75.61131603,124.195248970763,12970.6056414327,3.13385438394069,1.97357555739051,4.98,65.8,65.2176361083984,,36.0,1412175000.0
China,CHN,2023,,,,,,,,90.6,128.247014127486,12951.1782397043,5.41600334492955,0.234836828893051,4.67,65.83,65.5301448035523,,,1410710000.0
China,CHN,2024,89.3830319754266,89.2021200745424,89.5550580073499,82.7432333438411,88.558719237412,89.4974582569168,84.4097441140546,92.0,131.753932036803,13293.1162269366,4.95830378788091,0.218128938439177,4.59,64.91,65.8946980998325,,,1408975000.0
Colombia,COL,2011,30.4278010167618,25.3545600566368,35.935750018283,13.8392101984029,12.7720874295182,36.3792876605983,15.7479622551921,40.3509157546318,102.07868984477,7400.9940695669,6.94789198173555,3.4150334477625,10.288,67.514,76.839003613206,93.5800018310547,53.3,45259614.0
Colombia,COL,2012,,,,,,,,48.98,107.329081558437,8108.59838244229,3.91263576716115,3.16930188840055,9.959,68.072,76.942211203265,,53.6,45715810.0
Colombia,COL,2013,,,,,,,,51.7,108.978088379372,8279.10255642981,5.13399351995672,2.01699224310383,9.246,67.273,77.0315988189922,,53.5,46151584.0
Colombia,COL,2014,38.9990168273556,33.9536617887016,44.4218407676077,24.3945372391819,28.4328532290986,42.4290359152947,19.6222082696753,52.568136539247,118.822639860142,8187.20824890084,4.49903000110972,2.89883787761738,8.799,66.991,77.1058449419909,94.1900024414062,53.6,46565429.0
Colombia,COL,2015,,,,,,,,55.9049725142924,122.051401385652,6248.51490534512,2.95590137527523,4.9898311584953,8.572,67.019,77.1636280538646,94.25,52.0,46969940.0
Colombia,COL,2016,,,,,,,,58.1364935728703,123.709953422515,5959.84250367574,2.08738250162794,7.51346024627675,8.922,66.418,77.2036266362166,94.6500015258789,51.7,47437512.0
Colombia,COL,2017,45.7592285252884,42.4744313309802,49.446970773565,35.0195639716513,34.2662750697486,49.4205985198749,32.7792050440226,62.2598803162841,129.272014227481,6479.53231292429,1.35936086788746,4.31431325695011,9.086,66.013,77.2245191706503,94.8873885601748,50.9,48131078.0
Colombia,COL,2018,,,,,,,,64.1263768204459,131.595473810882,6816.96818309544,2.56432428277704,3.24056932930569,9.36,65.237,77.2804816598084,95.0899963378906,51.6,49024465.0
Colombia,COL,2019,,,,,,,,65.0069007159493,132.810761644655,6472.54544924705,3.18685539245533,3.52301932741447,10.28,64.322,77.4595528518377,95.25,52.5,49907985.0
Colombia,COL,2020,,,,,,,,69.79533474,133.661019178018,5339.68711357943,-7.18591413760859,2.52663500084706,15.983,63.415,77.6382533537045,95.6399993896484,54.4,50629997.0
Colombia,COL,2021,59.7159078921527,56.204292335596,63.5124351976525,47.6721562541319,50.0012093797922,62.582308185314,48.0776326552361,73.02837449,146.627837254516,6222.62164397614,10.8011981904878,3.49505757399448,13.898,64.33,77.8339570326128,95.6606500324449,55.1,51188173.0
Colombia,COL,2022,,,,,,,,72.79637855,156.195161137443,6680.44506854481,7.32827729427979,10.1772313546166,10.541,63.155,78.0464633137335,95.31030793119,54.8,51737944.0
Colombia,COL,2023,,,,,,,,77.33686322,166.980107777443,7012.49169137756,0.841819555752039,11.7359044948689,9.591,63.736,78.275571579544,95.4566254983696,54.6,52321152.0
Colombia,COL,2024,57.0594856281374,50.9915484901848,63.6600565851691,42.9248421374649,62.2389271536834,55.7707912862148,36.2169124867103,79.34543299,174.094289675393,7951.08624019412,1.49330728771066,6.60908593728228,9.619,63.528,78.5210811866115,95.3399963378906,54.4,52886363.0
Comoros,COM,2011,21.6946740447008,17.8929575737707,25.6971496339755,10.5956388133598,6.99712884669686,29.0370892029373,12.7709126683821,5.5,32.3981821883195,1531.43969320468,4.14350668765977,1.8426630075619,4.12,43.534,29.1136750253686,,,668056.0
Comoros,COM,2012,,,,,,,,5.975299835,41.5930930270088,1490.31425650871,3.1684098843342,6.31474450315177,4.091,43.845,29.397950693899,,,681630.0
Comoros,COM,2013,,,,,,,,6.5,49.9143914322486,1603.32653496691,4.46624729869704,-4.29487331536756,3.98,44.156,29.7043482521482,,,696192.0
Comoros,COM,2014,,,,,,,,6.980000019,53.8297097833741,1615.71709756316,2.10665760321017,7.54755379096711,3.984,44.467,30.0302906552932,73.6494960644007,45.3,711503.0
Comoros,COM,2015,,,,,,,,7.459199905,58.4555555249752,1329.37048235986,1.14735632260047,-0.11717388419007,4.031,46.084,30.3732008585112,,,726682.0
Comoros,COM,2016,,,,,,,,7.938300133,61.2597928387402,1365.48403444497,3.3204465548877,0.797517430888487,4.117,47.689,30.7305018169792,,,741741.0
Comoros,COM,2017,,,,,,,,8.478199959,61.9708221164076,1423.9248027797,3.81576287489548,-0.237362224154613,4.049,49.253,31.0996559689293,,,756669.0
Comoros,COM,2018,,,,,,,,,64.6590805998004,1540.71132257526,3.64245114733689,2.15155084413033,3.975,50.788,31.4073645195839,,,771590.0
Comoros,COM,2019,,,,,,,,16.38380051,73.1291747290161,1519.26386436068,1.76078023564568,3.58213544469211,3.926,52.328,31.7287584068243,,,786578.0
Comoros,COM,2020,,,,,,,,22.42040062,97.4339379901591,1527.16991011916,-0.195556841918759,0.786641929499151,4.468,53.471,32.0638072194881,,34.2,802163.0
Comoros,COM,2021,,,,,,,,30.68120003,104.311430086999,1587.72988658008,2.04245238320844,-0.00441793682346988,4.394,55.195,32.4124444313246,75.6201980162165,,818174.0
Comoros,COM,2022,34.2501735467595,29.3283105432933,40.3779693012247,26.7967957026729,21.8975381899181,40.5563290645759,29.8560493724869,31.37409973,100.549036907747,1533.87755393614,2.45381174550259,12.5320314570999,3.879,55.468,32.7746035528748,,,834188.0
Comoros,COM,2023,,,,,,,,31.92749977,109.855630436495,1723.89474946474,3.1866131800554,8.37373955490996,3.833,55.422,33.1502180946901,,,850387.0
Comoros,COM,2024,45.4593974142566,41.8394427057053,49.6024719511375,35.0109004446953,32.4618637014973,51.6069935084582,42.8157348161451,32.51750183,,1857.87060684189,3.30071498500033,5.05192609588218,3.815,55.387,33.5392215673301,,30.3,866628.0
"Congo, Dem. Rep.",COD,2011,3.6967262381342,,,,,,,1.200000048,22.081904226281,372.514273875789,-0.403164081254445,15.316515913949,4.317,67.009,39.7849692825859,,,70849311.0
"Congo, Dem. Rep.",COD,2012,,,,,,,,1.679999948,27.4285479176207,409.931424783784,8.66859360586926,9.72182806273364,4.485,66.025,40.1770385579151,75.0199966430664,42.1,73254618.0
"Congo, Dem. Rep.",COD,2013,,,,,,,,2.200000048,37.2504622843341,460.370334930107,17.5159124688348,0.808223101487111,4.469,65.778,40.5675263197158,,,75789395.0
"Congo, Dem. Rep.",COD,2014,17.4769843590534,14.3227828389819,20.6689159225373,10.7811250918501,12.2839223522869,20.7322061851006,7.66651847250786,3.0,47.3232446178692,489.175952097319,7.30227750870263,1.24303889760803,4.436,65.533,40.9563873534225,,,78403242.0
"Congo, Dem. Rep.",COD,2015,,,,,,,,3.799999952,46.5879368397055,495.826633014883,6.35973756164829,0.74419899478147,4.441,65.29,41.3435764444694,,,81035531.0
"Congo, Dem. Rep.",COD,2016,,,,,,,,10.1,34.4098982787676,459.765036590388,0.393832798154563,2.88585107289988,4.528,65.025,41.7290483782911,77.0400009155273,,83956415.0
"Congo, Dem. Rep.",COD,2017,25.8256750266961,24.2188232634497,27.3890965081369,17.3902758839885,24.4776629362176,26.635894960764,17.7849024642953,,40.6222618919854,431.052559128788,4.24121047272719,,4.613,64.756,42.1127579403217,,,87083398.0
"Congo, Dem. Rep.",COD,2018,,,,,,,,11.69999981,40.5014483221793,518.169626875371,6.07168870646615,,4.632,64.519,42.4946599159958,73.5500030517578,,90047644.0
"Congo, Dem. Rep.",COD,2019,,,,,,,,13.02970028,39.9399996397964,504.00419142286,0.555384294580819,,4.605,64.296,42.8747090907476,,,92947442.0
"Congo, Dem. Rep.",COD,2020,,,,,,,,14.51049995,42.5027574227056,486.425572682256,0.775427992354622,,5.355,63.44,43.2528602500115,65.6828744335957,44.7,95989998.0
"Congo, Dem. Rep.",COD,2021,,,,,,,,16.1595993,47.2882541992485,595.743074403567,6.42961005647355,,5.289,63.623,43.6290681792218,,,99148932.0
"Congo, Dem. Rep.",COD,2022,27.4411307638978,20.4962059938261,34.1915810486816,17.8892800155854,25.4022040097152,28.7052811499108,11.6736446429543,17.99620056,48.6773534153863,687.738587554685,9.31116944064918,,4.54,64.363,44.003287663813,,,102396968.0
"Congo, Dem. Rep.",COD,2023,,,,,,,,18.96789932,53.1888827659463,660.21205238997,8.5334898318451,,4.469,64.396,44.3754734892194,68.5,,105789731.0
"Congo, Dem. Rep.",COD,2024,39.2140115142227,33.4561427829617,44.5944458590314,26.5410578898936,31.644089722502,43.7790427724527,20.2990088577027,19.67350006,58.532153345468,692.887665085098,6.1025294442863,,4.421,64.411,44.7455804408753,,,109276265.0
"Congo, Rep.",COG,2011,10.0480565895901,7.55865872047357,12.5145296088604,4.47981696200752,4.58481023479395,13.0634908773331,5.05367796867019,5.6,84.2730931396327,3396.16505817952,2.20591936286718,1.75958704273803,19.435,67.788,62.5597508130231,,48.9,4609724.0
"Congo, Rep.",COG,2012,,,,,,,,6.106699944,90.3528989863831,3732.32737320389,9.94715314257564,5.01018773134471,19.491,67.869,62.7187169094345,,,4740450.0
"Congo, Rep.",COG,2013,,,,,,,,6.599999905,95.9371427265534,3697.41705884249,-0.712434451876447,4.63161619729461,19.845,67.965,62.8682817180686,,,4857099.0
"Congo, Rep.",COG,2014,17.0695977327512,14.9626818474847,19.1590059913893,7.01794222045401,7.44031284830288,21.1682989300678,10.7264857380145,7.110000134,99.0799617354116,3601.2365808718,6.64606540928447,0.912139545450097,19.696,68.046,63.0075415618859,,,4975880.0
"Congo, Rep.",COG,2015,,,,,,,,7.616000175,102.323043027664,2439.35189403696,0.415193061293763,3.16909796750829,20.02,68.11,63.135592763847,,,5097581.0
"Congo, Rep.",COG,2016,,,,,,,,8.121899605,103.857589492921,2093.10728558843,-8.68524343913786,3.19056179723773,20.298,68.147,63.2515316469123,,,5222536.0
"Congo, Rep.",COG,2017,26.092748786452,20.9935621096455,31.2151465963951,18.1581772595176,25.5402841106953,26.3264158325244,16.456356069779,8.649999619,94.4868175378447,2211.63309874797,-5.59477371915547,0.450063823285546,20.737,68.156,63.3544545340423,,,5351011.0
"Congo, Rep.",COG,2018,,,,,,,,11.8071003,91.1889913731567,2694.43413191427,-2.30431780125842,1.15277896375523,20.84,68.147,63.4434577481975,,,5483118.0
"Congo, Rep.",COG,2019,,,,,,,,16.11639977,91.0654212529473,2488.42466724916,1.12447391976529,2.20607305781525,20.494,68.119,63.5176376123385,,,5616661.0
"Congo, Rep.",COG,2020,,,,,,,,21.99850082,97.6561289989503,1993.586671931,-6.26777227963225,1.79537147083108,22.286,64.941,63.5760904494257,,,5752791.0
"Congo, Rep.",COG,2021,47.1421557656699,43.79194944753,50.6094293348856,33.4793466845775,45.8190752362876,47.6979715899827,30.685764454151,30.02739906,95.8614998889206,2516.16255145432,1.01507036990908,1.7156427545126,21.998,65.541,63.6179125824196,,,5892183.0
"Congo, Rep.",COG,2022,,,,,,,,40.98669815,93.6259259161068,2620.83804267402,1.47535613247133,3.04344334698478,20.131,67.946,63.6422003342807,,,6035104.0
"Congo, Rep.",COG,2023,,,,,,,,43.15039825,94.8715365076336,2477.97845544866,1.90686426346754,4.30174563591016,19.919,67.897,63.6626757615625,,,6182885.0
"Congo, Rep.",COG,2024,55.5760387811851,50.5916393453064,60.5586391455265,41.7082699764933,55.3898016426087,55.6570332112011,41.5459904367302,47.25159836,95.5319320614796,2482.2489948456,2.09998918002519,3.09143630919166,19.895,67.847,63.8866111699904,,,6332961.0
Costa Rica,CRI,2011,50.358727770345,40.6618441462717,60.2028899184012,35.4766194446154,45.0164036427978,52.2477789998003,35.8226298436257,39.2121959961842,90.0914848759163,9276.39109377477,4.40315921836142,4.87799830970702,9.518,60.62,72.8426586679914,97.4100036621094,48.8,4609833.0
Costa Rica,CRI,2012,,,,,,,,47.5,115.312137778965,10126.9991155066,4.88259252932575,4.49545314354605,9.11,64.332,73.3895020668217,,48.4,4663934.0
Costa Rica,CRI,2013,,,,,,,,45.96,150.800664186252,10803.2401795009,2.49476596233289,5.23133614174428,8.218,63.662,73.9431776192863,,49.2,4716147.0
Costa Rica,CRI,2014,64.5530648301076,60.2397245881066,69.2236064102673,56.7371048932239,61.5990341436536,65.5434769134556,49.3980598266656,53.0,147.26739567441,10911.4978703456,3.54210997703849,4.51920098516954,8.499,64.189,74.4866963181212,,48.6,4767119.0
Costa Rica,CRI,2015,,,,,,,,59.7629501371681,156.403893036958,11714.7106121672,3.65208093006359,0.801982005099623,8.415,62.808,75.0198195767549,,48.4,4818038.0
Costa Rica,CRI,2016,,,,,,,,65.8804491942718,171.166374015358,12091.0301560892,4.20432320775184,-0.0174788505908217,8.085,59.687,75.5423088085047,,48.7,4866998.0
Costa Rica,CRI,2017,67.8383576314763,60.8790615797655,75.4613550446904,58.0312309299327,67.6466029771757,67.9016634123042,57.2589628134426,71.5816646195022,179.931274611112,12317.0902779911,4.15769914676933,1.62590692991732,7.729,59.848,76.0539254265608,,48.3,4913177.0
Costa Rica,CRI,2018,,,,,,,,73.4797284369906,171.357339055205,12620.0207321581,2.85285959760458,2.22111461526581,9.01,62.21,76.5544308439668,,48.0,4957818.0
Costa Rica,CRI,2019,,,,,,,,81.2025964435269,144.514079558713,12951.8588421841,2.70813912948329,2.09604635327807,10.807,64.263,77.0435864735963,,48.2,4999553.0
Costa Rica,CRI,2020,,,,,,,,80.53018608,142.481526800044,12475.6852076814,-4.14159340574358,0.724911478131376,16.432,60.629,77.5211537281257,,49.2,5034320.0
Costa Rica,CRI,2021,68.4896897601052,61.0813328950655,76.3350423654681,57.2341411992094,77.0397396598329,65.6660833361197,51.7476241593465,82.74901607,140.788061157457,12962.2716075659,8.21817953969082,1.72647755109241,15.139,61.767,77.9868940200009,,48.7,5059988.0
Costa Rica,CRI,2022,,,,,,,,82.59801121,136.518375013406,13971.7649991294,5.46119455235068,8.27477490232654,11.325,61.491,78.4405687613972,,47.2,5081765.0
Costa Rica,CRI,2023,,,,,,,,85.39514799,133.527658761832,17140.771430122,4.79187732359398,0.525193508693455,8.325,56.831,78.8819393641702,,46.7,5105525.0
Costa Rica,CRI,2024,71.3527070793642,68.2829497651369,74.5207849178286,62.8158143627092,67.1332161099254,72.3494249710401,53.537492398604,87.17019653,136.024511151268,18853.2828705886,4.08292444182048,-0.412853001047069,6.936,57.687,79.3107672397967,,45.8,5129910.0
Cote d'Ivoire,CIV,2011,,,,,,,,2.900000095,75.4688103733356,1596.62826565998,-5.37044724000579,4.9124339505245,7.144,67.122,47.6797551269623,,,22982000.0
Cote d'Ivoire,CIV,2012,,,,,,,,4.400000095,77.1273355805099,1546.9460184731,7.62041176451649,1.30451119915606,7.223,67.269,48.1242507553354,,,23467078.0
Cote d'Ivoire,CIV,2013,,,,,,,,6.599999905,80.9986810652982,1786.15862031324,10.7602131311256,2.58117037252936,4.255,67.16,48.5702332186208,,,23939775.0
Cote d'Ivoire,CIV,2014,34.322022683895,29.1605831255157,39.2024899755814,24.1759494544382,24.1007406741498,39.2803573952676,30.0496682626673,10.0,90.1219840101242,1991.36539423404,9.37199994240375,0.448682076766141,3.274,67.05,49.0173144557368,43.9099998474121,,24527395.0
Cote d'Ivoire,CIV,2015,,,,,,,,38.4400001654616,100.638777689061,1814.71855088017,7.19494942728191,1.25149954781468,2.573,66.94,49.4694894689553,,41.5,25246342.0
Cote d'Ivoire,CIV,2016,,,,,,,,41.2078149304414,105.624772864173,1862.59597081287,7.17275963956332,0.723178457513308,1.896,66.829,49.929991034032,50.0400009155273,,25989405.0
Cote d'Ivoire,CIV,2017,41.3309551965021,35.5649786616342,46.5971047415742,34.1676872075878,33.5828220056594,45.1340125881811,34.9710840539344,43.8399208514876,118.755063895419,1964.29930338343,7.41076242592504,0.685881065304603,3.272,66.121,50.3977309654344,,,26733372.0
Cote d'Ivoire,CIV,2018,,,,,,,,37.5465361301281,123.098008449044,2130.86619381144,4.84314605889178,0.401297817263547,2.852,65.406,50.8718477756395,,37.2,27464173.0
Cote d'Ivoire,CIV,2019,,,,,,,,36.2889545655205,132.574011521792,2141.76836170115,6.72137167584978,0.790855512053661,2.401,64.684,51.3514799771241,56.9592400560829,,28193009.0
Cote d'Ivoire,CIV,2020,,,,,,,,36.01660156,138.663750301785,2179.72934832935,0.699728593494228,2.41252617189053,2.588,64.893,51.8357660823651,,,28915449.0
Cote d'Ivoire,CIV,2021,50.7622911401206,37.4442612620447,64.0095413479943,44.010125314071,39.9800899602096,55.8792240400492,43.9860780919228,35.95069885,150.343798608733,2455.98127641148,7.06253713446816,4.15919657911798,2.623,66.233,52.3183461956059,50.0,35.3,29639736.0
Cote d'Ivoire,CIV,2022,,,,,,,,38.41328122,161.231833444196,2333.37128301259,6.39988362730921,5.23352856100843,2.31,67.149,52.8492549676673,,,30395002.0
Cote d'Ivoire,CIV,2023,,,,,,,,40.65284979,171.988943341282,2591.9659048119,6.60000045209176,4.36972254867474,2.263,67.129,53.4075201638704,,,31165654.0
Cote d'Ivoire,CIV,2024,57.5676269730853,53.8175498364075,61.2027446506055,43.526253371749,48.6274745623548,61.7114419721381,49.4886789469068,41.43219902,183.875985110648,2727.8935220697,6.0195346193922,3.45053028131019,2.273,67.108,53.9733113940142,,,31934230.0
Croatia,HRV,2011,88.3910202534742,87.1846861445188,89.7231764218669,81.3549225215414,75.2768643548732,90.4552818081656,70.2420675136338,57.7899789891444,119.489612280253,14691.591757962,-0.111527124990047,2.27272727272722,13.678,51.758,55.2773793281248,,32.3,4280622.0
Croatia,HRV,2012,,,,,,,,61.9399731527956,116.719313041118,13507.6349882758,-2.23702049605232,3.41207349081368,16.046,51.325,55.3042888624873,,32.5,4260368.0
Croatia,HRV,2013,,,,,,,,66.7476,111.281756214292,14135.0903485872,-0.132561080066893,2.21658206429779,17.231,50.758,55.3659479687433,,32.0,4233922.0
Croatia,HRV,2014,86.0250963800271,87.6924070497889,84.2469188800773,78.9111308829486,57.773498206801,90.5674723889599,65.1913221278476,68.5678992528467,105.732295385283,14186.7712230471,-0.559537666687092,-0.215196159576176,17.209,52.184,55.4591834926844,,32.1,4201598.0
Croatia,HRV,2015,,,,,,,,69.8450359238281,105.543643003646,12283.8750299177,2.32056679330526,-0.464499004645003,16.15,52.587,55.5812594509004,,31.1,4151725.0
Croatia,HRV,2016,,,,,,,,72.6972696701463,106.718403536951,12820.1872746645,3.46613146011039,-1.12500000000002,13.015,51.158,55.7294398599808,,30.9,4106867.0
Croatia,HRV,2017,86.1434539393647,82.6969456889434,89.8380563337202,80.9970247447556,46.86027118959,92.6594367266246,62.0175992349953,67.0961920368478,105.794763679153,13901.6498657787,3.2840626939789,1.12937210282347,11.078,51.388,55.9009887365155,,30.4,4041407.0
Croatia,HRV,2018,,,,,,,,75.2946259897258,109.034035401906,15460.4560798984,2.91107146210912,1.50012501041747,8.322,50.935,56.093170097094,,29.7,3988775.0
Croatia,HRV,2019,,,,,,,,79.0797836757554,110.493802074789,15563.7354996625,3.10247285336254,0.771820346498112,6.551,50.868,56.303247958306,,28.9,3949390.0
Croatia,HRV,2020,,,,,,,,78.32090004,110.666299439701,14807.5559227544,-8.31046995309319,0.154811374562106,7.389,50.97,56.5284863367411,,29.5,3914206.0
Croatia,HRV,2021,91.8041946650619,89.9630726157021,93.9302809000694,84.4593938219749,76.1132139587452,94.1140961930897,80.2528022172844,81.25396608,112.169438491978,17788.7601163765,12.6312741312741,2.55450699642041,7.483,52.039,56.7683502560171,,28.9,3878981.0
Croatia,HRV,2022,,,,,,,,82.07155532,114.677195729643,18465.531473659,7.29479114889533,10.7805806758686,6.811,52.508,56.9977571733605,,30.0,3855641.0
Croatia,HRV,2023,,,,,,,,83.24117599,117.112604314708,22183.4982258492,3.76204092717136,7.94128177586822,6.121,52.257,57.2431560672198,,30.1,3859686.0
Croatia,HRV,2024,92.6404988027313,92.0623021221886,93.2809278566284,87.6323883407511,55.2353177810983,97.7718215512077,71.4641662507071,83.63240029,121.732525659138,24049.9441746337,3.82578440126859,2.97200477643626,5.0,52.356,57.5158981711443,,,3866200.0
Cuba,CUB,2011,,,,,,,,16.0172907996413,11.6367981053254,6104.46105236166,2.80230083647626,,3.18,54.944,76.707663902788,,,11301571.0
Cuba,CUB,2012,,,,,,,,21.20000076,14.8776339391366,6470.83673392653,3.01490028898772,,3.46,55.088,76.7776920066844,99.6699981689453,,11303175.0
Cuba,CUB,2013,,,,,,,,27.93,17.663909552762,6828.36428245396,2.74760256257211,,3.29,55.26,76.81640625,,,11298167.0
Cuba,CUB,2014,,,,,,,,29.0701843656523,22.4242641732624,7146.70459051328,1.04757663187654,,2.7,55.397,76.8442459106445,,,11285775.0
Cuba,CUB,2015,,,,,,,,37.3050974155373,29.5816121680895,7727.91997207998,4.4383335888395,,2.4,55.552,76.8702850341797,,,11275065.0
Cuba,CUB,2016,,,,,,,,42.9786751910106,35.3988758000897,8110.55874283616,0.512843095700745,,2.0,55.581,76.9115829467773,,,11265612.0
Cuba,CUB,2017,,,,,,,,57.1484043170788,41.0193113711099,8610.60829605429,1.80979178380274,,1.7,55.556,76.9603271484375,,,11247829.0
Cuba,CUB,2018,,,,,,,,62.6789236230601,47.8601543156489,8911.46205998726,2.24794852913217,,1.7,55.461,77.0156326293945,,,11227118.0
Cuba,CUB,2019,,,,,,,,67.9708086565152,53.9383385257639,9232.26115935183,-0.163087223606624,,1.705,55.275,77.0728225708008,97.6500015258789,,11202846.0
Cuba,CUB,2020,,,,,,,,71.11907507,59.6058696780721,9605.27914559614,-10.9494359030206,,2.233,52.552,77.1080322265625,,,11176354.0
Cuba,CUB,2021,,,,,,,,67.64354869,63.8661095570576,,1.25448735650322,,2.11,52.787,77.0987701416016,,,11122168.0
Cuba,CUB,2022,,,,,,,,67.88410187,68.7180442358013,,1.77465227724316,,1.829,53.669,77.1056060791016,,,11059820.0
Cuba,CUB,2023,,,,,,,,69.55580139,69.5767786567811,,-1.92937123169681,,1.73,53.165,77.1259872296321,,,11019931.0
Cuba,CUB,2024,,,,,,,,70.47699738,72.930002350684,,-1.06173273220524,,1.755,52.635,77.1664929228275,,,10979783.0
Curacao,CUW,2011,,,,,,,,,130.099769181287,19426.326382752,0.50845748203723,2.3325315256217,,,91.2639416184104,,,150831.0
Curacao,CUW,2012,,,,,,,,,127.231027410032,19809.8223198624,-0.34895082430242,3.18398746349455,,,91.2791300612311,,,152088.0
Curacao,CUW,2013,,,,,,,,,124.764421337878,19721.2921646576,-0.635696907591139,1.33232086152117,,,91.2938785868797,,,153822.0
Curacao,CUW,2014,,,,,,,,,116.689390220994,19623.029993395,-0.637397373327133,1.4987396961643,,,91.3082030810948,,,155909.0
Curacao,CUW,2015,,,,,,,,,114.330900535376,19361.8130008678,0.458151544160046,-0.476542049801405,,,91.3220471649755,,,157980.0
Curacao,CUW,2016,,,,,,,,61.855510740634,111.241968745157,18944.0961493998,-1.06770848655277,-0.0472079848940293,,,91.3353544596205,,,159664.0
Curacao,CUW,2017,,,,,,,,68.1272162511339,111.077879845237,18938.2440469703,-1.2762081008495,1.58558801700345,,,91.3480685861287,,,160175.0
Curacao,CUW,2018,,,,,,,,,102.647274249241,19119.1243941688,-2.10411133101029,2.58368756641814,,,91.3601331655991,,,159336.0
Curacao,CUW,2019,,,,,,,,,97.200107627293,19220.6866958303,-3.20613230348162,2.62220783425059,,,91.3714918191305,,,157441.0
Curacao,CUW,2020,,,,,,,,,91.8829519290015,16299.8134688605,-18.4384696124769,,,,91.3820881678218,,,155482.0
Curacao,CUW,2021,,,,,,,,,90.6602271807463,17795.5826483092,4.18371018614259,,,,91.391865832772,,,153948.0
Curacao,CUW,2022,,,,,,,,,92.7324718767703,20057.1404960105,6.90600055461097,,,,91.4007684350799,,,153321.0
Curacao,CUW,2023,,,,,,,,,93.7975591472655,21217.8109173312,4.20199929761131,,,,91.4080929292235,,,154654.0
Curacao,CUW,2024,,,,,,,,,,22832.895498987,5.02690015475606,,,,91.4321812441765,,,155967.0
Cyprus,CYP,2011,85.2376450858957,83.0736527150081,87.6160867043364,77.8372718321193,76.8113822476793,87.5761602285433,68.5577385979891,56.8598923503507,126.559628770302,32485.8046875,0.416711868408683,3.2894493956421,7.942,63.828,67.3979892758544,98.6800003051758,32.6,1146493.0
Cyprus,CYP,2012,,,,,,,,60.6898684001903,128.74435044617,28991.9296875,-3.44738151374587,2.38905410042326,12.097,64.036,67.3010289148738,,34.3,1165397.0
Cyprus,CYP,2013,,,,,,,,65.4548,127.862906976744,27764.7265625,-6.58747751118347,-0.399357676464425,16.131,64.036,67.2102333625375,,37.0,1183895.0
Cyprus,CYP,2014,90.1502021675435,90.2890204107842,90.0027712092488,88.004755303882,74.4154655259429,93.6471029341506,86.4218123147114,69.3286967086473,129.042983271375,26993.095703125,-1.77605867728616,-1.35498885446315,16.277,64.633,67.1230558819804,,35.6,1201801.0
Cyprus,CYP,2015,,,,,,,,71.7157409175171,128.631974994212,23088.4296875,3.41892038889013,-2.0969976905312,15.026,64.16,67.0402477918073,,34.0,1219502.0
Cyprus,CYP,2016,,,,,,,,75.9002054030125,130.334521209334,24280.044921875,6.57359080924678,-1.42916666666665,13.006,63.762,66.9625604106231,,32.9,1237112.0
Cyprus,CYP,2017,88.7157640743417,90.0142209361214,87.3152514022324,83.807183146411,73.1845081236538,91.8601678070076,81.0911851988934,80.743188971932,133.940473480537,26247.46484375,5.75083236554525,0.531766496174467,11.155,64.377,66.8907450570326,,31.4,1254275.0
Cyprus,CYP,2018,,,,,,,,84.4335825186889,134.843630644799,29120.38671875,6.27166360056404,1.43549119531759,8.504,65.38,66.8255530496405,,32.7,1270737.0
Cyprus,CYP,2019,,,,,,,,86.0636299618935,137.76052748227,29227.16796875,5.87559583386607,0.250370996758493,7.155,66.112,66.7677357070518,,31.2,1286671.0
Cyprus,CYP,2020,,,,,,,,90.80194644,135.588846364133,28130.330078125,-3.22063018637567,-0.638422797978861,7.755,65.734,66.7180443478713,,31.7,1302247.0
Cyprus,CYP,2021,93.1299045859698,92.6972408372999,93.6180350466425,90.7508389916198,83.5378413796007,95.2147285930839,87.8829359339762,90.75951564,142.051408905141,32937.8359375,11.3975590801512,2.44608867175474,7.513,66.476,66.6718365394971,,31.3,1317309.0
Cyprus,CYP,2022,,,,,,,,89.60099194,146.71583605521,33231.05078125,8.73854684881674,8.39548297993334,6.806,67.624,66.6694829407584,,31.5,1331370.0
Cyprus,CYP,2023,,,,,,,,91.22110357,148.333712748344,36623.70703125,3.62045368236082,3.54134188751646,5.835,67.945,66.6739477522639,,31.8,1344976.0
Cyprus,CYP,2024,96.1259312935907,98.030865941963,94.2661652599799,94.1780470487871,95.3214058164952,96.2670485096197,99.2932159905865,89.60099246,156.218025662252,38674.3125,3.94076934447787,1.80023018624824,4.9,67.189,66.6824259192483,,,1358282.0
Czechia,CZE,2011,80.6511950648924,80.5135913647048,80.8030587665213,73.6645320003557,55.6537830248149,84.7021441755567,48.6927857585119,70.49,125.460303933748,22049.1080788682,1.77238085338473,1.9172191363555,6.712,58.265,73.2878338394746,,26.4,10496088.0
Czechia,CZE,2012,,,,,,,,73.4300078241036,128.69010077246,20014.0354015165,-0.770668190622743,3.28762306610411,6.979,58.641,73.2249239592898,,26.1,10510785.0
Czechia,CZE,2013,,,,,,,,74.1104,130.521237278882,20260.4954999375,-0.0418124160447491,1.4382978723404,6.953,59.255,73.1622186934979,,26.5,10514272.0
Czechia,CZE,2014,82.1782079099581,79.3734493289007,85.1647052794893,77.1392578015435,64.9341451086322,84.9932560672842,50.0030092656206,74.2317116367383,132.288685248373,20038.4163180257,2.24521219862635,0.343988589646794,6.108,59.27,73.0995921041469,,25.9,10525347.0
Czechia,CZE,2015,,,,,,,,75.668838699279,118.339820565816,17931.5987670768,4.95875848915604,0.309364548494975,5.048,59.372,73.0370442874355,,25.9,10546059.0
Czechia,CZE,2016,,,,,,,,76.4811986951838,118.544499080322,18753.9686718096,2.58087013921376,0.683504209385703,3.952,59.821,72.9745753395623,,25.4,10566332.0
Czechia,CZE,2017,80.9922659536282,78.5847872243952,83.5768999166805,70.6443754825357,41.1841961132816,87.5459910006115,36.828954294883,78.7191728513432,119.874291148129,20913.197632212,5.17356529967881,2.4505339846014,2.893,60.073,72.9121853567256,,24.9,10594438.0
Czechia,CZE,2018,,,,,,,,80.6881675434288,120.431679514249,23705.9329811299,2.83030588267866,2.14949494949493,2.246,60.373,72.8498744351241,,25.0,10629928.0
Czechia,CZE,2019,,,,,,,,80.8669444139622,124.126150238634,24062.7190013343,3.56577658128261,2.84787595918041,2.015,60.118,72.7876426709563,,25.3,10671870.0
Czechia,CZE,2020,,,,,,,,81.33889705,123.219460160155,23472.8915454417,-5.30487955463876,3.1612952849781,2.55,59.46,72.7254901604208,,26.2,10697858.0
Czechia,CZE,2021,94.9367048560852,93.4414932024248,96.4813324980376,94.8614341711466,96.1890541966295,94.7848166368477,86.3917971926132,82.67062427,126.173145654465,27696.4619527544,4.02901832055149,3.83984491500146,2.803,59.45,72.6810594374316,,26.2,10505772.0
Czechia,CZE,2022,,,,,,,,84.54009378,128.105295003482,28282.2236715857,2.8471706583814,15.1001651468371,2.224,59.865,72.6967638379524,,25.9,10672118.0
Czechia,CZE,2023,,,,,,,,85.99404818,126.004753501387,31761.5944102491,0.0475803308973752,10.6612601372427,2.579,60.434,72.7352388396817,,25.7,10864042.0
Czechia,CZE,2024,92.2832885462025,89.6799815747657,94.9873961522011,85.6046020555067,91.3542044051233,92.3958816245978,74.7505327942407,87.68776014,126.600163061009,31827.7552539413,1.25131096245923,2.43531202435314,2.6,60.624,72.7947984592185,,,10905028.0
Denmark,DNK,2011,99.7367892497757,99.4978995741616,100.0,99.8015569064331,99.4716007525699,99.7836260757269,100.0,89.8100133895232,128.762868998962,61809.737898222,1.3108037609606,2.7586822605125,7.769,63.167,87.1567653955846,,27.3,5570572.0
Denmark,DNK,2012,,,,,,,,92.2600117153012,130.416027276514,58443.7747103968,-0.00543230161670749,2.3979148566464,7.798,62.418,87.2336196899414,,27.8,5591572.0
Denmark,DNK,2013,,,,,,,,94.6297,125.21344682497,61377.5940590412,1.39267343161971,0.789071780078062,7.384,61.49,87.5436524760432,,28.5,5614932.0
Denmark,DNK,2014,100.0,100.0,100.0,100.0,100.0,100.0,100.0,95.9935053764454,126.869141573913,62520.4509747011,1.27799983192831,0.56402054044954,6.925,61.336,87.6823985731907,,28.4,5643475.0
Denmark,DNK,2015,,,,,,,,96.3305016195436,124.553508356615,53094.0133607574,2.10441456445301,0.452034153691575,6.278,61.413,87.7254056577329,,28.2,5683483.0
Denmark,DNK,2016,,,,,,,,96.9677852516645,121.941164424922,54500.9260410217,3.07304549209093,0.250000000000031,5.989,61.744,87.6999969482422,,28.2,5728010.0
Denmark,DNK,2017,99.9173727065608,100.0,99.8329658525014,100.0,100.0,99.9024965391819,100.0,97.0993621555621,123.86211468599,57521.5514992225,3.05647723922718,1.14713216957602,5.833,61.827,88.0161943799509,,28.7,5764980.0
Denmark,DNK,2018,,,,,,,,97.3192043651002,124.550124408336,61324.7665045565,1.8600074900921,0.813609467455631,5.131,61.906,88.1059762310689,,28.2,5793636.0
Denmark,DNK,2019,,,,,,,,98.0464347521549,124.573359763273,59404.2663247723,1.71140093932736,0.75813157251162,5.018,62.445,88.2096490810669,,27.7,5814422.0
Denmark,DNK,2020,,,,,,,,96.54914573,124.370019531752,60985.4885601514,-1.78010601831291,0.420711974110025,5.644,62.144,88.2394485473632,,27.5,5831404.0
Denmark,DNK,2021,100.0,100.0,100.0,100.0,100.0,100.0,100.0,98.8658506,125.604137839658,69340.7334922138,6.50025445756295,1.85304543989689,5.065,62.667,88.2616449318149,,28.3,5856733.0
Denmark,DNK,2022,,,,,,,,97.86011812,126.48354098254,67781.0940939514,0.443832614908331,7.6965669988926,4.434,63.504,88.3880239837703,,29.3,5903037.0
Denmark,DNK,2023,,,,,,,,98.77559197,126.717092547985,68043.5466971243,0.604587766175584,3.30517811237606,5.094,63.752,88.552638542867,,29.9,5946952.0
Denmark,DNK,2024,98.6505141065248,98.1098068895589,99.1898637549239,97.7544565980559,97.9357075022428,98.7776459527806,100.0,99.76915157,126.686532566268,71026.4832271897,3.47783593140312,1.37220049768926,5.358,65.045,88.6960552688405,,,5976992.0
Djibouti,DJI,2011,12.2738820555453,8.76278186838739,16.6257038150376,,4.48120014648624,15.9081579553624,6.25440180368643,7.0,20.3518393182072,1306.34552844977,,5.0687139477798,26.31,33.071,70.6776532458676,,,948558.0
Djibouti,DJI,2012,,,,,,,,9.399999619,21.9776218597006,1400.19357858954,,3.73120950756887,26.179,32.962,70.7266311335377,,45.1,966747.0
Djibouti,DJI,2013,,,,,,,,12.69999981,24.7884901261545,2075.94498424748,,2.70603242872186,26.149,32.847,70.7969331287484,,44.1,984824.0
Djibouti,DJI,2014,,,,,,,,17.0,28.6271201146485,2214.62084142432,7.19298728463697,1.34186494340162,26.16,32.72,70.8899032189478,,,1002717.0
Djibouti,DJI,2015,,,,,,,,22.89999962,30.8091732634986,2376.12554719873,7.30898563450799,-0.522166521445793,26.063,32.581,71.0068853915837,,,1020313.0
Djibouti,DJI,2016,,,,,,,,30.79999924,33.271816300825,2510.4300076241,7.1234323372872,2.4025290543489,25.982,32.431,71.1492236341041,,,1037653.0
Djibouti,DJI,2017,,,,,,,,55.6814092453962,35.3657091447905,2618.95521147369,5.458091517212,0.577285724560661,26.064,32.272,71.318261933957,,41.6,1054841.0
Djibouti,DJI,2018,,,,,,,,57.06169891,36.8545231657962,2718.08338799203,4.77433934943193,0.138836400011405,26.18,32.111,71.5153442785902,,,1071882.0
Djibouti,DJI,2019,,,,,,,,58.4762001,38.0143821719119,2837.16902340932,5.54508081154978,3.31763203299603,26.257,31.955,71.7418146554518,,,1088709.0
Djibouti,DJI,2020,,,,,,,,59.92570114,39.2725038635961,2844.88810647853,1.2021151728969,1.77900535643955,27.701,31.564,71.9990170519895,,,1105188.0
Djibouti,DJI,2021,,,,,,,,61.41120148,43.6423520933817,3025.91126413549,4.40715667561153,1.18086783934059,27.628,31.784,72.2882954556515,,,1121248.0
Djibouti,DJI,2022,,,,,,,,63.77600098,46.7770531248021,3133.25779772463,5.16653702854374,5.17222088647606,26.272,31.789,72.6109938538856,,,1137096.0
Djibouti,DJI,2023,,,,,,,,64.75869751,48.4504884885996,3381.29779710722,6.80733529403308,1.44905087029086,26.074,31.775,72.8408245988921,,,1152944.0
Djibouti,DJI,2024,,,,,,,,65.29889679,,3552.72335079222,6.98048467276334,2.1120116728497,26.007,31.773,72.9052635052978,,,1168722.0
Dominica,DMA,2011,,,,,,,,48.59999847,157.73970718144,7705.40717248319,0.0427388878891435,1.1312313652648,,,68.3978165602727,,,69053.0
Dominica,DMA,2012,,,,,,,,49.79999924,158.135362713041,7528.51001990155,-0.15739179314221,1.3567714780886,,,68.754609337094,,,69118.0
Dominica,DMA,2013,,,,,,,,51.0,134.225059169476,7822.21797211398,0.0045039972976042,-0.0464116468805992,,,69.119704197722,,,69715.0
Dominica,DMA,2014,,,,,,,,57.5,104.991971352649,8131.74876096735,2.33521742067693,0.799250372687492,,,69.4907847110252,,,70373.0
Dominica,DMA,2015,,,,,,,,65.0,109.720210197415,8282.59874702141,-3.37338262476895,-0.84382698463833,,,69.8679153463528,,,70410.0
Dominica,DMA,2016,,,,,,,,67.02999878,112.697181277476,8802.56172041363,1.44724556489263,0.141816225732312,,,70.2511605730541,,,69606.0
Dominica,DMA,2017,,,,,,,,69.61969757,109.83123102079,8224.64896571414,-7.5443637547282,0.296252889279487,,,70.6405848604787,,,68496.0
Dominica,DMA,2018,,,,,,,,,112.682254231819,9215.3085405645,2.964010610466,0.98919111918989,,,71.0362526779762,,,68174.0
Dominica,DMA,2019,,,,,,,,73.38200378,115.103123158515,9491.14995962374,3.94809757938053,1.50462353858141,,,71.4382284948964,,,67880.0
Dominica,DMA,2020,,,,,,,,75.65670013,110.409483077561,7827.74842680426,-15.7064024545862,1.22026442242476,,,71.846576780589,,,67573.0
Dominica,DMA,2021,,,,,,,,78.07949829,92.5136156662004,8376.40414141113,5.37983838954712,2.22891330700344,,,72.2613620044042,,,67202.0
Dominica,DMA,2022,,,,,,,,80.57980347,85.1898961482058,9323.66089490562,10.3968076616121,2.88490226829353,,,72.682648635692,,,66826.0
Dominica,DMA,2023,,,,,,,,81.33650208,,9912.96212766668,3.65221012208734,5.08677483158112,,,73.1105011438027,,,66510.0
Dominica,DMA,2024,,,,,,,,82.04689789,,10405.2787777582,2.052738472526,2.73620751873313,,,73.5449839980866,,,66205.0
Dominican Republic,DOM,2011,38.2046711827488,37.3768238122825,39.1819820438255,21.7021091405591,28.3014137336268,41.5296744645659,25.271818131623,38.0,88.1873540123839,5826.51014109195,3.19196227475523,5.79676809206533,6.087,58.157,74.2440389501301,90.1100006103516,47.7,9945621.0
Dominican Republic,DOM,2012,,,,,,,,42.32,88.7172926705772,6013.81965002603,2.77567100848816,3.69449707884777,6.722,59.431,74.2398679969568,90.1600036621094,46.1,10070411.0
Dominican Republic,DOM,2013,,,,,,,,45.9,90.2546667185935,6136.59429329301,4.93473300709881,4.830950967408,7.351,59.269,74.2251359951216,90.8600006103516,47.7,10193833.0
Dominican Republic,DOM,2014,54.0909896215977,55.9506109842669,52.1929485589385,41.293685247529,37.9843985326121,60.3077051468812,41.2656713137861,49.58000183,80.495501539039,6496.45166971142,7.11122629673892,2.99864226125219,6.719,59.529,74.1931533822153,91.7600021362305,44.3,10315528.0
Dominican Republic,DOM,2015,,,,,,,,54.2157663369785,84.3065756036826,6800.95309395474,6.98771131236387,0.836746346724557,7.605,62.007,74.1372305958285,91.9899978637695,45.2,10434829.0
Dominican Republic,DOM,2016,,,,,,,,63.8708647408206,82.5303394895289,7160.44200982307,6.71974078681295,1.61416607245223,7.284,62.451,74.0506780735522,93.7799987792969,45.7,10551430.0
Dominican Republic,DOM,2017,56.2391910241951,54.1428377719495,58.3558714075857,42.1151901160176,40.3990592536525,62.3531886606916,43.3920824133637,67.5712453277737,82.2092066040533,7412.71571571512,3.93386176401576,3.27955694678546,5.832,62.367,73.926806252977,93.2332153385684,42.2,10666843.0
Dominican Republic,DOM,2018,,,,,,,,74.8220483597284,82.8937401810212,7882.98221584944,7.09751640210159,3.56443426013508,5.861,63.771,73.7589255716938,93.4360584896058,43.7,10782053.0
Dominican Republic,DOM,2019,,,,,,,,79.71549988,82.1376141070859,8183.01623600375,4.8940301149584,1.81060377042959,6.356,65.189,73.5403464672933,93.6726916249429,41.9,10894043.0
Dominican Republic,DOM,2020,,,,,,,,81.61730194,81.6619005659366,7135.22273255899,-7.92905234231061,3.78103179915517,6.126,60.365,73.2643793773663,93.6926372060753,39.6,11008300.0
Dominican Republic,DOM,2021,51.2980112720468,48.9606589159934,53.6955232304981,38.881950139241,31.1634165808082,57.6893692059442,39.373011007841,85.24298638,87.5207623947766,8527.0754858205,14.0124289062207,8.24300347981809,7.702,63.174,72.9243347395035,93.7309714425844,38.5,11123476.0
Dominican Republic,DOM,2022,,,,,,,,81.51269675,90.3760163850377,10104.2464008585,5.23795652902595,8.81109209279587,5.504,63.224,72.4203155643711,93.7022375646963,37.0,11230734.0
Dominican Republic,DOM,2023,,,,,,,,86.12689972,91.8676246650308,10630.431743829,2.19229848237939,4.78561281021135,5.555,64.282,72.3577991823338,94.3123758236054,38.4,11331265.0
Dominican Republic,DOM,2024,64.777963876998,61.4376464055556,68.2420115558674,52.9502779958097,47.4303767289747,70.0094574499302,49.6430092514148,91.0022446,93.7095828968519,10875.6618443092,4.95352204492849,3.30223338951227,5.312,64.648,72.4121874752151,94.0299987792969,39.0,11427557.0
Ecuador,ECU,2011,36.735500850728,33.1599131901836,40.4642702902276,22.7538770071371,26.1196938592613,40.600335258054,23.3725179573165,31.3668083587433,100.042332662827,5153.6916424375,8.48147656332823,4.4745326579584,3.458,61.78,62.7949053547691,91.5899963378906,45.9,15326227.0
Ecuador,ECU,2012,,,,,,,,35.1351464545516,105.680291422005,5634.08393191094,5.783212336172,5.10172180958666,3.235,62.452,62.8408732819135,92.0599975585938,46.1,15572194.0
Ecuador,ECU,2013,,,,,,,,40.279121941,105.181656022524,6109.29031510341,7.21123653679159,2.72177577710371,3.083,62.261,62.8837286624122,93.2900009155273,46.9,15807128.0
Ecuador,ECU,2014,46.2124251399842,40.822981947675,51.8686122244006,31.0402194535662,33.5038134558516,50.8589381464849,29.8763388755401,45.5903906666095,103.558519410265,6405.79979300441,4.22606520388456,3.58922016616663,3.48,62.619,62.9232432195799,94.2200012207031,45.0,16035124.0
Ecuador,ECU,2015,,,,,,,,48.9404337892669,79.5746462378333,5976.1596805651,0.119692109287612,3.96664623255358,3.616,65.658,62.959188676731,94.4599990844727,46.0,16266225.0
Ecuador,ECU,2016,,,,,,,,54.0629247288864,84.1088342242983,5917.63771271481,-0.687954245877947,1.72826463324533,4.597,67.669,62.9913367571804,94.3499984741211,45.0,16505139.0
Ecuador,ECU,2017,51.2460171775344,42.6063377793977,60.236064580267,33.3950796247928,35.0042328407671,57.2770883052171,40.651297053335,55.79999924,87.421387212843,6233.32244797718,5.97039880954841,0.417335588666825,3.836,68.154,63.0194591842425,92.8300018310547,44.7,16759519.0
Ecuador,ECU,2018,,,,,,,,57.5,92.5117717203865,6303.91886658338,1.04429460679607,-0.224103246005552,3.53,66.66,63.0433276812321,,45.4,17049547.0
Ecuador,ECU,2019,,,,,,,,59.2,91.4249181128443,6205.05765246766,0.1654044646003,0.266012515466155,3.812,66.179,63.0627139714638,,45.7,17340021.0
Ecuador,ECU,2020,,,,,,,,70.7,88.2554920433727,5463.64515348598,-9.24509619165865,-0.338872392562139,6.116,60.033,63.0773897782521,93.629997253418,47.3,17546065.0
Ecuador,ECU,2021,64.1767160592829,57.945240253526,70.5870465357672,59.1497121255255,54.5411314465135,67.8730040697777,60.2126132595592,69.1147995,94.950621672761,6061.32350181711,9.42189269033631,0.133251386096389,4.504,65.686,63.0871268249117,94.4800033569336,45.8,17682454.0
Ecuador,ECU,2022,,,,,,,,69.71811356,98.1309025742238,6515.58528418336,5.86842354862311,3.46616972213077,3.713,65.832,63.0901835932266,96.2600021362305,45.5,17823897.0
Ecuador,ECU,2023,,,,,,,,72.6943146,101.031752745524,6718.1447938811,1.8328406107788,2.21568764237058,3.51,64.489,63.1307729554263,,44.6,17980083.0
Ecuador,ECU,2024,64.5052103870577,63.5126837380937,65.5985687316865,56.4453858938692,60.5153389095443,65.7733737437462,50.0900332207873,77.17273115,101.598265014024,6826.5294137822,-1.94409022506859,1.54732515615369,3.453,64.54,63.2376932397602,93.4899978637695,45.2,18135478.0
"Egypt, Arab Rep.",EGY,2011,9.71998059496632,,,,,,,25.6,91.5823290114783,2590.64384891965,1.76457194806041,10.0649259874818,11.849,48.785,42.8634168470177,,,91093059.0
"Egypt, Arab Rep.",EGY,2012,,,,,,,,26.4,103.904852847169,2996.0677072015,2.22619979818487,7.11172943343083,12.597,48.494,42.8118514138525,73.870002746582,28.3,93161001.0
"Egypt, Arab Rep.",EGY,2013,,,,,,,,29.4,104.585398175604,3025.52563552448,2.18546605363386,9.46971981064921,13.154,48.436,42.7514277188751,72.4400024414062,,95333553.0
"Egypt, Arab Rep.",EGY,2014,14.1267970490146,9.30748469442183,18.7618635500507,5.45778617891899,7.30736049363641,17.4208636384443,8.39876356592942,33.8946039115275,97.7313128919015,3133.39102265541,2.91591188052836,10.0702154687481,13.105,48.117,42.6825522284408,,,97528654.0
"Egypt, Arab Rep.",EGY,2015,,,,,,,,37.8193834276939,94.3962460363651,3306.98159414141,4.37201907781687,10.370490343517,13.052,46.978,42.6056314089048,,31.8,99597342.0
"Egypt, Arab Rep.",EGY,2016,,,,,,,,41.2480670885772,96.2091951594197,3270.6287768197,4.34664345601914,13.813606214829,12.45,46.63,42.5210717266225,,,101644589.0
"Egypt, Arab Rep.",EGY,2017,32.7843607129398,26.9944190972304,38.653475362692,20.3202254085518,14.0479375637552,39.6604143097489,31.6890419952771,44.9502042452857,99.2884367821237,2395.10333299491,4.18122099961562,29.5066083940039,11.767,44.95,42.4486008687179,71.1699981689453,31.5,103696057.0
"Egypt, Arab Rep.",EGY,2018,,,,,,,,46.92433676792,88.7420881346276,2484.70315630508,5.33110861887155,14.4014657807422,9.855,43.299,42.4577177449969,,,105682094.0
"Egypt, Arab Rep.",EGY,2019,,,,,,,,57.2828663990195,88.6447815879102,2962.98892023003,5.55209307084222,9.15279959324804,7.851,42.199,42.4812027332648,,31.9,107553158.0
"Egypt, Arab Rep.",EGY,2020,,,,,,,,71.91420096,87.2316871725819,3511.11381026379,3.55016483883115,5.04493288977539,7.974,41.616,42.5181534630674,,,109315124.0
"Egypt, Arab Rep.",EGY,2021,27.4440057212001,24.1973567007988,30.5711210140941,19.9988254520182,9.73741687265546,33.7872694164269,25.0019432828222,72.05599976,84.0866220906029,3827.35415374308,3.29064601193245,5.21404940513043,7.441,42.987,42.5686062621468,82.0803858167894,28.5,110957008.0
"Egypt, Arab Rep.",EGY,2022,,,,,,,,72.19806556,90.6794715776528,4233.30783744856,6.58784560870467,13.8956609775178,6.546,42.837,42.6325129008032,79.4531619498685,,112618250.0
"Egypt, Arab Rep.",EGY,2023,,,,,,,,74.01190186,92.8261626420085,3456.78965212363,3.76028052279247,33.8847763115546,6.753,44.669,42.7098115041919,,,114535772.0
"Egypt, Arab Rep.",EGY,2024,43.1134368034247,40.2142182329493,45.9509692862618,33.080949427223,32.5398576308392,47.0131693568487,38.465775192039,74.64839935,97.1295066037455,3338.47371043679,2.3991692678251,28.2705899322083,6.817,44.596,42.8004363938404,,,116538258.0
El Salvador,SLV,2011,13.7646151544156,10.1322341029749,17.6158163210457,5.10572844531882,9.96209855269064,15.217596315142,6.07795328424494,18.89999962,136.551339569766,3330.60049486653,3.80688113429295,5.1289237668161,4.297,59.579,66.334413642034,85.4899978637695,42.3,6090127.0
El Salvador,SLV,2012,,,,,,,,20.3213877242007,141.462796298644,3497.91256915509,2.82262371802327,1.72973481581383,3.843,60.197,67.2232666950659,85.4624559924635,41.8,6113975.0
El Salvador,SLV,2013,,,,,,,,23.1093,146.475563213174,3582.26694005169,2.23562439198375,0.757669184522973,3.693,60.524,68.0878511957995,86.7699966430664,43.4,6138839.0
El Salvador,SLV,2014,36.719711799553,31.9069293855353,41.8710268641331,21.9417900580913,30.5089895577995,39.0754443412935,24.913685904862,24.7617121459061,149.171006440904,3666.01248913873,1.70870628357073,1.14134467538233,4.154,59.397,68.9166664266223,87.4125334516516,41.6,6162955.0
El Salvador,SLV,2015,,,,,,,,26.8026049600572,150.947947466847,3790.34089108162,2.40000008852115,-0.731384487387957,3.998,58.688,69.6982116699219,87.9700012207031,40.6,6183676.0
El Salvador,SLV,2016,,,,,,,,28.99710083,155.419607147465,3901.34014965811,2.53906241135864,0.60404908699661,4.418,59.261,70.3990173339844,88.1399993896484,40.0,6200800.0
El Salvador,SLV,2017,30.3529470953301,24.3799601264255,37.5771422240354,19.2922491832203,23.1242842335435,33.214204728855,20.4913107548986,33.8207289048526,152.538724748062,4020.12671373919,2.24761908134138,1.0123540331558,4.385,59.006,71.0856704711914,88.4800033569336,38.0,6213533.0
El Salvador,SLV,2018,,,,,,,,43.79999924,151.668612868534,4183.54620971358,2.4124442237792,1.09033000581892,4.006,58.728,71.7577209472656,89.0100021362305,38.6,6219807.0
El Salvador,SLV,2019,,,,,,,,50.4911940673888,167.088631599992,4320.11671534627,2.43747159065784,0.0753241350024612,4.17,59.887,72.4148941040039,89.1399993896484,38.8,6222318.0
El Salvador,SLV,2020,,,,,,,,54.60136976,159.575329772708,3997.19279583709,-7.893101359867,-0.371590212324095,5.008,56.52,73.0570220947266,89.9800033569336,,6234673.0
El Salvador,SLV,2021,35.8453551303162,29.2329767541683,44.7976506247365,23.0837472461681,31.6502081709564,37.1029216284195,27.9580794195859,57.26380157,176.973446325336,4642.60743101342,11.9047617015957,3.46692585313082,4.327,59.173,73.6838531494141,89.0586486323527,39.0,6255782.0
El Salvador,SLV,2022,,,,,,,,60.05609894,183.248955984561,5074.60050994225,2.9546041089332,7.19861615609867,2.999,60.08,74.1465021298679,89.3537151570456,38.8,6280319.0
El Salvador,SLV,2023,,,,,,,,62.61989975,179.705636976149,5319.7195268688,3.35508721646165,4.04554694222477,2.992,61.56,74.6080675149903,89.8499984741211,39.8,6309624.0
El Salvador,SLV,2024,43.4036648969414,34.4359210784078,54.692513354909,24.7330513543203,36.8398421212375,45.2763843246509,36.5077190923242,66.47769928,176.517423814642,5503.10317151907,2.5904637107794,0.853782292567288,3.261,61.919,75.0674905102199,89.7699966430664,,6338193.0
Equatorial Guinea,GNQ,2011,,,,,,,,11.5,38.5606783509887,17198.2136668275,6.52392362989873,4.805389221557,7.837,59.617,55.9743349096911,,,1241835.0
Equatorial Guinea,GNQ,2012,,,,,,,,13.94320011,38.7385841174565,17308.5723924575,8.31287184445641,3.65662048278806,7.761,60.008,59.0106940671203,,,1293483.0
Equatorial Guinea,GNQ,2013,,,,,,,,16.39999962,37.9420717892644,16304.0713196418,-4.13319850131583,2.94887694639662,7.675,60.389,62.2120073583984,,,1346218.0
Equatorial Guinea,GNQ,2014,,,,,,,,18.86000061,36.9002477447229,15548.6624656619,0.415066301596866,4.30999866149107,7.669,60.734,65.5593240167184,,,1399828.0
Equatorial Guinea,GNQ,2015,,,,,,,,21.31999969,36.6825478378153,9068.91003238645,-9.11004114881537,1.67663085315988,7.778,61.011,68.951270615355,,,1453923.0
Equatorial Guinea,GNQ,2016,,,,,,,,23.78000069,38.1683691534068,7453.19797948517,-8.81641723219757,1.41193915479015,7.798,61.202,69.253269853051,,,1508186.0
Equatorial Guinea,GNQ,2017,,,,,,,,26.23999977,36.2336437113254,7809.10465655488,-5.66750850486686,0.74435474661241,7.843,61.305,69.5516019132985,,,1562396.0
Equatorial Guinea,GNQ,2018,,,,,,,,29.39999962,36.5760302693232,8102.47084834031,-6.23654406734575,1.06007410662171,7.818,61.306,69.8396623666175,,,1616422.0
Equatorial Guinea,GNQ,2019,,,,,,,,49.13370132,36.942192354463,6804.14923073888,-5.48182537893445,1.53027528964189,7.917,61.198,70.1175419547293,,,1670177.0
Equatorial Guinea,GNQ,2020,,,,,,,,55.00130081,43.3495410342634,5764.05502912947,-4.79108083383294,4.76669523944228,8.625,57.001,70.3853314193247,,,1716468.0
Equatorial Guinea,GNQ,2021,,,,,,,,58.71730042,46.434813558898,6945.63069794539,0.860269956382069,-0.0971007664640198,8.821,57.677,70.6431215020592,,,1758786.0
Equatorial Guinea,GNQ,2022,,,,,,,,63.65950012,49.5380486763568,7589.29964909381,3.22350831658598,4.78671704710803,8.334,61.13,70.8910029445467,,38.5,1803545.0
Equatorial Guinea,GNQ,2023,,,,,,,,63.51950073,,6788.35271638376,-7.4250553172124,2.85949506037322,8.218,61.142,71.1290664883517,,,1847549.0
Equatorial Guinea,GNQ,2024,,,,,,,,63.29930115,,7003.58055684906,0.39622552095193,2.92140227309103,8.293,60.908,71.3574028749806,,,1892516.0
Eritrea,ERI,2011,,,,,,,,0.699999988,8.06870803088893,688.68165957684,8.67980010138049,,5.801,79.514,35.6706275939941,,,2998485.0
Eritrea,ERI,2012,,,,,,,,0.800000012,10.0521635251769,,,,5.692,79.36,35.6824264526367,,,3036988.0
Eritrea,ERI,2013,,,,,,,,0.899999976,11.5420445230877,,,,5.624,79.317,35.6713333129883,,,3074360.0
Eritrea,ERI,2014,,,,,,,,0.99000001,13.4855143799717,,,,5.637,79.105,35.639720916748,,,3095173.0
Eritrea,ERI,2015,,,,,,,,1.083699942,15.2952170085389,,,,5.751,79.205,35.591007232666,,,3105546.0
Eritrea,ERI,2016,,,,,,,,1.177099943,16.1935649461164,,,,5.772,79.08,35.5254287719727,,,3124698.0
Eritrea,ERI,2017,,,,,,,,2.496099949,22.0610618449333,,,,5.804,78.996,35.4427146911621,,,3150347.0
Eritrea,ERI,2018,,,,,,,,5.293000221,,,,,5.756,78.688,35.3451042175293,,,3192760.0
Eritrea,ERI,2019,,,,,,,,11.22379971,40.4605403256719,,,,5.812,78.388,35.2352333068848,,,3240194.0
Eritrea,ERI,2020,,,,,,,,14.34939957,54.7205015934574,,,,6.375,77.509,35.116138458252,,,3291271.0
Eritrea,ERI,2021,,,,,,,,,53.7582573847458,,,,6.489,77.949,34.9871139526367,,,3350183.0
Eritrea,ERI,2022,,,,,,,,,59.1248082166991,,,,6.033,78.35,34.8469276428223,,,3409447.0
Eritrea,ERI,2023,,,,,,,,,,,,,5.909,78.348,34.696403503418,,,3470390.0
Eritrea,ERI,2024,,,,,,,,,,,,,5.947,78.338,34.5365524291992,,,3535603.0
Estonia,EST,2011,96.8242760223261,97.2613554921562,96.2867934042324,94.3481568451462,90.8259500089668,98.0036659662314,87.7784104518446,76.5,136.065402099509,17555.5455239426,7.60697458913162,4.9819013145361,12.328,61.255,67.8775556334506,99.8899993896484,32.5,1327439.0
Estonia,EST,2012,,,,,,,,78.3899259259259,151.196568013694,17568.2137969714,3.67201872506541,3.93339987296985,10.021,61.256,67.9629593320316,,32.9,1322696.0
Estonia,EST,2013,,,,,,,,80.0043,146.247455268495,19310.3874900757,1.75649379621869,2.78056658954988,8.631,61.272,68.0923458296768,,35.1,1317997.0
Estonia,EST,2014,97.6716710079117,97.4671865753342,97.9213352098914,97.2075808098714,90.6345809333492,98.7484924762423,91.6034254340351,84.2415280294352,144.360615678625,20581.7898991695,3.32278988182702,-0.10617514652171,7.352,61.079,68.2668382808032,,34.6,1314545.0
Estonia,EST,2015,,,,,,,,88.4097035040431,144.802963084675,17722.1557669523,1.83815262882932,-0.49232600654737,6.412,61.817,68.4796609690553,,32.7,1315407.0
Estonia,EST,2016,,,,,,,,87.2402327514547,144.235470787302,18666.3736521706,3.09301920751959,0.148684907627373,6.882,62.639,68.724038178078,,31.2,1315790.0
Estonia,EST,2017,97.9939712011666,98.3752398048905,97.5467202618479,96.2138201134369,91.9284202013542,98.8348856413619,94.3781320947995,88.1024568740199,144.556616126155,20851.5223496861,5.63467248963991,3.41723549488054,5.807,63.244,68.9931941915158,,30.4,1317384.0
Estonia,EST,2018,,,,,,,,89.3570077747426,145.543490183174,23618.1361254581,3.69969756161726,3.43632688420446,5.412,63.498,69.2803532930133,,30.3,1321977.0
Estonia,EST,2019,,,,,,,,90.2289281997919,147.04692867619,24021.2501413306,3.72664943466884,2.27725931243522,4.514,63.161,69.5787397662154,,30.8,1326898.0
Estonia,EST,2020,,,,,,,,89.05828666,144.832210121466,23933.9939421065,-2.88380751483778,-0.44453109767983,6.956,63.039,69.8815778947665,,30.7,1329522.0
Estonia,EST,2021,99.3765667926472,99.5970564830296,99.1210838525908,99.4582594710998,100.0,99.2922456794015,98.3857863171161,90.97970174,148.739589817601,27951.1659277744,8.25488044580031,4.65316673847473,6.178,63.186,70.1777274135822,,31.8,1330932.0
Estonia,EST,2022,,,,,,,,91.52016546,152.270772859015,28340.3826549406,-1.22616966587796,19.3982634080616,5.571,65.113,70.4892333736738,,32.3,1348840.0
Estonia,EST,2023,,,,,,,,93.18342241,150.195729068839,30264.0064885057,-2.74421914571231,9.15922507983982,6.378,65.604,70.6770085523126,,30.7,1370286.0
Estonia,EST,2024,98.9011091256392,99.7660187107038,97.9279393113948,98.0471531434544,98.233313148414,98.9826204493732,96.6937364545843,92.23796204,151.131825017309,31428.3547816104,-0.0900428648493801,3.5194118998392,7.6,65.449,70.6981161541961,,,1372341.0
Eswatini,SWZ,2011,28.5694412970381,27.4139533987126,29.7359490084751,16.4045755668728,20.7716853558957,33.1061133165984,10.5268171358006,18.13,68.5737493883254,4225.06049411911,1.83973625916165,6.10742714590251,26.105,51.711,22.4634753665393,,,1117833.0
Eswatini,SWZ,2012,,,,,,,,20.78179932,71.6279475345304,4224.54789174487,4.09048190124592,8.93964682788212,25.226,51.6,22.6237715926065,,,1123863.0
Eswatini,SWZ,2013,,,,,,,,24.70000076,79.0272480287436,3949.94310039907,4.09458522119226,5.62130623468948,24.556,51.496,22.8121644356992,,,1129990.0
Eswatini,SWZ,2014,,,,,,,,25.0,80.6829892484285,3771.07228381938,2.05738179246586,5.68134885776447,23.931,51.38,23.026850446568,,,1136299.0
Eswatini,SWZ,2015,,,,,,,,25.64299965,82.3406804087808,3419.82276559528,1.70425806017289,4.95124493704919,23.431,51.254,23.2660261759632,,,1142813.0
Eswatini,SWZ,2016,,,,,,,,28.56999969,86.5588465316001,3238.17611961364,2.94916821059911,7.8472745908568,22.718,51.135,23.5278881746356,,54.6,1149507.0
Eswatini,SWZ,2017,,,,,,,,35.33160019,88.7130405501664,3853.09956569679,3.52095345987983,6.22137528933118,24.543,50.838,23.8052004963161,,,1158195.0
Eswatini,SWZ,2018,,,,,,,,39.38100052,89.2003705956478,3972.65450620357,0.0653956557843571,4.81506167461513,26.471,50.534,24.0579295404227,,,1168929.0
Eswatini,SWZ,2019,,,,,,,,43.93389893,91.0519258836113,3913.14577547336,6.43186888691574,2.59801620311077,28.222,50.226,24.3459549517751,,,1179874.0
Eswatini,SWZ,2020,,,,,,,,49.01300049,104.747264466614,3466.56936278145,-2.95183453409287,,32.978,49.493,24.6652798922192,,,1192729.0
Eswatini,SWZ,2021,,,,,,,,53.99530029,118.627490794327,3984.00229174306,4.23621913615419,,34.153,49.686,25.0156180525173,,,1206593.0
Eswatini,SWZ,2022,66.175800988905,69.2155816082172,62.3617223815041,61.2097726886318,46.597909860646,73.7458226727739,56.1535126728268,57.34370041,121.491701239707,3894.1620089869,0.386070835562705,,36.472,50.434,25.396682918542,90.75,,1218917.0
Eswatini,SWZ,2023,,,,,,,,61.33330154,128.399211381334,3755.52111232464,3.53257662836211,,34.61,51.223,25.8081878500755,,,1230506.0
Eswatini,SWZ,2024,65.1160267166079,65.3509471878412,64.809563032207,54.4790274550679,44.0752170791744,73.4298293828941,59.6975068525002,63.40309906,139.833459658744,3909.55892378182,3.03162462475916,,34.643,51.202,26.2498461258639,,,1242822.0
Ethiopia,ETH,2011,,,,,,,,1.100000024,15.1655003216856,343.024942351887,11.1782962297008,33.2499598823344,2.27,81.435,17.863790512085,,,93149970.0
Ethiopia,ETH,2012,,,,,,,,2.900000095,21.4239594545095,452.101031885754,8.64781163513926,23.600417677317,2.252,81.337,18.2061367034912,,,95798767.0
Ethiopia,ETH,2013,,,,,,,,4.599999905,26.0536269908585,484.039833104062,10.5822700502552,7.46402192944517,2.251,81.238,18.615514755249,48.3549726348554,,98438751.0
Ethiopia,ETH,2014,21.7915817461286,21.0040311985886,22.6220561075517,15.0082160318652,14.2952258524111,25.5881412311813,19.3670980387591,7.699999809,30.1536033852735,549.986577082588,10.2574929627477,6.89001951597192,2.361,79.608,19.0262870788574,,,101115610.0
Ethiopia,ETH,2015,,,,,,,,13.8551755555556,40.7363012371526,597.912113218663,10.3924630141307,9.56889955968623,2.442,77.984,19.451566696167,,35.0,103867135.0
Ethiopia,ETH,2016,,,,,,,,15.3669238595896,47.9993274246983,641.651523286233,9.43348265981905,6.62813337230924,2.556,76.368,19.8763618469238,47.4900016784668,,106718162.0
Ethiopia,ETH,2017,34.827569921105,29.0754315174008,40.9438765977029,22.4122768771748,28.1642872819278,38.3613283403909,29.5722733384542,15.62440014,36.1094836260863,696.348429076216,9.56418965754014,10.6871150284238,2.665,74.758,20.3084850311279,,,109666481.0
Ethiopia,ETH,2018,,,,,,,,15.88619995,,739.702022272086,6.81614778557282,13.8330356586661,2.811,73.16,20.7838096618652,,,112664152.0
Ethiopia,ETH,2019,,,,,,,,15.98460007,36.2199307720652,793.473247218996,8.36408573111346,15.8096321719344,2.928,71.573,21.2486705780029,55.0499992370605,,115737383.0
Ethiopia,ETH,2020,,,,,,,,16.06959915,37.4208472347226,829.790982552951,6.05953089248577,20.3563468559061,3.998,69.391,21.6260051727295,,,118917671.0
Ethiopia,ETH,2021,,,,,,,,16.6981031,52.8088633217211,893.009835441784,5.64153069324176,26.8395221557722,3.935,68.253,22.1067085266113,54.8853699463392,31.1,122138588.0
Ethiopia,ETH,2022,46.4800688214244,38.7371742509369,54.6826000438185,34.6932353746637,46.824519705748,46.3206029551306,38.9729367372015,17.9836998,56.9642988837987,982.103161502198,5.32175988485454,33.8898797100898,3.386,68.472,22.7367687225342,60.4599990844727,,125384287.0
Ethiopia,ETH,2023,,,,,,,,20.33749962,59.8748744402242,1055.81091593061,6.59424599054353,30.2188278135278,3.375,68.459,23.0586471557617,,,128691692.0
Ethiopia,ETH,2024,48.8302767819942,41.6159713320994,56.5265673875994,42.5762685391233,37.9447401209686,54.0440736846044,41.729944069262,21.94129944,65.0825091944922,1133.88279681256,7.61277447616879,21.0377460577711,3.357,68.466,23.6222839355469,,,132059767.0
Faroe Islands,FRO,2011,,,,,,,,80.7321728,121.990653815663,51620.0541648551,3.56636317884431,,,,37.2975959777832,,,48542.0
Faroe Islands,FRO,2012,,,,,,,,85.3351892392109,122.106007361045,50263.0024625867,7.08148344487884,,,,37.3244972229004,,,48290.0
Faroe Islands,FRO,2013,,,,,,,,90.0,119.61929617432,55759.364098362,5.85614389735763,,,,37.7414817810059,,,48245.0
Faroe Islands,FRO,2014,,,,,,,,93.3,120.19385440297,60173.3057854661,5.43214206841004,,,,37.9093894958496,,,48427.0
Faroe Islands,FRO,2015,,,,,,,,94.2,108.833394690555,52638.2668218454,0.958001934486234,,,,38.1431503295898,,,48898.0
Faroe Islands,FRO,2016,,,,,,,,95.1086816720257,110.023625386184,56876.4302363804,1.38644795938293,,,,38.3200225830078,,,49463.0
Faroe Islands,FRO,2017,,,,,,,,97.5819589384468,112.690325020401,59388.5365965776,3.51201367488443,,,,38.3324699401855,,,50179.0
Faroe Islands,FRO,2018,,,,,,,,,111.282674295568,62525.2647698273,2.76370952267429,,,,38.4058837890625,,,50997.0
Faroe Islands,FRO,2019,,,,,,,,,106.012499517766,63070.7228080361,4.53851028676189,,,,38.3945655822754,,,51790.0
Faroe Islands,FRO,2020,,,,,,,,,112.600072261205,62247.9273907098,-1.63732118017028,,,,38.6689987182617,,,52561.0
Faroe Islands,FRO,2021,,,,,,,,,111.093808630394,69421.6981686515,5.06636291600633,,,,38.8083763122559,,,53291.0
Faroe Islands,FRO,2022,,,,,,,,,105.80437318324,67069.3987440509,3.86099981669155,,,,38.9959824546757,,,53903.0
Faroe Islands,FRO,2023,,,,,,,,,,72486.6910957957,3.15873872329266,,,,39.1975270123645,,,54398.0
Faroe Islands,FRO,2024,,,,,,,,,,74175.2776311377,0.843716851362103,,,,39.4132325882965,,,54640.0
Fiji,FJI,2011,,,,,,,,28.0,79.6285606945976,4139.60288609702,2.70514231228027,7.278117827085,4.406,63.056,52.5335449475105,,,912989.0
Fiji,FJI,2012,,,,,,,,33.74240112,93.8673192570263,4341.40338748749,1.41131415220703,3.42337523401979,4.375,61.686,53.0383211294771,,,914918.0
Fiji,FJI,2013,,,,,,,,35.20000076,101.533690110351,4572.44377544245,4.7342203729816,2.91354193603992,4.356,60.296,53.5552726299291,,36.7,916352.0
Fiji,FJI,2014,,,,,,,,37.40000153,95.4871755750148,5293.35676680464,5.60351397766961,0.519306474579107,4.323,58.89,54.0838287543856,,,917585.0
Fiji,FJI,2015,,,,,,,,42.5,105.157101519958,5097.53106864695,4.50120064471365,1.37488542621447,4.288,58.238,54.6234188083653,,,918578.0
Fiji,FJI,2016,,,,,,,,49.41999817,113.655748798367,5363.79026679243,2.44565202449249,3.86322538221278,4.319,57.584,55.1734720973874,,,919166.0
Fiji,FJI,2017,,,,,,,,53.6473999,112.533863613853,5826.84814459328,5.35336434979577,3.34757834757831,4.418,57.457,55.7408343449609,,,918759.0
Fiji,FJI,2018,,,,,,,,58.2364006,110.665300159184,6085.41979485376,3.812350939512,4.08147637644543,4.523,57.361,56.2328347385698,,,917180.0
Fiji,FJI,2019,,,,,,,,63.21789932,112.580732955222,5842.07344577597,-0.581946590349759,1.79388647514555,4.661,57.369,56.70989552257,,30.7,914899.0
Fiji,FJI,2020,,,,,,,,68.62560272,108.365037711907,4620.6457238014,-17.1835352599354,-1.70014167847318,5.054,53.999,57.186684691874,,,914963.0
Fiji,FJI,2021,,,,,,,,70.56800079,108.158405429846,4536.73312110335,-4.3459619989752,1.53454853751592,5.225,54.46,57.6618364761928,,,916711.0
Fiji,FJI,2022,,,,,,,,72.56549835,111.749120643187,5414.12092119088,17.7451269773594,6.07882431529725,5.403,57.116,58.1352701465266,,,919422.0
Fiji,FJI,2023,,,,,,,,74.1160965,361.048644963723,5926.20586394763,9.44245856738313,2.97544080604539,5.316,57.201,58.6069049738768,,,924145.0
Fiji,FJI,2024,,,,,,,,74.7052002,574.152332512188,6425.74151715712,3.53085896076352,3.89084237884105,5.361,57.219,59.0766602292457,,,928784.0
Finland,FIN,2011,99.6512520212112,99.8177065378943,99.4590456091493,99.9228858042764,100.0,99.6031516669954,99.1892638159233,88.70999491353,165.916854869706,51060.3242589767,2.39039455396828,3.4168075425521,7.781,59.82,70.0583261874252,,27.6,5388272.0
Finland,FIN,2012,,,,,,,,89.879997974222,172.147209506663,47551.6740841369,-1.52284013040689,2.80833622561574,7.689,59.588,70.3661363168712,,27.1,5413971.0
Finland,FIN,2013,,,,,,,,91.5144,136.259014207069,49691.0145200739,-0.979741024949618,1.4782861568881,8.193,59.112,70.6742118159277,,27.2,5438972.0
Finland,FIN,2014,100.0,100.0,100.0,100.0,100.0,100.0,100.0,86.5303927529377,139.198825856641,50073.7760815871,-0.4780684247837,1.0411962117843,8.663,58.738,70.9879168940753,,26.8,5461512.0
Finland,FIN,2015,,,,,,,,86.4221333325445,134.974123663686,42560.3456767103,0.466503766322674,-0.207928839905177,9.376,58.763,71.3054930040604,,27.1,5479531.0
Finland,FIN,2016,,,,,,,,87.7036499599455,131.382780978293,43451.2562442158,2.57193414898754,0.356684500891695,8.818,58.545,71.6158383428171,,27.1,5495303.0
Finland,FIN,2017,99.7854185031074,99.5862733202271,100.0,99.4633523094262,100.0,99.7584168787833,99.2062164179955,87.4689290730615,129.983392624641,46085.0174739036,3.30337003591039,0.754015047084438,8.64,58.667,71.9563038312956,,27.4,5508214.0
Finland,FIN,2018,,,,,,,,88.8899599985585,129.629119305202,49654.2497035329,1.19297759742292,1.08382098409296,7.361,59.309,72.3423467740343,,27.3,5515525.0
Finland,FIN,2019,,,,,,,,89.6073851129779,129.487723024493,48358.1807773701,1.34973845741737,1.02409392963431,6.695,59.184,72.7431214358314,,27.7,5521606.0
Finland,FIN,2020,,,,,,,,92.17027106,128.761294644181,48828.6846862799,-2.49103605535707,0.290554555653239,7.759,58.848,73.0849439791673,,27.1,5529543.0
Finland,FIN,2021,99.5301883332477,99.0785083052635,100.0,98.8240978424953,96.4694293202072,100.0,98.3138964104024,92.80806082,129.036333202492,53099.1351400148,2.67634641498897,2.19457432339998,7.617,59.768,73.3710215780329,,27.7,5541017.0
Finland,FIN,2022,,,,,,,,92.98879471,128.023293416281,50440.560224974,0.763041912763526,7.12350773301412,6.719,60.422,73.6967597835949,,27.9,5556106.0
Finland,FIN,2023,,,,,,,,93.51385075,127.47302579722,52864.6931581216,-1.28973484453397,6.25064322154763,7.149,60.275,74.0062548602828,,27.4,5583911.0
Finland,FIN,2024,99.842681813058,99.6891240901934,100.0,100.0,98.6449515158456,100.0,100.0,93.72405196,125.860954798649,53155.5451165897,0.374566568538427,1.56568906231616,8.4,59.853,74.2637190463636,,,5619911.0
France,FRA,2011,96.9838847229744,96.5725621402153,97.4892221314804,95.6754878174339,85.6715874930064,98.890185407925,97.6551937952809,77.8199989926706,93.8529031474159,43929.7840873812,2.43757653729007,2.11159795175,9.228,56.019,77.1182717387509,,33.3,65340830.0
France,FRA,2012,,,,,,,,81.44,97.1924631662654,40863.5814412333,0.183835264973013,1.9541953161351,9.841,56.226,77.1669464919916,,33.1,65657659.0
France,FRA,2013,,,,,,,,81.9198,98.347924466483,42669.1795111893,0.781756446231,0.863715497861804,9.913,56.27,77.2440721470918,,32.5,65997932.0
France,FRA,2014,96.5827529151672,95.4665817555291,97.7879168439001,94.4811582901036,78.8718433768552,99.1154347011066,83.3639117909479,83.7510996681821,101.132290573498,43148.0459288416,0.997832947295251,0.50775882293799,10.273,55.764,77.3524296788613,,32.3,66312067.0
France,FRA,2015,,,,,,,,78.0060377071902,102.718366606519,36702.4323733379,1.06675474783462,0.0375143805125182,10.354,55.621,77.7610919150066,,32.7,66548272.0
France,FRA,2016,,,,,,,,79.2698113207547,103.816661597799,37024.2157133669,0.860031075424033,0.183334861123765,10.057,55.399,78.5999114705779,,31.9,66724104.0
France,FRA,2017,94.0040460235024,91.287130003363,96.9788266384346,93.469179560111,70.3316630227125,97.9119633663075,79.8168654715524,80.5024597243607,105.718368398783,38687.1626407164,2.08361485997399,1.03228275064681,9.409,55.258,78.6467804026368,,31.6,66918020.0
France,FRA,2018,,,,,,,,82.0431867788484,107.482434668386,41418.1766484844,1.64590872395887,1.85081508315493,9.018,55.3,78.6714432536599,,32.4,67158348.0
France,FRA,2019,,,,,,,,83.3397440866883,109.600780374596,40408.2848574751,2.02744646419237,1.10825492288294,8.415,54.939,78.6890784549356,,31.2,67382061.0
France,FRA,2020,,,,,,,,84.70639801,110.387215275645,39169.8606000707,-7.44064589948231,0.476498852725065,8.009,54.271,78.7119131765249,,30.7,67601110.0
France,FRA,2021,99.244295476517,100.0,98.4230468477367,98.4015680813876,99.2410255462594,99.2447556020059,95.8664726880748,86.09548575,113.952719366702,43725.0999521245,6.88233783360239,1.64233141038394,7.871,55.552,78.7364603392338,,31.5,67842811.0
France,FRA,2022,,,,,,,,85.33331734,115.950519429629,40988.6396406579,2.71676264185913,5.22236748369725,7.303,55.835,78.7591921123356,,31.2,68184457.0
France,FRA,2023,,,,,,,,86.83635789,116.687800394775,44700.1384177544,1.43921494437743,4.8783572650844,7.335,55.938,78.7804323126547,,31.8,68372286.0
France,FRA,2024,99.1902372350206,99.848494933374,98.4892614438192,98.7136082123328,100.0,99.0919035333063,98.0800344270783,88.65381638,,46103.0840855884,1.19046798275883,1.99904942291463,7.4,55.663,78.7999750964116,,,68551653.0
French Polynesia,PYF,2011,,,,,,,,49.0,82.0039966584108,22831.5185348524,-2.96195745427229,,12.257,56.212,61.2717342597741,,,271727.0
French Polynesia,PYF,2012,,,,,,,,52.8766305867993,83.3446851518214,20846.5457478364,-0.927537712532072,,12.134,56.264,61.5286539604592,,,273084.0
French Polynesia,PYF,2013,,,,,,,,56.8,88.5949011385807,21955.6329264095,0.398801414346934,,12.027,56.16,61.6130486661995,,,274728.0
French Polynesia,PYF,2014,,,,,,,,60.68,92.3064398832072,22258.6321384251,0.593554452942286,,11.894,56.045,61.6824807401268,,,276387.0
French Polynesia,PYF,2015,,,,,,,,64.560209747212,96.5695695047253,19166.9594761931,1.80334081452726,,11.794,55.957,61.7374742154907,,,277866.0
French Polynesia,PYF,2016,,,,,,,,68.440419493378,100.334195387889,19690.0775734589,2.30219823670438,,11.727,55.876,61.7744381369651,,,279178.0
French Polynesia,PYF,2017,,,,,,,,72.7038953132942,102.767711461082,20826.9312492172,4.29263363103487,,11.595,55.822,61.7896941062846,,,280087.0
French Polynesia,PYF,2018,,,,,,,,,108.168968782946,21925.616043938,1.80687498305207,,11.599,55.614,61.7888025236875,,,279815.0
French Polynesia,PYF,2019,,,,,,,,,113.964606463728,21582.5892046801,2.68946658143334,,11.591,55.402,61.7824142427508,,,279034.0
French Polynesia,PYF,2020,,,,,,,,,119.981805744084,19966.4838503859,-10.5738138632489,,12.963,54.459,61.7673100921,,,279209.0
French Polynesia,PYF,2021,,,,,,,,,115.413592954766,21426.3854449835,3.36590242421546,,12.558,54.253,61.7399813226008,,,279792.0
French Polynesia,PYF,2022,,,,,,,,,116.866159256432,20053.9569369322,2.9373470716322,,11.793,53.961,61.6913806937112,,,280378.0
French Polynesia,PYF,2023,,,,,,,,,118.777524029055,21832.2831795569,2.77284077155413,,11.613,53.353,61.6967135028569,,,281118.0
French Polynesia,PYF,2024,,,,,,,,,,22439.8838746025,1.12638897730247,,11.613,52.799,61.7191984724331,,,281807.0
Gabon,GAB,2011,18.9465176301576,17.1723565635735,20.7606037540527,8.50594628305102,10.8676490278853,22.8725489829003,8.90258751328997,18.0,133.010491109633,10219.1139339454,7.09175334258654,1.26331707837421,19.895,49.326,86.5665383650315,,,1781985.0
Gabon,GAB,2012,,,,,,,,24.0,138.488452744047,9296.96587941088,5.25107691750407,2.65241828695626,19.661,49.615,86.8838635787001,,,1846889.0
Gabon,GAB,2013,,,,,,,,30.53800011,143.499442515887,9197.70106323947,5.63869900338696,0.505441058915615,19.736,49.901,87.1482480671637,,,1913059.0
Gabon,GAB,2014,33.014183227497,30.739147208779,35.4183678443263,17.5541305363062,23.0909825056813,37.4291010528111,22.3856478229559,38.07120132,148.237590091786,9201.36276648105,4.31496444107469,4.69045751826284,19.873,50.195,87.6236017962969,,,1978399.0
Gabon,GAB,2015,,,,,,,,45.78450012,138.244498133013,7047.12654634355,3.8788993950789,-0.338795188753406,19.943,50.477,88.085308383892,,,2040989.0
Gabon,GAB,2016,,,,,,,,48.0522995,141.050208874326,6677.07003901644,2.09144220829562,2.10670712784054,20.117,50.762,88.5445883406178,,,2100306.0
Gabon,GAB,2017,58.6019984230799,53.7041266812626,63.8023463515205,49.8290375378959,57.2273539260939,59.2071656941883,45.5328131834244,51.60490036,123.475497241411,6921.73373135624,0.472642030911146,2.65192583143902,20.307,51.043,89.0009733256896,,38.0,2156900.0
Gabon,GAB,2018,,,,,,,,55.42020035,132.465314660912,7624.2775233771,0.83791658082157,4.74906652083221,20.459,51.28,89.4539949981866,,,2212318.0
Gabon,GAB,2019,,,,,,,,59.51760101,131.975264871196,7441.1786472281,3.92080879452831,2.46456756151187,20.371,51.42,89.9031850170394,,,2267706.0
Gabon,GAB,2020,,,,,,,,63.91790009,131.301562643297,6605.80346077904,-1.8377610635094,1.35276110675333,21.279,47.881,90.3480750410147,,,2322539.0
Gabon,GAB,2021,66.0899712589808,61.2955059276265,71.4725579277961,58.6120685533256,68.1322833059001,65.0604139816042,52.9001464565818,65.76809692,132.30865873249,8181.40914134398,1.46795731508091,1.0869074651941,21.223,48.517,90.7881967286967,88.8600006103516,,2376722.0
Gabon,GAB,2022,,,,,,,,67.67169952,123.233187164275,8409.20741452279,3.03761449525692,4.23124798274579,20.319,51.578,91.2243355459988,,,2430747.0
Gabon,GAB,2023,,,,,,,,68.19789886,122.606627765979,7802.82433276138,2.43893665041031,3.62901534185376,20.161,51.5,91.6375962797313,,,2484789.0
Gabon,GAB,2024,68.1812562934141,63.7213310835604,72.417329210808,59.956979111285,62.0035952508967,71.2739464263181,58.1118867189379,68.72090149,125.337107593999,8230.04311451151,3.39403899521831,1.17311998381218,20.091,51.315,91.8632094677575,,,2538952.0
"Gambia, The",GMB,2011,,,,,,,,10.87030029,70.6308247268856,710.608411468152,-8.13044422315659,4.7958826618311,10.276,47.957,56.6696692994225,,,1983784.0
"Gambia, The",GMB,2012,,,,,,,,12.44919968,74.6999893299085,692.579361628102,5.24156924630741,4.25432199813899,10.346,47.949,57.3207304207091,,,2043094.0
"Gambia, The",GMB,2013,,,,,,,,14.0,87.8808072933996,653.862713272743,2.872768790327,5.69912989637382,9.454,47.923,57.970305611505,,,2103820.0
"Gambia, The",GMB,2014,,,,,,,,15.56000042,105.505264889158,568.00453558864,-1.40738249510954,5.94799935696626,8.191,47.854,58.6141799655551,,,2164528.0
"Gambia, The",GMB,2015,,,,,,,,17.59950066,122.078516396055,619.536364296461,4.0580738039996,6.8084549457961,7.226,47.835,59.2458499408388,50.7799987792969,35.9,2224529.0
"Gambia, The",GMB,2016,,,,,,,,19.90640068,124.273821038818,650.056501323611,1.94335965478776,7.22879272057922,6.244,47.793,59.8652472486563,,,2283769.0
"Gambia, The",GMB,2017,28.5604825414567,24.7647799447907,32.6937017421755,20.5577189203078,21.1612477389592,32.9591573538971,22.0235506727505,22.5156002,126.633674737607,642.522641296331,4.8226112492757,8.03418974545911,5.097,47.773,60.471712657237,,,2342189.0
"Gambia, The",GMB,2018,,,,,,,,28.30900002,132.57837035012,696.219806960615,7.23489033258579,6.52096823946573,4.055,47.77,61.0645869348107,53.1599998474121,,2399632.0
"Gambia, The",GMB,2019,,,,,,,,31.11829948,105.204644657943,738.186751987483,6.22205315994859,7.11567625631192,4.481,47.753,61.643210849607,,,2456844.0
"Gambia, The",GMB,2020,,,,,,,,36.01100159,106.448259811355,720.335143352133,0.591487287873974,5.93127636562441,5.84,47.675,62.2069251698555,,38.8,2515733.0
"Gambia, The",GMB,2021,,,,,,,,41.67309952,108.847403542688,781.890925169531,5.25596878816744,7.37034758876618,6.213,47.636,62.7550706637859,51.6399993896484,,2576010.0
"Gambia, The",GMB,2022,33.0110184489268,28.0667337571841,38.3786815576996,28.7386767287828,24.9053224288556,37.7931101206606,24.6748077089139,48.22539902,106.782250509204,836.244875868476,5.49299823010114,11.5131198380505,6.067,47.597,63.2869880996278,,,2636470.0
"Gambia, The",GMB,2023,,,,,,,,48.72829819,117.115660832998,883.024111978927,5.91679576551141,16.9742129632327,6.479,47.549,63.8020182456108,,,2697845.0
"Gambia, The",GMB,2024,38.1609042069027,34.8624918566457,41.7268890189075,34.4089976084921,34.795004689942,40.1781550836595,26.434029718765,49.49430084,126.243773523653,871.340287547821,5.55126065805138,11.5610532897511,6.48,47.507,64.2994103409645,,,2759988.0
Georgia,GEO,2011,32.9809681896803,34.9228048469514,30.6469822628225,22.0630715781329,13.2828465494675,37.6352464102822,20.1619608196865,31.52000046,114.516931163867,4119.66818307193,7.9343365253078,8.5429333333333,19.632,67.163,55.6899257648533,,39.6,3756441.0
Georgia,GEO,2012,,,,,,,,36.93999863,122.384147980521,4530.69533409431,6.57883101954195,-0.943658853270964,19.653,66.759,56.1683526759979,,39.0,3728874.0
Georgia,GEO,2013,,,,,,,,43.3,131.083096511666,4712.00229382665,5.13288531209382,-0.512058410947092,19.416,66.486,56.6182119019407,,38.6,3717668.0
Georgia,GEO,2014,39.6650699319217,39.7632567467057,39.5523694305357,28.3801603722442,9.87406747651857,44.7968076292757,35.0079312090023,49.1024547144647,142.390867606876,4830.33486170249,4.09049059581743,3.06881210379543,17.439,66.298,57.0237612994258,99.5899963378906,37.6,3719414.0
Georgia,GEO,2015,,,,,,,,47.5697596438736,146.396495596946,4086.6223465965,3.35102350265353,4.00357820695097,16.506,66.159,57.3803800455672,,36.5,3725276.0
Georgia,GEO,2016,,,,,,,,58.4592896118725,145.88058671059,4143.40125686315,3.45021517996871,2.13492713939121,16.604,66.021,57.6984032005062,,36.6,3727505.0
Georgia,GEO,2017,61.2304463242505,63.6122606067721,58.4917882928031,46.1205022347495,30.7383546017319,66.8772914783165,34.1144652997701,59.7055045962571,145.072490171662,4418.75206546679,5.15990261658827,6.03531725272117,13.939,65.832,57.9996827205757,99.3600006103516,37.9,3728004.0
Georgia,GEO,2018,,,,,,,,62.7179081974285,143.858127681082,4804.0546040444,6.062036412677,2.6152447139767,12.667,63.934,58.3038181862576,99.6500015258789,36.4,3726549.0
Georgia,GEO,2019,,,,,,,,68.8467135616978,141.755414275788,4741.2832715876,5.38071926589951,4.85289821696723,11.565,62.928,58.6304091780343,99.8757151699707,35.9,3720161.0
Georgia,GEO,2020,,,,,,,,72.53157487,134.366007864735,4300.85701291207,-6.2904717853839,5.2024648897534,11.734,63.399,58.9990552763878,99.8930662080586,34.5,3722716.0
Georgia,GEO,2021,70.4986885500291,70.7113541474579,70.253832957538,62.4455595759319,54.5414716285893,73.5912499542669,41.7108028579479,76.4427093,146.566472682371,5083.60695484577,10.6442336580969,9.56691433824769,11.785,61.006,59.4293560618005,99.9180842054209,34.2,3708610.0
Georgia,GEO,2022,,,,,,,,78.71127536,154.013561773213,6729.84659930283,10.9585321385624,11.8981654203198,11.621,63.686,60.0101622679115,99.5699996948242,33.5,3712502.0
Georgia,GEO,2023,,,,,,,,81.88425624,155.249965068869,8283.66960652261,7.83220126555726,2.48776056578715,11.549,64.042,60.7523077799724,99.5599975585938,34.8,3715483.0
Georgia,GEO,2024,78.8236410959339,81.2949686953077,75.9235668308751,69.1241033260113,68.7329152202524,80.4361371238921,52.0302386858618,83.79855689,161.201784818537,8967.67525638987,9.67979379712661,1.10971758022096,11.557,64.345,61.0789605093733,99.6800003051758,33.9,3812518.0
Germany,DEU,2011,98.1336173269525,98.7045340200252,97.5362233643903,98.1317513095814,96.0428071694346,98.4678919858835,97.1540462147329,81.26999953602,112.41947815744,47630.9761883572,3.75796884489337,2.07517283735874,5.967,59.853,80.3405762928198,,30.4,80274983.0
Germany,DEU,2012,,,,,,,,82.3499984738392,114.191945537857,44718.0159214069,0.463512036709204,2.00848884782956,5.372,59.958,80.393447520218,,30.9,80425823.0
Germany,DEU,2013,,,,,,,,84.17,123.435398879553,47206.8353514242,0.396995583779145,1.50472330251876,5.316,60.278,80.4732318400362,,31.4,80645605.0
Germany,DEU,2014,98.7604066823874,99.4417995852574,98.0492498717625,96.991104838581,93.6846671054097,99.5054377882871,97.6434814649789,86.1937006578756,122.308668591557,48959.5991203133,2.18018602168017,0.906794000434246,4.979,60.378,80.57574023743,,30.8,80982500.0
Germany,DEU,2015,,,,,,,,87.5897993525767,117.401165117624,41929.7549110722,1.66300602334775,0.514426137125456,4.612,60.22,80.6974371632814,,31.4,81686611.0
Germany,DEU,2016,,,,,,,,84.1652066441212,125.024012174369,42948.9381932694,2.22222216259371,0.491747008445174,4.104,60.411,80.8347870684725,,31.3,82348669.0
Germany,DEU,2017,99.14118600163,99.1992475872443,99.0789317482543,98.1222665174376,97.0309268358975,99.5148615382971,100.0,84.3941537010844,132.003261888443,45553.9341495339,2.797906720551,1.50949485109628,3.781,60.659,80.9842544038853,,31.3,82657002.0
Germany,DEU,2018,,,,,,,,87.037112092841,128.945577229674,48916.1686612154,1.13569604599849,1.73216879766942,3.384,60.859,81.1423036204018,,31.9,82905782.0
Germany,DEU,2019,,,,,,,,88.1345169091916,128.292298108313,47656.199739747,0.977734697038784,1.44565976888253,3.163,61.307,81.3053991689039,,32.2,83092962.0
Germany,DEU,2020,,,,,,,,89.81294133,128.424798814302,47394.8734504469,-4.13191443239947,0.144877925813982,3.881,60.478,81.4700055002738,,32.5,83160871.0
Germany,DEU,2021,99.9765938161833,100.0,99.9519787809101,99.9411107337912,100.0,99.9739577699631,100.0,91.43060973,127.125099449404,52349.2459994422,3.90999994204108,3.06666666666673,3.594,60.395,81.6325870653934,,33.6,83196078.0
Germany,DEU,2022,,,,,,,,91.62984383,124.158264349285,50506.5179638543,1.8092581243061,6.87257438551097,3.137,60.835,81.7867852780995,,33.7,83177813.0
Germany,DEU,2023,,,,,,,,92.4763763,124.662572774586,54776.7668235491,-0.869647578573321,5.94643667725823,3.071,61.05,81.9034366692129,,,83287273.0
Germany,DEU,2024,98.2983235670699,98.873065264332,97.6782654275893,98.5525412015415,90.8792278031291,99.2900736609423,100.0,93.49999579,129.150921864378,56103.7323182554,-0.495851897260366,2.2564981433876,3.4,60.921,82.0211432579125,,,83516593.0
Ghana,GHA,2011,29.4253535855083,27.088298008763,31.845334833461,18.3888704067221,26.539920464788,30.7486711523145,16.4517058496609,9.0,81.1104488323626,1507.43573198753,14.0471235803149,8.7284593709302,4.213,71.78,51.3304086646488,,,26095088.0
Ghana,GHA,2012,,,,,,,,10.6,95.8261770997433,1543.77524235764,9.2927894063005,11.1863409441067,3.126,71.715,51.9197918381031,,42.4,26734268.0
Ghana,GHA,2013,,,,,,,,15.0,102.337999297675,2294.79584693743,7.31252501678145,11.6661923071729,2.173,71.651,52.4985794475913,,,27386193.0
Ghana,GHA,2014,40.5057942389551,39.377307089462,41.6712364032671,33.5196060630463,36.4241958681355,42.3422176656552,24.8725513356926,19.0,108.270496910446,1949.90832923846,2.85624016330883,15.4896160333318,4.403,70.466,53.0663398797148,,,28041592.0
Ghana,GHA,2015,,,,,,,,23.0,121.997156544235,1722.77282833606,2.12075933817334,17.1499695007878,6.806,69.253,53.6226415210752,60.1981035367761,,28696068.0
Ghana,GHA,2016,,,,,,,,28.0,130.481366086196,1912.47991339951,3.37346574966936,17.4546347070868,5.256,68.066,54.167052758274,,43.5,29356742.0
Ghana,GHA,2017,57.7175264186459,53.7234203538013,61.7916792423948,48.3440601491293,48.4647905443261,61.8940290264395,49.3870598661332,37.88420105,122.471765695646,2012.28662641265,8.12889488100956,12.3719215507048,3.369,66.855,54.6991419779128,64.4899978637695,,30008354.0
Ghana,GHA,2018,,,,,,,,43.0,133.609992432498,2195.32166016377,6.20007768127284,7.80876516610703,3.204,65.282,55.218477566593,,,30637585.0
Ghana,GHA,2019,,,,,,,,22.0732,130.70523333401,2186.65822682613,6.5077747939152,7.14364003330857,3.067,63.712,55.7246279109161,,,31258945.0
Ghana,GHA,2020,,,,,,,,62.51760101,126.887391353856,2195.45481659987,0.513941670628171,9.88728956269944,3.178,61.615,56.2171613974837,,,31887809.0
Ghana,GHA,2021,68.2303947936909,62.5809382619613,74.1799682116512,54.7194535686967,65.2242917388021,69.5160700866998,51.5909001242851,68.6,124.402625384529,2445.18662529344,5.07646643533542,9.9710886750444,3.2,60.389,56.6952556826536,76.4899978637695,,32518665.0
Ghana,GHA,2022,,,,,,,,69.91329956,120.803416027053,2229.89122654479,3.80484978178042,31.2558951049016,2.87,59.101,57.250609602871,,,33149152.0
Ghana,GHA,2023,,,,,,,,70.67430115,98.8059221412722,2383.90410476221,3.14009100080186,38.1069656296501,2.829,59.067,57.8074737774654,,,33787914.0
Ghana,GHA,2024,81.2430252454858,78.3104466801133,84.4194236475985,69.5783204095408,79.9671595325983,81.7894024325361,67.88099013833,72.17569733,113.647966704673,2419.2518672482,5.84746854280382,22.8483281157842,2.82,59.056,58.3654868038581,,,34427414.0
Gibraltar,GIB,2011,,,,,,,,65.0,102.653190145294,,,,,,100.0,,,31660.0
Gibraltar,GIB,2012,,,,,,,,65.017,108.495426020169,,,,,,100.0,,,32029.0
Gibraltar,GIB,2013,,,,,,,,,,,,,,,100.0,,,32407.0
Gibraltar,GIB,2014,,,,,,,,,115.807759119861,,,,,,100.0,,,32813.0
Gibraltar,GIB,2015,,,,,,,,,124.848612659296,,,,,,100.0,,,33193.0
Gibraltar,GIB,2016,,,,,,,,94.4444715818151,122.217600570444,,,,,,100.0,,,33658.0
Gibraltar,GIB,2017,,,,,,,,,119.827712074755,,,,,,100.0,,,34245.0
Gibraltar,GIB,2018,,,,,,,,,117.762667125724,,,,,,100.0,,,34854.0
Gibraltar,GIB,2019,,,,,,,,,114.208035160872,,,,,,100.0,,,35494.0
Gibraltar,GIB,2020,,,,,,,,,97.9680977524673,,,,,,100.0,,,36173.0
Gibraltar,GIB,2021,,,,,,,,,92.6501709262575,,,,,,100.0,,,36858.0
Gibraltar,GIB,2022,,,,,,,,,97.6042968438406,,,,,,100.0,,,37609.0
Gibraltar,GIB,2023,,,,,,,,,,,,,,,100.0,,,38471.0
Gibraltar,GIB,2024,,,,,,,,,,,,,,,100.0,,,39329.0
Greece,GRC,2011,77.9398583523638,75.7096676897877,80.3368747523166,69.7450941435724,47.0617731910866,83.341710170236,76.5881848032453,51.6499951676815,109.174140891708,25504.7866510124,-9.87677875300243,3.3298532335065,17.973,52.155,76.6352609929407,,34.8,11104899.0
Greece,GRC,2012,,,,,,,,55.0699934418411,120.926137220412,21624.346052551,-8.33113421099992,1.50152696177758,24.731,51.893,76.8679797449322,,36.3,11045011.0
Greece,GRC,2013,,,,,,,,59.8663,114.142688333026,21573.3449762805,-2.27211699888024,-0.921269454256994,27.686,51.565,77.0951999650171,,36.1,10965211.0
Greece,GRC,2014,87.5186470726679,86.6126720377175,88.4800906282645,82.3547435864766,46.9982835558799,93.4322148818023,89.6351961251537,63.2073404784561,111.488230327161,21474.7257123892,0.792225060962835,-1.31226096405506,26.708,51.23,77.3130486275866,,35.8,10892413.0
Greece,GRC,2015,,,,,,,,66.8349594911035,116.133089816996,17980.7298238137,-0.228301892172851,-1.73588804765284,24.981,51.201,77.5194426317545,,36.0,10820883.0
Greece,GRC,2016,,,,,,,,69.0879154723892,116.365109232942,17919.2426377048,-0.0317947678412054,-0.825653978390973,23.514,51.147,77.7122988766348,,35.0,10775971.0
Greece,GRC,2017,85.4665211327502,84.5369009897368,86.4485627321931,81.5177435532043,49.0693909746304,90.7920474435592,86.8962971686862,69.8929706543154,120.305633506681,18631.9930129293,1.47312472702352,1.12125452031419,21.413,51.022,77.8895342613411,,34.4,10754679.0
Greece,GRC,2018,,,,,,,,72.2383733920483,113.418450589721,19873.4015238771,2.06467207892409,0.62562141345364,19.179,50.8,78.0490656849874,,32.9,10732882.0
Greece,GRC,2019,,,,,,,,75.6712066931757,110.855033355177,19335.3602002969,2.27718065334808,0.253007522038157,17.045,50.855,78.1888100466875,,33.1,10721582.0
Greece,GRC,2020,,,,,,,,78.11584474,106.669795200072,17886.733165236,-9.19623149726978,-1.24798355581405,15.899,50.055,78.3066842455552,,33.6,10698599.0
Greece,GRC,2021,94.8841039582543,93.431332757825,96.3255610864645,91.6421797948846,90.1372655011848,95.5512739995025,91.8323914191436,78.49426371,108.643525000707,20652.89659591,8.65449786002131,1.22382501019854,14.656,50.33,78.3884898647442,,32.9,10570130.0
Greece,GRC,2022,,,,,,,,83.17066333,109.026956114201,20884.6773436263,5.52198580589408,9.64525981280632,12.426,51.826,78.5502190980809,,33.4,10437805.0
Greece,GRC,2023,,,,,,,,85.0102229,110.79216956747,23343.7103964562,2.13591131996631,3.46480128513405,11.023,51.801,78.7746303842088,,33.4,10407351.0
Greece,GRC,2024,88.5519759112244,84.0948713682466,93.2644888438885,79.597500484544,69.9156625847098,90.7788340253533,80.6661969723101,86.26968886,113.597610306796,24626.1481858973,2.0865743380603,2.74101875679486,10.02,52.333,78.9967856500534,,,10405134.0
Greenland,GRL,2011,,,,,,,,64.0,103.357145370729,47186.8759969388,-0.496519391959083,,,,84.5286026000977,,,56890.0
Greenland,GRL,2012,,,,,,,,64.8960100995989,104.714854344993,45936.9562817724,1.39419335955625,,,,84.8864593505859,,,56810.0
Greenland,GRL,2013,,,,,,,,65.8,106.878063454426,47535.4883792376,-1.29828069335511,,,,85.3725891113281,,,56483.0
Greenland,GRL,2014,,,,,,,,66.7,108.237053388639,50485.2244135291,4.7421356730152,,,,85.6772384643555,,,56295.0
Greenland,GRL,2015,,,,,,,,67.600443481006,108.887738526624,44536.3549705377,-2.52931802394475,,,,86.046257019043,,,56114.0
Greenland,GRL,2016,,,,,,,,68.500873675421,,48181.7453541266,4.68195410972302,,,,86.2261047363281,,,56186.0
Greenland,GRL,2017,,,,,,,,69.4824617821988,111.14479855897,50765.7494665372,0.0527281828800312,,,,86.3915557861328,,,56172.0
Greenland,GRL,2018,,,,,,,,,109.487462995328,54545.135857765,0.62306542854094,,,,86.72509765625,,,56023.0
Greenland,GRL,2019,,,,,,,,,109.935097353969,53309.2035905065,2.83217756798683,,,,87.0217895507812,,,56225.0
Greenland,GRL,2020,,,,,,,,,117.614122681883,54812.6661771023,0.250789762104304,,,,87.2840881978115,,,56367.0
Greenland,GRL,2021,,,,,,,,,118.85048446673,58135.9939910203,1.63409410992996,,,,87.5452017613678,,,56653.0
Greenland,GRL,2022,,,,,,,,,118.637256652974,55635.0006491223,2.00455580865604,,,,87.8049405256832,,,56661.0
Greenland,GRL,2023,,,,,,,,,,58498.9707973609,0.865961986998158,,,,88.0631147749908,,,56865.0
Greenland,GRL,2024,,,,,,,,,,,,,,,88.3195347935238,,,56836.0
Grenada,GRD,2011,,,,,,,,30.0,107.830191204418,6947.38136096464,0.764773550338731,3.0334728033474,,,35.8601091092326,,,112079.0
Grenada,GRD,2012,,,,,,,,32.0,115.19574373753,7092.71985352677,-1.15483816409801,2.41077704021862,,,35.8652755773132,,,112775.0
Grenada,GRD,2013,,,,,,,,35.0,117.194039845974,7424.80212287327,2.35109801677905,-0.0439997864828058,,,35.8792242623778,,,113487.0
Grenada,GRD,2014,,,,,,,,51.6,102.645182770827,7986.33421210788,7.34212396037948,-0.98360305555498,,,35.9014624346562,,,114132.0
Grenada,GRD,2015,,,,,,,,52.5,104.439464229656,8694.12438005692,6.44522314693144,-0.515448031435329,,,35.9319491111708,,,114676.0
Grenada,GRD,2016,,,,,,,,53.29999924,103.337965777816,9221.23461079424,3.7396039558691,1.65038994431573,,,35.9706014181883,,,115130.0
Grenada,GRD,2017,,,,,,,,54.20000076,98.0413728581576,9751.42661155932,4.43867566948151,0.908458255874249,,,36.0173296416579,,,115438.0
Grenada,GRD,2018,,,,,,,,61.42459869,102.61904556102,10083.021279225,4.36144039364797,0.804102313277033,,,36.0720421424532,,43.8,115691.0
Grenada,GRD,2019,,,,,,,,64.31279755,100.175028668489,10462.7929159533,0.676511738873756,0.598149764736022,,,36.1346465679904,,,115981.0
Grenada,GRD,2020,,,,,,,,65.65380096,102.079232600717,8968.55890108484,-13.7566222572107,-0.740732597045498,,,36.2050502515788,,,116341.0
Grenada,GRD,2021,,,,,,,,67.02279663,86.5710270122035,9617.28902905373,4.6977240232674,1.21951193916838,,,36.2831603706908,,,116688.0
Grenada,GRD,2022,,,,,,,,68.42030334,95.759239776586,10469.3867012856,7.31023806981959,2.5805392590792,,,36.3688840183487,,,116913.0
Grenada,GRD,2023,,,,,,,,69.4131012,,11414.4781691181,4.52657497450693,2.69612269814564,,,36.462128238584,,,117081.0
Grenada,GRD,2024,,,,,,,,70.16159821,,11528.9220811928,2.3996478454327,1.08615365134737,,,36.5628000454229,,,117207.0
Guam,GUM,2011,,,,,,,,57.7,,29926.2052442913,0.0776548243059523,,13.3,62.6,94.0771054436498,,,166543.0
Guam,GUM,2012,,,,,,,,61.5341593079002,,31653.7506538168,2.13385063045585,,12.2,62.541,94.0777276704115,,,166331.0
Guam,GUM,2013,,,,,,,,65.4,,32530.7593121483,1.69040835707501,,11.5,62.492,94.0782751403862,,,165966.0
Guam,GUM,2014,,,,,,,,69.27,,33900.1486530583,1.79305192379529,,7.6,62.437,94.0787476782557,,,165486.0
Guam,GUM,2015,,,,,,,,73.139999947043,,35165.7014644795,0.825688073394488,,6.9,62.406,94.079145108702,,,164905.0
Guam,GUM,2016,,,,,,,,77.009999893206,,35930.6594898711,0.18198362147406,,5.4,62.391,94.079467256407,,,164233.0
Guam,GUM,2017,,,,,,,,80.5054655600831,,36779.0078903909,0.890099909173486,,5.418,62.355,94.0797139460527,,,163490.0
Guam,GUM,2018,,,,,,,,,,37195.9503070464,-0.828231904933389,,5.45,62.364,94.079885002321,,,162679.0
Guam,GUM,2019,,,,,,,,,,39274.9431424899,2.52360203340596,,5.405,62.284,94.0799802498939,,,161808.0
Guam,GUM,2020,,,,,,,,,,36482.9363953675,-10.5188595714539,,6.241,59.182,94.0804991087801,,,162158.0
Guam,GUM,2021,,,,,,,,,,38074.8793745801,2.0581832574708,,6.0,59.644,94.0884327694075,,,163730.0
Guam,GUM,2022,,,,,,,,,,41833.1517132825,5.09986426216793,,5.383,62.192,94.1068261842046,,,165180.0
Guam,GUM,2023,,,,,,,,,,,,,5.262,62.236,94.1349341638921,,,166506.0
Guam,GUM,2024,,,,,,,,,,,,,5.252,62.266,94.1726346571831,,,167777.0
Guatemala,GTM,2011,22.3188831452242,15.5866201208438,29.8914715453647,11.7443206578984,21.7326861900103,22.6284004839334,12.8002636150816,12.30000019,131.685634641025,3168.98370607705,4.16390688293349,6.214123930671,3.169,61.401,51.8657469899423,,,14792126.0
Guatemala,GTM,2012,,,,,,,,16.0,137.757231829214,3286.61959336267,2.97470856847661,3.78180754679678,2.765,65.118,52.3523385176,78.2600021362305,,15089647.0
Guatemala,GTM,2013,,,,,,,,19.70000076,141.131353657881,3444.15802275864,3.69476814623695,4.34337131279521,3.017,60.22,52.7809822766245,77.0400009155273,,15387337.0
Guatemala,GTM,2014,41.3492184951631,34.694927507589,48.7564216478,29.0836384191295,36.8534564828112,43.7429222353065,26.1895121614805,23.39999962,107.844073276377,3689.14510410202,4.44397825774911,3.4183616966296,2.717,60.732,53.1458479013964,81.2900009155273,48.3,15681725.0
Guatemala,GTM,2015,,,,,,,,28.80590057,113.459063296974,3893.50533299068,4.09217170075418,2.3887203283955,2.506,60.596,53.4411050262961,80.1999969482422,,15971743.0
Guatemala,GTM,2016,,,,,,,,34.50930023,112.267437714983,4060.13784737643,2.6778031930216,4.44844199942827,2.583,60.689,53.6609232857043,,,16268760.0
Guatemala,GTM,2017,44.1070072063726,42.0862809617714,46.3569654502577,30.4192861088304,41.5828154637283,45.4243835822763,32.7172958876769,37.90000153,120.637721514663,4324.99768915601,3.0798512212244,4.42453655182546,2.462,60.943,53.7994723140017,,,16567357.0
Guatemala,GTM,2018,,,,,,,,41.5,121.500075538632,4352.94593289707,3.40687328176345,3.75186186704508,2.283,60.503,53.845962303542,80.8099975585938,,16845685.0
Guatemala,GTM,2019,,,,,,,,44.401049838502,122.043793418341,4511.99839552697,4.01789830861587,3.69998398008605,2.193,59.169,54.1882267267974,,,17103803.0
Guatemala,GTM,2020,,,,,,,,47.51229858,117.475884100805,4477.61785000665,-1.78555117570465,3.21444062197345,2.965,58.76,54.5483167911628,,,17357325.0
Guatemala,GTM,2021,,,,,,,,50.84164945,125.718955715353,4912.62240414681,8.04170398855833,4.26105127422813,2.174,62.937,54.9047071553758,,,17598650.0
Guatemala,GTM,2022,36.9778818759536,34.3454255538196,39.9298209442236,33.874790645676,38.1836370624187,36.4126618130953,29.0354916787046,54.40430069,115.156435692604,5356.92435887895,4.15492196609047,6.88512823344287,3.051,60.241,55.2581228215265,83.0299987792969,,17847877.0
Guatemala,GTM,2023,,,,,,,,56.72669983,113.709374947241,5754.42833909847,3.52430434049013,6.20657592272126,2.344,59.586,55.6082319565539,83.0195796057608,45.2,18124838.0
Guatemala,GTM,2024,38.2819483827324,32.5013354493048,44.6496505663004,28.3362046477051,34.7905461046703,39.6546973553898,28.4234840229176,60.22140121,112.520863034346,6150.89465281457,3.71558453779777,2.86992752918294,2.613,59.704,55.9547027274763,82.1100006103516,,18406359.0
Guinea,GIN,2011,3.68785001184746,,,,,,,2.0,45.6101779050204,636.694958747648,5.61211177430975,21.3169268542577,5.024,58.427,34.0732054685603,,,10656810.0
Guinea,GIN,2012,,,,,,,,3.099999905,51.1345381222737,699.353377212197,5.91528626133322,15.2262941038638,4.874,57.742,34.3313936933767,,33.7,10921581.0
Guinea,GIN,2013,,,,,,,,4.5,66.4452768540172,748.455020824734,3.94568708624053,11.8875884481828,4.944,57.054,34.5812741977122,,,11191873.0
Guinea,GIN,2014,6.96001725661614,,,,,,,6.400000095,75.686895511554,765.146999389279,3.69655311664086,6.1505055670642,5.044,56.364,34.8177920826682,32.0,,11472924.0
Guinea,GIN,2015,,,,,,,,9.199999809,91.475617974568,747.356966759448,3.82591056949435,11.7800825029834,5.15,55.671,35.0373191833496,,,11767070.0
Guinea,GIN,2016,,,,,,,,13.10000038,92.0232948978011,711.996509782316,10.82062719659,8.17268112275132,4.997,54.975,35.3100280761719,,,12073030.0
Guinea,GIN,2017,23.4860350255293,19.6709747491521,27.2642091442201,19.9027726848138,23.8042064248757,23.3226980353542,17.0548817725658,18.70000076,94.4640894763856,833.598621691121,10.3000053427355,8.91435947913097,4.86,54.278,35.5827331542969,,,12385659.0
Guinea,GIN,2018,,,,,,,,21.8300230430563,94.5550074326391,933.273615633705,6.35849192736715,9.82761701259191,4.835,53.579,35.8554382324219,39.6199989318848,29.6,12704774.0
Guinea,GIN,2019,,,,,,,,23.89049911,98.7621473298315,1031.34146480732,5.61691446889876,9.47001039253012,5.018,52.879,36.1281547546387,,,13034346.0
Guinea,GIN,2020,,,,,,,,26.14550018,107.776552007403,1053.66097696415,4.70459096113575,10.6016203387167,6.007,52.376,36.4802208060551,,,13371183.0
Guinea,GIN,2021,30.4403355352872,24.0050046269956,36.9123916683355,23.7648154337865,27.9744287100851,31.6263938905117,22.0184606088303,28.61330032,110.185519681138,1244.96550477914,5.5823328114905,12.5972882566934,5.815,52.624,36.8502178436256,,,13710513.0
Guinea,GIN,2022,,,,,,,,31.31399918,95.3174629318803,1416.59612011764,3.97240784200721,10.4930409984424,5.174,52.82,37.2384967469106,,,14055137.0
Guinea,GIN,2023,,,,,,,,32.31560135,97.8794996455513,1555.49375806861,5.54172668627702,7.80497591927973,5.141,52.812,37.6454083954705,,,14405468.0
Guinea,GIN,2024,36.0480250155865,31.2380546293167,40.8599709353785,29.3012686641546,33.6901211107583,37.1684300208324,29.1834302604183,33.30469894,,1694.95375862185,5.35004659049265,8.12313914948596,5.132,52.792,38.0713036688655,,,14754785.0
Guinea-Bissau,GNB,2011,,,,,,,,2.671999931,45.5596626030113,719.539573498937,8.08504167173554,5.046102263202,3.072,63.368,40.4391136169434,,,1608076.0
Guinea-Bissau,GNB,2012,,,,,,,,2.894000053,63.5328932668127,635.461653303881,-1.71286958446419,2.13054580274503,3.135,63.323,40.8686027526855,,,1651417.0
Guinea-Bissau,GNB,2013,,,,,,,,3.099999905,55.420045012509,654.304534409417,3.25607190852087,1.20712555668405,3.173,63.275,41.2976379394531,,,1695973.0
Guinea-Bissau,GNB,2014,,,,,,,,3.319999933,63.654183911294,652.022501029449,0.964525745841428,-1.50924460570494,3.285,63.221,41.7271995544434,,,1741122.0
Guinea-Bissau,GNB,2015,,,,,,,,6.099999905,69.3267736083208,645.066837207039,6.1340893623123,1.47672048910485,3.168,63.157,42.1568145751953,,,1786457.0
Guinea-Bissau,GNB,2016,,,,,,,,13.80000019,70.1915996185367,679.665386626818,5.4326782650304,1.50312055861088,3.139,63.085,42.586109161377,,,1831893.0
Guinea-Bissau,GNB,2017,,,,,,,,14.80000019,76.4393694008541,783.123186602022,4.66367943913264,1.69111461822298,3.089,63.0,43.0155792236328,,,1877072.0
Guinea-Bissau,GNB,2018,,,,,,,,15.69999981,77.0219356476645,808.531613218504,3.76145359637003,0.381324702790992,3.127,62.901,43.4449081420898,,34.8,1922168.0
Guinea-Bissau,GNB,2019,,,,,,,,17.92149925,80.8245277725828,811.210004050041,5.32749571119344,0.24660026814783,2.413,62.167,43.8745574951172,54.8800010681152,,1967696.0
Guinea-Bissau,GNB,2020,,,,,,,,20.45730019,95.0628708236165,846.918134967613,2.89149979806913,1.14000939393222,2.887,62.502,44.3038330078125,,,2013255.0
Guinea-Bissau,GNB,2021,,,,,,,,23.3519001,108.62961248586,926.54619187706,5.0173096003907,2.24248879577658,3.016,63.765,44.7334136962891,,33.4,2058841.0
Guinea-Bissau,GNB,2022,,,,,,,,27.67379951,125.934670099533,881.602654162231,5.45776090019501,9.39075933985203,2.666,64.838,45.1627159118652,63.9300003051758,,2105529.0
Guinea-Bissau,GNB,2023,,,,,,,,28.71240044,128.110529740092,964.431832665395,4.63052364601562,7.10220928557059,2.632,64.796,45.5923843383789,,,2153339.0
Guinea-Bissau,GNB,2024,,,,,,,,29.77739906,147.197631273872,998.376093392688,4.40920107183611,3.76555825770114,2.647,64.751,46.113204421822,,,2201352.0
Guyana,GUY,2011,,,,,,,,30.0,70.8644205678996,4947.22170589917,5.19625156051602,4.4073041447003,11.811,56.325,26.3999996185303,,,746153.0
Guyana,GUY,2012,,,,,,,,30.5,73.3023980018438,5444.39751913913,5.27633062046809,2.39057526653742,12.029,56.198,26.3999996185303,,,746288.0
Guyana,GUY,2013,,,,,,,,31.0,74.002594594018,5556.91231156932,3.65338433338232,1.9111250917408,12.296,56.042,26.4003891353669,,,750021.0
Guyana,GUY,2014,,,,,,,,32.0,75.1635113473494,5472.68820452237,1.68649445019584,0.683700250354637,12.637,55.895,26.4018152016157,,,754229.0
Guyana,GUY,2015,,,,,,,,34.0,71.5091706302609,5640.41560569466,0.687404590619494,-0.865401289233742,13.009,55.769,26.4043918297579,,,758781.0
Guyana,GUY,2016,,,,,,,,35.65999985,76.5713484941353,5870.87823759835,3.80745626378814,0.826177341246544,13.263,55.672,26.4080892882899,,,763548.0
Guyana,GUY,2017,,,,,,,,42.6753006,83.6990991295793,6178.6650437298,3.73449154571284,1.94571617739331,13.466,55.599,26.412905546573,,,768479.0
Guyana,GUY,2018,,,,,,,,48.59889984,,6048.38697180418,4.44091288475967,1.25128567037044,13.627,55.791,26.4188378517884,,,791556.0
Guyana,GUY,2019,,,,,,,,55.31269836,96.327066296051,6405.82443444562,5.35284003535665,2.11238986774464,13.172,52.067,26.4258834773058,,,807665.0
Guyana,GUY,2020,,,,,,,,62.95399857,106.008686272494,6775.70939096303,43.479651716849,0.722434045501787,15.308,50.741,26.4340397353676,85.6399993896484,,807481.0
Guyana,GUY,2021,,,,,,,,71.65090179,104.968595260226,9860.87014834386,20.0599975568418,4.50619858925893,14.576,51.186,26.443303961947,,,815482.0
Guyana,GUY,2022,,,,,,,,76.56240082,112.56503784518,17913.4928066879,63.3346343654855,6.93346066500816,11.907,54.019,26.4536735068183,,,821637.0
Guyana,GUY,2023,,,,,,,,79.3553009,,20473.7002190617,33.795011115873,2.82159393090811,11.917,54.7,26.4651457279878,,,826353.0
Guyana,GUY,2024,,,,,,,,83.00080109,,29675.2501582835,43.8192726391966,2.90379501424778,11.874,55.138,26.477717988557,,,831087.0
Haiti,HTI,2011,22.0072687973852,21.072248172191,22.9629310834077,,6.24168896995655,30.6849812485511,8.03871534382974,9.0,42.360470661138,1312.03953552013,5.09821354410036,6.33279483849042,14.506,65.759,46.7523749519985,,,9914904.0
Haiti,HTI,2012,,,,,,,,9.800000191,60.5271659107243,1361.39396587374,0.502424403581585,5.01804155429246,14.1,65.721,47.4314843495779,73.953334886651,41.1,10069771.0
Haiti,HTI,2013,,,,,,,,10.60000038,70.044477000521,1457.83221179626,4.32478411472874,4.76502404779142,13.704,65.819,48.1049430223048,,,10222362.0
Haiti,HTI,2014,18.8586777550335,16.1192255831274,21.6837985572137,13.3082143541593,14.6713693386482,21.1622612545304,11.109079441692,11.39999962,65.2574823572396,1460.18898613914,2.88877250863379,3.43816659958601,13.808,65.869,48.7723916158687,,,10373235.0
Haiti,HTI,2015,,,,,,,,14.19999981,69.3702568086907,1411.12684746796,1.40000000859727,6.73184069658997,13.785,65.868,49.4334707759572,,,10523242.0
Haiti,HTI,2016,,,,,,,,22.79999924,60.9477225087446,1318.40268167953,1.81246807847532,11.5029073942666,13.902,65.882,50.087821148256,,,10671457.0
Haiti,HTI,2017,32.6211865335773,30.0456130837357,35.3547214185002,17.8797675030254,27.3337593393277,35.5182593197506,17.0337345471923,27.20000076,58.2917858919698,1395.23945184461,2.51027134544685,10.6800887242584,13.932,65.922,50.735083378449,68.0100021362305,,10817754.0
Haiti,HTI,2018,,,,,,,,32.4736271300557,60.232256515521,1496.38048970156,1.66781095484656,12.4814111170435,13.934,65.934,51.374898112219,,,10962362.0
Haiti,HTI,2019,,,,,,,,35.76409912,61.6234088594647,1352.17204191532,-1.72309699839232,18.7037825672506,14.095,65.825,52.0069059952475,,,11105163.0
Haiti,HTI,2020,,,,,,,,39.38809967,65.0933737275708,1290.32538667383,-3.30550546965893,22.7963113642528,15.573,65.199,52.6307476732151,,,11243848.0
Haiti,HTI,2021,,,,,,,,43.37919998,64.3451990252656,1824.6798742577,-1.79823988931486,16.8415240198785,15.296,65.704,53.2460637918026,,,11374586.0
Haiti,HTI,2022,,,,,,,,47.77470016,65.1889329311174,1748.40890116803,-1.68198396897978,33.98393194707,14.54,64.798,53.8524949966907,,,11503606.0
Haiti,HTI,2023,,,,,,,,47.99269867,,1681.84407667059,-1.86388420254838,36.8135162780854,14.459,64.487,54.4496819335618,,,11637398.0
Haiti,HTI,2024,,,,,,,,47.8614006,,2060.35591768638,-4.18495104762965,26.9490564091987,14.609,63.968,55.0372652481002,,,11772557.0
Honduras,HND,2011,20.5122646001849,14.9203570895669,26.2748196001183,8.10620285622261,17.1805411388158,22.1926144605209,10.7774959560028,15.9,94.399047465495,2073.66121088074,3.83569066207505,6.7622795731476,4.474,59.727,51.9908892304951,85.120002746582,52.6,8540583.0
Honduras,HND,2012,,,,,,,,18.12,84.5664914453988,2126.03474686503,4.12868774866939,5.19618615531848,3.755,58.4,52.6641557109031,85.3600006103516,53.4,8715076.0
Honduras,HND,2013,,,,,,,,17.8,87.3775687969259,2081.12843527945,2.79155975746801,5.16189898581494,5.646,62.661,53.356379133253,85.4599990844727,50.0,8889278.0
Honduras,HND,2014,31.4863604454926,27.0334940238095,36.0899804267548,20.8550130135259,27.192496798168,33.6726448379661,21.4059518578722,23.0,85.2365443166273,2179.88171977271,3.0580805621437,6.12924930313031,7.078,64.152,53.8768089124249,87.1999969482422,49.9,9063122.0
Honduras,HND,2015,,,,,,,,27.1395454833776,87.1291789109486,2271.20265980349,3.84007997093951,3.15783117980915,6.147,64.092,54.3828473751434,87.9100036621094,49.2,9237305.0
Honduras,HND,2016,,,,,,,,29.5282180796457,83.2180808679633,2307.34468351082,3.89297219726413,2.72461223295289,6.727,63.322,54.8868414578857,88.9899978637695,49.8,9412380.0
Honduras,HND,2017,45.3429695987159,40.9506881007736,50.2408207262961,33.1007224870571,34.6660263465593,50.8156425768246,36.7754212405094,31.7357924661485,85.8717287831828,2413.0076562942,4.84291391050387,3.93436084442037,5.528,64.359,55.3877322339915,,49.4,9588137.0
Honduras,HND,2018,,,,,,,,36.0400608231468,77.7100953282111,2464.64241531918,3.84499476966735,4.34734937777536,5.648,66.492,55.8852577716247,87.2099990844727,48.9,9765210.0
Honduras,HND,2019,,,,,,,,39.3883521850111,76.0268304351136,2502.32744328073,2.55963434592314,4.36587159819274,5.698,63.177,56.3791561389766,88.5100021362305,48.2,9943633.0
Honduras,HND,2020,,,,,,,,45.24829865,68.7836128557933,2307.61494319511,-8.96508223267296,3.46841177951171,10.982,59.495,56.8691654042685,,,10119640.0
Honduras,HND,2021,37.8497022494385,28.8504573351507,48.5568646883294,26.9722905374558,36.095807723842,38.5282529187269,31.828968441328,51.95159912,73.4771659564055,2735.14751503977,12.5652843771279,4.48087963413446,8.506,60.688,57.3550236357547,,,10289877.0
Honduras,HND,2022,,,,,,,,56.88069916,75.8551423411907,3003.28996826399,4.14356194013767,9.08963911525032,8.774,58.637,57.8364689017254,88.2192789618317,,10463872.0
Honduras,HND,2023,,,,,,,,58.0685997,74.4148227156961,3227.45762509776,3.57584760454412,6.66325180347463,6.07,56.485,58.3132392705102,87.0899963378906,46.8,10644851.0
Honduras,HND,2024,42.4429707366343,34.0839092123123,52.7899759195543,33.70730362306,41.1686514492311,42.8835695565683,32.5856754067295,58.62269974,70.9397440517258,3415.96027916712,3.63240745450875,4.60621098127101,4.91,56.594,58.7850728104829,88.25,45.7,10825703.0
"Hong Kong SAR, China",HKG,2011,88.6860396908465,89.0776274928449,88.2511474546552,,79.6999724583471,90.5040756905407,79.2928076134232,72.19999695,214.097553258659,35142.4879344543,4.81466801092733,5.3052489299392,3.422,59.326,100.0,,,7071600.0
"Hong Kong SAR, China",HKG,2012,,,,,,,,72.9,227.571131531867,36730.796195815,1.70032214482865,4.05390950903844,3.285,59.744,100.0,,,7150100.0
"Hong Kong SAR, China",HKG,2013,,,,,,,,74.2,233.650196473593,38403.7777145477,3.10155262780289,4.33799342105267,3.4,60.493,100.0,,,7178900.0
"Hong Kong SAR, China",HKG,2014,96.1476401182356,96.2656860790006,96.0050513206037,94.0363528391983,88.9910736167887,97.3068255698709,92.710738155912,79.8662704309064,231.702338725003,40315.3739510191,2.76241378329884,4.42364532019699,3.296,60.326,100.0,,,7229500.0
"Hong Kong SAR, China",HKG,2015,,,,,,,,84.9483529634062,227.03653842734,42432.1619740441,2.38780116013344,2.99084819322581,3.314,60.465,100.0,,,7291300.0
"Hong Kong SAR, China",HKG,2016,,,,,,,,87.47941467087,237.377770818344,43734.1980702999,2.17544820327555,2.40930743862224,3.392,60.397,100.0,,,7336600.0
"Hong Kong SAR, China",HKG,2017,95.2832588698892,94.7024235727527,95.9928221666471,92.3735489416118,87.966008514451,96.4017268144165,87.0591996972445,89.4159446487565,247.078996858382,46160.429791493,3.79610937243891,1.49387243939522,3.124,60.466,100.0,,,7393200.0
"Hong Kong SAR, China",HKG,2018,,,,,,,,90.5073953294283,266.34009236007,48537.5668888343,2.84690922660509,2.40613432046534,2.805,60.647,100.0,,,7452600.0
"Hong Kong SAR, China",HKG,2019,,,,,,,,91.7434003891587,286.618647834243,48359.0011950597,-1.67242865968056,2.88320853773996,2.917,59.995,100.0,,,7507900.0
"Hong Kong SAR, China",HKG,2020,,,,,,,,92.41313602,291.916274990037,46109.2299946609,-6.54479640529367,0.2509620210808,5.808,58.975,100.0,,,7481000.0
"Hong Kong SAR, China",HKG,2021,97.801244380349,98.1886072222839,97.3316204636794,96.4630769104023,88.8805118740581,98.9142714732189,96.1359607847227,93.08715788,319.852066930488,49770.5642374739,6.45443038333934,1.56875834445922,5.174,58.744,100.0,,,7413100.0
"Hong Kong SAR, China",HKG,2022,,,,,,,,95.61357052,292.80765987826,48825.0272275805,-3.68528359281325,1.88136707196853,4.318,57.851,100.0,,,7346100.0
"Hong Kong SAR, China",HKG,2023,,,,,,,,95.97781908,319.493898344345,50525.1119312663,3.15034461759902,2.09660511249089,2.949,57.216,100.0,,,7536100.0
"Hong Kong SAR, China",HKG,2024,97.3080247282368,96.7510977577504,97.9944921224797,93.7664847121074,95.9277865060906,97.4437409345506,93.4275524548894,95.75536971,364.848981963231,54274.7547767073,2.62936861207362,1.72972119105914,2.988,56.838,100.0,,,7524100.0
Hungary,HUN,2011,72.6743206569059,73.0622057475737,72.2140761490061,67.8318754694244,51.0157496208996,76.3521023117322,46.3441527676202,68.0199878861296,117.526065994308,14211.460557822,1.91670916599742,3.9299209893507,11.029,52.234,69.4779934082031,,29.2,9971727.0
Hungary,HUN,2012,,,,,,,,70.579998153838,116.767825095297,12950.1594488143,-1.33948446518181,5.65214517088646,11.003,52.869,69.5772326660156,,30.8,9920362.0
Hungary,HUN,2013,,,,,,,,72.6439,117.200126277309,13739.4620151401,2.03216990678146,1.73319984983101,10.177,53.523,69.9277636266638,,31.5,9872734.0
Hungary,HUN,2014,72.2568273601633,72.4983516729745,71.9801677161065,66.5746803019163,50.6808135260074,75.8349195405032,44.9749330743172,75.6531974544103,118.895659080821,14352.501883174,4.33435364113967,-0.227566270988219,7.725,55.011,70.3071053512008,,30.9,9833038.0
Hungary,HUN,2015,,,,,,,,72.8347370323805,100.623739037612,12782.9412577973,3.65981615406955,-0.0616446800641672,6.813,56.212,70.4847717285156,,30.4,9797755.0
Hungary,HUN,2016,,,,,,,,79.2594121273057,101.442011503556,13215.8605277789,2.43864141309342,0.394769306686392,5.115,57.297,70.4733810424805,,30.3,9759755.0
Hungary,HUN,2017,74.9449653147576,72.157522957804,78.1625656875111,67.6696557986044,60.0871872327656,77.1302049817799,55.8292557281771,76.7505471201922,101.629260697653,14736.1668157258,4.12418389451805,2.34824281150154,4.156,57.834,70.4542541503906,,30.6,9726756.0
Hungary,HUN,2018,,,,,,,,76.0743606365063,102.737202940663,16605.0570511887,5.60613813768876,2.85024792594646,3.667,58.297,70.4711761474609,,,9706964.0
Hungary,HUN,2019,,,,,,,,80.3716936050482,105.141557934591,17012.8598553199,5.07718495088933,3.33858635382008,3.411,58.472,70.4565277099609,,,9694824.0
Hungary,HUN,2020,,,,,,,,84.77115202,105.981902376717,16386.9308821258,-4.33872540024058,3.32674385766738,4.248,58.446,70.2917327880859,,,9670419.0
Hungary,HUN,2021,88.2187885918565,86.8767212111151,89.7323051202284,81.2454720649375,92.4927793319647,87.674545430195,71.5827391528357,88.64083466,105.137285804787,19030.628130329,7.22291580811137,5.11096534382855,4.021,59.115,70.2059275331413,,,9630932.0
Hungary,HUN,2022,,,,,,,,89.14282688,105.793848314995,18428.028825614,4.15238057779229,14.6081439492433,3.583,59.856,70.1585064243445,,,9605074.0
Hungary,HUN,2023,,,,,,,,91.4500713,105.054424922699,22208.6509820466,-0.817107370513455,17.1249659678737,4.096,60.61,70.2923026891431,,,9592186.0
Hungary,HUN,2024,86.9605630769545,83.709713865767,90.5416666845822,78.8623054417773,96.4328904193122,85.8097233100766,72.4452650984766,93.77898628,104.58063059269,23305.4482514359,0.709070599066038,3.70370370370369,4.5,60.66,70.491825943218,,,9562065.0
Iceland,ISL,2011,,,,,,,,94.8196868008949,107.817332368231,48254.953927254,1.37999669197329,4.0010266434312,7.028,74.187,93.41106112427,,26.8,319014.0
Iceland,ISL,2012,,,,,,,,96.2097995545657,109.747195651429,46594.9869146614,1.16931174934061,5.18589988750698,6.0,74.278,93.514892578125,,26.8,320716.0
Iceland,ISL,2013,,,,,,,,96.5468,109.997066860151,50173.3360061057,3.59695697128252,3.8722792374824,5.376,74.897,93.6166725158692,,25.4,323764.0
Iceland,ISL,2014,,,,,,,,98.1580233097118,112.987310388627,55140.364935793,1.91381613095174,2.04461481539342,4.897,75.968,93.6196716315805,,27.8,327386.0
Iceland,ISL,2015,,,,,,,,98.19999695,116.004435688559,53505.6964079339,3.76859020213645,1.63305558181335,3.979,76.677,93.727919768566,,26.8,330815.0
Iceland,ISL,2016,,,,,,,,98.23999786,119.679414972554,62854.0906407932,6.21808764670307,1.69692761997734,2.978,77.416,93.7822647094726,,27.2,335439.0
Iceland,ISL,2017,,,,,,,,98.2552011867973,116.796155223255,72976.3729990975,3.48506704155555,1.76041559180605,2.742,76.892,93.7718982310092,,26.1,343400.0
Iceland,ISL,2018,,,,,,,,99.0109539916991,116.581078859812,75633.8651351915,4.66077036232377,2.68291768267392,2.704,75.978,93.8526667025487,,26.6,352721.0
Iceland,ISL,2019,,,,,,,,99.5049411693787,114.623232603271,69296.3144361601,1.13821227336888,3.01397179156061,3.507,75.698,93.9770847416131,,26.8,360563.0
Iceland,ISL,2020,,,,,,,,99.5327519,114.939418571031,60127.9393575616,-6.64587810456635,2.84792401518657,5.478,73.555,94.1367102874722,,,366463.0
Iceland,ISL,2021,100.0,100.0,100.0,100.0,100.0,100.0,100.0,99.68701957,117.34255750797,70425.4064277273,5.18057190719905,4.44423970189746,6.029,73.413,94.2108206403841,,,372520.0
Iceland,ISL,2022,,,,,,,,97.58339691,120.114839781678,76376.9599334915,8.85729897856851,8.30875511558912,3.789,74.468,94.1787071228028,,,382003.0
Iceland,ISL,2023,,,,,,,,97.94860077,121.475495280706,82201.2908518078,5.0322597376242,8.73630299937298,3.518,74.748,94.1518261784801,,,385663.0
Iceland,ISL,2024,99.8548358099717,99.7045440269947,100.0,100.0,100.0,99.8275862220331,100.0,98.209198,120.927513243653,85863.1479330343,-1.2828764442695,5.85683849970072,3.6,75.153,94.1819039916522,,,386506.0
India,IND,2011,35.2318385316409,26.4905002133377,43.7370735535776,26.9714503176061,27.3008600228386,38.0260608145423,30.5149222729445,10.07,70.8725652125021,1445.46127486037,5.24131620024293,8.9117933648336,7.609,54.131,31.2746502853309,69.3000030517578,28.8,1261224954.0
India,IND,2012,,,,,,,,11.10000038,67.6263517922249,1429.32199520032,5.45638755164772,9.47899691419793,7.645,53.509,31.5898935604399,69.8279300354369,,1278674502.0
India,IND,2013,,,,,,,,12.30000019,68.3966708179098,1432.84397512195,6.38610640091713,10.0178784746104,7.678,53.364,31.9096789235237,,,1295829511.0
India,IND,2014,53.1415500480136,43.1326096683799,62.7633660713873,43.6106768976089,43.2338984456575,56.811978903214,43.3534072698003,13.5,71.9366825449914,1553.88396075118,7.41022760516977,6.66565671867899,7.656,53.206,32.2288233408821,,,1312277191.0
India,IND,2015,,,,,,,,14.89999962,75.379332347226,1583.99815907985,7.99625378567987,4.90697344127249,7.629,53.031,32.5472990022299,,,1328024498.0
India,IND,2016,,,,,,,,16.5,83.917838213735,1707.50892912243,8.25630550176662,4.94821634062134,7.611,52.852,32.8650780972823,,,1343944296.0
India,IND,2017,79.8753284971461,76.6396327822793,83.0089957378931,77.0829503240223,71.4001548367143,83.0843120310959,75.3695415930049,18.20000076,85.9703537817688,1950.10468280866,6.79538341902422,3.32817337461305,7.626,52.671,33.1821328157539,,,1359657400.0
India,IND,2018,,,,,,,,20.0813000379384,85.5500756367908,1966.25455171679,6.45385134495295,3.93882646691643,7.652,52.482,33.4984353473598,73.6883524760717,,1374659064.0
India,IND,2019,,,,,,,,29.52350044,82.898144918237,2041.42863698585,3.87143694070524,3.72950573539123,6.51,52.284,33.8139578818147,74.8938629973395,,1389030312.0
India,IND,2020,,,,,,,,43.40544313,82.2540479927426,1907.04251637669,-5.77772470687303,6.6234367762853,7.859,51.547,34.1286726088333,75.5270629470344,,1402617695.0
India,IND,2021,77.5291370626274,77.552612718915,77.5072324191018,78.252760418728,67.501931427549,81.3048883600903,75.9045265264345,49.2580986,81.603974311212,2239.61384367482,9.68959249191741,5.13140747176364,6.38,52.522,34.4425517181304,76.0596617430205,,1414203896.0
India,IND,2022,,,,,,,,55.9,80.1818007717416,2279.98145719369,7.6093649776932,6.69903414079858,4.822,53.587,34.7555673994206,76.3199996948242,25.5,1425423212.0
India,IND,2023,,,,,,,,60.25230026,80.5631998772888,2434.44826340989,7.210224629335,5.64914318907925,4.172,54.697,35.0676918424186,81.6999969482422,,1438069596.0
India,IND,2024,89.0248224502547,89.2482328079147,88.8052472379392,86.3166812876253,83.3298881784499,91.1674455308,87.0775161460382,64.9434967,79.3526921826412,2591.9916607122,7.09927893176518,4.95303550973661,4.173,55.639,35.3788972368389,78.1625330351403,,1450935791.0
Indonesia,IDN,2011,19.5819907600545,19.2075357266267,19.967238368317,10.9731361366345,12.8239230536841,21.7098268676899,10.1885902496896,12.28,100.134519965107,3579.46442466152,6.16978420771008,5.35604849112582,5.153,66.913,50.4830017089844,92.8099975585938,37.9,249470032.0
Indonesia,IDN,2012,,,,,,,,14.52,111.581048999,3632.27254030331,6.03005065305615,4.2795142691943,4.468,67.416,51.1593933105469,,37.1,252698525.0
Indonesia,IDN,2013,,,,,,,,14.94,122.424816798816,3566.60284506078,5.5572636889101,6.41249457900391,4.336,66.757,51.8307495117188,,38.9,255852467.0
Indonesia,IDN,2014,36.0589893131595,37.4640342002825,34.6179270377022,22.1340113682287,35.1662077990456,36.3241602912586,15.7842769548307,17.1431598350566,125.767185647597,3441.06808464008,5.006668425755,6.39492882396559,4.049,66.624,52.5002136230469,95.120002746582,38.8,258877399.0
Indonesia,IDN,2015,,,,,,,,22.062742603379,129.468797674053,3288.22269725538,4.87632230022123,6.36312061196646,4.514,66.578,53.1720771789551,95.2200012207031,38.2,261799249.0
Indonesia,IDN,2016,,,,,,,,25.447353701827,145.704251250337,3521.46943457574,5.03306918280177,3.52580452815451,4.301,66.314,53.812557220459,95.379997253418,36.9,264627418.0
Indonesia,IDN,2017,48.8574509277817,51.3549180701461,46.2457164450417,36.5957609692358,46.7655148324562,49.4974697474652,33.5980335311386,32.335806250688,162.782511760443,3798.88326174526,5.06978590134916,3.80879857691949,3.783,66.694,54.4541015625,,36.4,267346658.0
Indonesia,IDN,2018,,,,,,,,39.9046386385762,118.330216938024,3860.95353090726,5.17429153955024,3.19834755924996,4.387,67.652,55.0956840515137,95.6600036621094,36.3,269951846.0
Indonesia,IDN,2019,,,,,,,,47.6906489788375,125.244348145809,4106.94856160358,5.01928768046282,3.03058460941661,3.59,68.238,55.7382049560547,,35.4,272489381.0
Indonesia,IDN,2020,,,,,,,,53.72649449,129.40362112725,3853.70288774146,-2.06551182934165,1.91983527270793,4.255,67.401,56.2785287648768,96.0,35.3,274814866.0
Indonesia,IDN,2021,51.755324070215,52.3045226846809,51.1815183029848,46.9313820280419,54.6388887284151,50.9529945813705,40.4920801093323,62.10447842,132.199444256099,4287.17313995098,3.70288562827751,1.56007882983334,3.827,65.868,56.8761702464027,,35.5,276758053.0
Indonesia,IDN,2022,,,,,,,,66.48461277,122.873012230307,4730.83484836107,5.30719722664799,4.20946463714784,3.462,67.018,57.4934704226599,,35.5,278830529.0
Indonesia,IDN,2023,,,,,,,,69.20836554,125.238194847046,4876.2992959843,5.04883117855516,3.66938654859761,3.308,67.899,58.1179353397878,,36.1,281190067.0
Indonesia,IDN,2024,56.3278493718021,58.0308451514518,54.6388118836053,48.4188044924569,61.9926628375153,54.7250176559799,37.6382055660655,72.78075544,122.514946500491,4925.43644992666,5.03257477088519,2.18151273615189,3.301,67.927,58.7509635387997,,34.9,283487931.0
"Iran, Islamic Rep.",IRN,2011,73.683851106327,61.8765134621726,85.1674522437996,67.5124371822983,67.94224850483,76.0375003463838,64.9461489831707,19.0,71.4983841389879,8025.68743364356,2.6457179180628,26.2933856738608,12.491,40.616,71.204050944517,83.5199966430664,34.7,78383598.0
"Iran, Islamic Rep.",IRN,2012,,,,,,,,22.73,73.2734207057577,8114.08099831877,-3.74717139864109,27.2568127242908,12.275,41.768,71.7633634041294,83.629997253418,34.4,79370580.0
"Iran, Islamic Rep.",IRN,2013,,,,,,,,29.95,81.1371930246672,6222.74194840326,-1.52197920494184,36.6030355191029,10.595,41.15,72.3030873515412,84.629997253418,34.0,80414686.0
"Iran, Islamic Rep.",IRN,2014,92.2802532699244,87.3226448828852,97.1384099424601,89.8988692429949,88.5721582274873,93.4526285767484,90.8829694606188,39.353614505223,84.5268986808859,5672.06372896319,4.98477506709476,16.6065532357449,10.68,40.889,72.8324070385223,84.7099990844727,34.8,81502045.0
"Iran, Islamic Rep.",IRN,2015,,,,,,,,45.3349761533285,89.8322296412795,4952.73355532178,-1.42488493937503,12.4846815611533,11.166,41.941,73.3561403575949,85.283432659187,35.3,82619362.0
"Iran, Islamic Rep.",IRN,2016,,,,,,,,53.2267716709857,96.0721972454902,5710.59947089104,8.8150866425182,7.24542548952979,12.618,43.165,73.8796100096595,85.5400009155273,35.9,83812228.0
"Iran, Islamic Rep.",IRN,2017,93.9819167043946,91.6112578504542,96.451763770168,93.2458434719496,92.2798780046483,94.5898285127984,90.3630139362802,64.0439736249513,102.375956866471,6000.93346404409,3.02685468694025,8.04492437660278,12.232,44.235,74.4011840820312,85.9467906933665,36.7,85026754.0
"Iran, Islamic Rep.",IRN,2018,,,,,,,,70.2005650008363,103.024273741245,4783.01067340237,-3.74796015711334,18.0141183371874,12.195,44.39,74.8034286499023,86.8688350894209,37.4,86117998.0
"Iran, Islamic Rep.",IRN,2019,,,,,,,,72.4509047672065,135.622267599115,3997.4935449585,-2.36143538770575,39.9073455697784,10.74,44.027,75.2038879394531,87.3788306734933,36.5,87051648.0
"Iran, Islamic Rep.",IRN,2020,,,,,,,,75.56986637,145.485569917724,3202.50003502169,4.44180865358672,30.5941390387295,9.687,41.359,75.5986404418945,87.9028264049083,35.8,87723443.0
"Iran, Islamic Rep.",IRN,2021,89.9846708281017,85.0800160707079,94.8362972325285,87.395508271581,84.6737561527555,91.7385942708366,83.8635410869775,78.5957366,153.624638869213,4605.14881318992,4.13089685034471,43.3890162681514,9.282,41.043,75.9926376342773,88.4555944977134,35.5,88455488.0
"Iran, Islamic Rep.",IRN,2022,,,,,,,,81.71649933,162.712943709127,4721.20437099984,4.35281087521344,43.4884641742179,9.085,40.562,76.3342208862305,88.5942297159365,34.8,89524246.0
"Iran, Islamic Rep.",IRN,2023,,,,,,,,83.71050262,166.279821209677,5049.29931642754,5.33235116079808,44.5791857572797,8.129,41.517,76.6759567260742,88.9168161136597,35.9,90608707.0
"Iran, Islamic Rep.",IRN,2024,91.0610044635676,86.7880629225257,95.3254505893739,86.8646774136072,91.7657599632166,90.8758715417468,83.5549189709626,85.3404007,174.066388972063,5190.16959024821,3.66312057949303,32.455871402917,8.146,41.266,77.0201263427734,,,91567738.0
Iraq,IRQ,2011,10.5537448910017,7.54766811298463,13.477485379613,6.69749031266951,7.06174237087178,11.8395863668588,7.56307196826031,5.0,79.346611020706,5775.54229080293,7.546471200426,5.6040514426601,8.193,41.132,69.1252233869916,,,32161424.0
Iraq,IRQ,2012,,,,,,,,7.099999905,79.5011903487766,6477.59618450955,13.9364301737537,6.0890964159516,7.965,40.987,69.2222213745117,77.1999969482422,29.5,33654842.0
Iraq,IRQ,2013,,,,,,,,9.199999809,91.9732728220056,6650.35282247395,7.62828592298754,1.87949800749416,9.222,41.956,69.444450378418,,,35281989.0
Iraq,IRQ,2014,10.9723490698232,7.43860529635247,14.5700627877416,8.42860984303043,8.64324098731303,12.0245126495848,9.35567951144514,11.6453267304545,90.2871319578445,6249.39226978969,2.26368817563613,2.23597407904726,10.59,42.93,69.6666641235352,82.1999969482422,,36550059.0
Iraq,IRQ,2015,,,,,,,,15.21440029,89.3464376905175,4440.14189252367,2.60676642939541,1.39333028780268,10.865,43.04,69.920524597168,,,37560535.0
Iraq,IRQ,2016,,,,,,,,19.87719917,86.9439155206782,4334.42096404188,13.7873730187089,0.556521397155548,10.82,43.15,69.9123778259643,83.3000030517578,,38469627.0
Iraq,IRQ,2017,22.6651525406859,19.5048213564375,25.821572819965,18.6932908329445,14.8581639749798,25.8025456649671,19.1060839195798,25.96920013,84.9464629712121,4759.2846435467,-1.81975035118309,0.184058898847553,13.02,41.89,69.8944511190753,85.5999984741211,,39337353.0
Iraq,IRQ,2018,,,,,,,,33.92810059,90.7159740030354,5646.68932074742,2.63385099105624,0.367441488936828,13.458,41.244,69.8765148865842,,,40265624.0
Iraq,IRQ,2019,,,,,,,,44.3263465511579,90.3685290100393,5671.8568632942,5.5137905789381,-0.198965380023882,14.096,40.522,69.8683395385742,,,41192171.0
Iraq,IRQ,2020,,,,,,,,53.67779922,88.9799284628949,4295.18945121228,-12.0367930960454,0.574162679425856,15.766,40.307,69.8683166503906,,,42116605.0
Iraq,IRQ,2021,18.5652818204679,14.8905592479774,22.2142877806895,14.4329294970127,12.4935970269494,21.4200680985163,15.4766679006905,65.00219727,94.6092832170426,4868.49431080783,1.5021807095434,6.04186489058043,16.173,39.663,69.8682708740234,84.0648941705243,,43071211.0
Iraq,IRQ,2022,,,,,,,,78.71560926,99.1323661916548,6520.73154560584,7.95904804990212,4.9947659638103,15.41,41.478,69.8682861328125,,,44070551.0
Iraq,IRQ,2023,,,,,,,,81.80889893,101.388721479182,5965.31835077761,0.517705525140073,4.35835351089595,15.239,41.628,69.868278503418,,29.8,45074049.0
Iraq,IRQ,2024,30.1610517779513,18.8101424848699,40.7785224794308,20.2214445724835,29.9052578296779,30.2429261016907,19.8681618947349,81.47450256,100.080276677726,6073.61032342708,-1.54525198319173,2.6116961151764,15.293,41.556,69.8861494108913,,,46042015.0
Ireland,IRL,2011,93.8883535262303,92.2002881693837,95.7424079207534,93.0804292195578,88.082463372027,95.3337481249972,83.1966548144001,74.8899729670944,107.134899495633,52613.8540355689,1.60886648916944,2.5489783020855,15.354,61.927,62.0872735820277,,32.9,4580084.0
Ireland,IRL,2012,,,,,,,,76.919992540097,108.989828987516,49335.8408099555,-0.40502941658977,1.69474116680366,15.451,61.589,62.2529318511038,,33.2,4599533.0
Ireland,IRL,2013,,,,,,,,78.2477,105.53780299895,52537.6108648692,2.1929375750029,0.515099484900573,13.735,61.905,62.4047157756118,,33.5,4623816.0
Ireland,IRL,2014,94.7101387446119,94.7685410022348,94.6511545421356,92.2543059836968,90.9452371358201,95.4432530495954,70.9669078270679,83.4917223351728,105.460883393918,57214.5379785709,9.38579335130922,0.190916398713745,11.858,61.705,62.535401730577,,31.9,4657740.0
Ireland,IRL,2015,,,,,,,,83.4947916666667,104.242903808134,64250.1385181257,24.6239856364006,-0.330959783371788,9.908,61.779,62.6392123492764,,31.8,4701957.0
Ireland,IRL,2016,,,,,,,,83.5,102.558386941167,64129.5571542383,1.22271661130947,0.0201247735963237,8.374,62.119,62.7229399123734,,32.8,4762722.0
Ireland,IRL,2017,95.340452880846,95.3070379534168,95.3754012187358,92.9394005898772,83.7476880163806,97.5584885987443,84.2367488490049,84.1140070623844,101.842124574945,72161.4047531385,10.1088576065965,0.362173038229378,6.713,61.921,62.9035196521232,,31.4,4827445.0
Ireland,IRL,2018,,,,,,,,87.0001401148942,102.030494877842,80804.1123164826,7.68865937437435,0.471130713712916,5.741,62.142,63.0844503476779,,30.6,4898022.0
Ireland,IRL,2019,,,,,,,,87.0000552425146,104.597515228061,81827.6688873996,4.97288003766816,0.937842961189274,4.95,62.312,63.2737009154127,,30.3,4976456.0
Ireland,IRL,2020,,,,,,,,91.99989097,105.045612677382,86514.0706108754,7.15369505735335,-0.326183651280033,5.623,61.09,63.4713366724915,,29.2,5039747.0
Ireland,IRL,2021,99.6633988421918,99.5347901476089,99.7965653823774,99.2868411515215,100.0,99.6092429196717,100.0,93.50610352,106.86972424373,103783.446284479,16.2581881158197,2.34034113447044,6.357,63.546,63.6774229356985,,29.4,5110585.0
Ireland,IRL,2022,,,,,,,,95.03690338,110.608851322579,105190.685952731,7.51113888415304,7.82945736434105,4.465,64.444,63.8920250215059,,29.9,5212836.0
Ireland,IRL,2023,,,,,,,,96.8660965,110.798344311602,106818.917130804,-2.53637409313261,6.29942487419125,4.243,66.184,64.1152082461268,,29.0,5311538.0
Ireland,IRL,2024,98.2929182250875,96.9297997806724,99.6508190397291,99.0245742017698,98.5196119369697,98.2569981731267,92.9210412523047,97.18769836,112.638817343502,112894.953240805,2.59946721553708,2.11344999577317,4.3,65.014,64.3470379255585,,,5395790.0
Isle of Man,IMN,2011,,,,,,,,,,77808.8579649376,1.99999938207415,,,,52.0246324097527,,,84382.0
Isle of Man,IMN,2012,,,,,,,,,,79329.2034347434,7.30389108511717,,,,52.0555317322629,,,84335.0
Isle of Man,IMN,2013,,,,,,,,,,83207.6588430451,4.14186158753493,,,,52.0804107092926,,,84141.0
Isle of Man,IMN,2014,,,,,,,,,,91885.4528718026,5.15509983748599,,,,52.0997913403899,,,83892.0
Isle of Man,IMN,2015,,,,,,,,,,84753.5187422732,-0.385866882198087,,,,52.1164840474526,,,83593.0
Isle of Man,IMN,2016,,,,,,,,,,82025.9454509241,6.95230284899407,,,,52.1331532169475,,,83466.0
Isle of Man,IMN,2017,,,,,,,,,,83481.3038489014,2.83775807093689,,,,52.1498415744309,,,83609.0
Isle of Man,IMN,2018,,,,,,,,,,89393.8244248812,2.2133975392251,,,,52.1651893864538,,,83805.0
Isle of Man,IMN,2019,,,,,,,,,,87127.5517977404,0.254877847398262,,,,52.1789898247578,,,83957.0
Isle of Man,IMN,2020,,,,,,,,,,79513.5330346598,-8.83681697473475,,,,52.1909519786866,,,84064.0
Isle of Man,IMN,2021,,,,,,,,,,94299.969348965,3.83783632334639,,,,52.1999559660634,,,84106.0
Isle of Man,IMN,2022,,,,,,,,,,88328.548125887,-4.16847722466753,,,,52.1955609162662,,,84132.0
Isle of Man,IMN,2023,,,,,,,,,,90015.2074234398,-2.03524496955581,,,,52.1832571730182,,,84165.0
Isle of Man,IMN,2024,,,,,,,,,,,,,,,52.1633405796294,,,84160.0
Israel,ISR,2011,90.4686393837703,92.4381832210362,88.4042467781468,84.4317506095418,73.7456097034939,95.2296813139511,91.1286053295938,68.8738779907441,123.142439797067,34476.7252065949,5.51341969081251,3.48837209302323,7.139,63.036,91.7304024673781,,41.5,7765800.0
Israel,ISR,2012,,,,,,,,70.8,121.257449610793,33268.7066672115,2.40993765217618,1.67553715750052,6.762,65.26,91.7276502819515,,41.3,7910500.0
Israel,ISR,2013,,,,,,,,70.250311945,122.590468216873,36980.622214228,4.09013743330735,1.58976347421476,6.137,65.111,91.7227831465406,,39.9,8059500.0
Israel,ISR,2014,89.9527757682962,90.0166810572932,89.8858825024287,85.0693239296965,67.3444326533261,96.0639308479265,83.6919667141108,75.0177531628076,120.296120931284,38265.3651949373,3.718144149431,0.467557251908503,5.789,65.62,91.7151980935716,,39.8,8215700.0
Israel,ISR,2015,,,,,,,,77.3520896572253,131.256932278377,36138.13561386,2.23599889603805,-0.617342577642765,5.176,65.55,91.7042921554705,,39.7,8380100.0
Israel,ISR,2016,,,,,,,,79.6531241815281,128.745353991867,37571.2561196275,4.53601939236572,-0.535168195718695,4.723,65.635,91.6894623646632,,39.0,8546000.0
Israel,ISR,2017,92.8149668417564,93.7003823820816,91.8948513082919,85.6901156365346,70.2838903875254,98.8747192931769,88.2924391910588,81.5811835871611,126.049460421008,41013.2575323519,4.34394518932547,0.249807840123008,4.14,65.491,91.6701057535759,,38.2,8713300.0
Israel,ISR,2018,,,,,,,,83.7331569615326,125.733440171505,42269.3770257585,4.05349952888294,0.805060379528526,3.917,65.432,91.6456193546346,,38.6,8882800.0
Israel,ISR,2019,,,,,,,,86.7878776180583,135.143345507015,44091.8678022544,3.57898762923605,0.817645940292794,3.731,64.996,91.6154002002652,,38.3,9054000.0
Israel,ISR,2020,,,,,,,,90.12734091,139.425860895034,44590.8237253282,-1.80206927953466,-0.575254620897756,4.169,63.406,91.5788453228939,,37.8,9215100.0
Israel,ISR,2021,92.9252212375394,91.9317835036602,93.9650427519386,89.0240294471969,71.0486494159396,98.5968240860472,62.7565678500138,90.29689758,139.775312861878,52258.4693499398,9.33534690236249,1.47965474722561,4.812,63.319,91.5353517549466,,37.9,9371400.0
Israel,ISR,2022,,,,,,,,91.85079615,151.1379631075,54947.2091250715,6.36407234798706,4.41162725488371,3.695,64.738,91.4979834273327,,38.3,9557500.0
Israel,ISR,2023,,,,,,,,87.03842615,153.336641345572,52126.4489280033,2.06272504731618,4.22522603168918,3.371,65.055,91.5089569794505,,,9849000.0
Israel,ISR,2024,89.2691974119826,88.0997205658934,90.4755385428348,80.3519531382311,57.4471602104485,97.7244734083653,70.5506295977132,88.18242225,177.393104798636,54216.5218142787,0.953618469238535,3.07480889805025,3.595,65.494,91.536188843818,,,10002200.0
Italy,ITA,2011,71.0085305189943,64.3453550424691,79.1312062321013,62.352106971342,31.7547315453386,76.5545693615754,64.2558049576409,54.3899983018814,159.092737727414,38432.3742820019,0.695463154440176,2.78063272879323,8.359,47.882,68.4015073889511,98.8499984741211,35.1,60026841.0
Italy,ITA,2012,,,,,,,,55.829997993283,160.558717223582,34854.3949441965,-3.12523877282996,3.04136333226775,10.655,48.809,68.7608794235259,,35.2,60191247.0
Italy,ITA,2013,,,,,,,,58.4593,159.698153133449,35701.6746002376,-1.81802510749792,1.21999342274306,12.149,48.494,69.3073989916076,,34.9,60311613.0
Italy,ITA,2014,87.3345770658458,83.1596309710904,91.8693734667635,82.6279775402937,60.7976313413954,91.4782051957825,79.482184976282,55.6384602242293,148.21699121216,36028.3494022349,-0.00138761730454462,0.241047429826756,12.683,48.731,69.5807638614879,,34.7,60320707.0
Italy,ITA,2015,,,,,,,,58.1417349568747,144.763979440074,30639.8829751432,0.885667635240807,0.0387903996579733,11.896,48.621,69.6100006103516,,35.4,60229605.0
Italy,ITA,2016,,,,,,,,61.3242527666303,142.127307324616,31391.5692898108,1.23622108511661,-0.09401665691575,11.688,49.164,69.5969232525286,,35.2,60115223.0
Italy,ITA,2017,93.7850200329756,91.6244344343719,96.1354574056606,90.631094260513,63.9096204428941,97.6588893564708,92.0082215667313,63.0773469984291,138.882433107903,32844.115660604,1.60369995294101,1.22653316645812,11.211,49.501,69.5180784259382,,35.9,60002252.0
Italy,ITA,2018,,,,,,,,74.3871829234822,138.264671531909,35062.3364176949,0.826646712344115,1.13748763600391,10.538,49.621,69.4800033569336,,35.2,59877221.0
Italy,ITA,2019,,,,,,,,67.8507102874836,132.181234381376,33812.788724868,0.429162533780342,0.611246943765304,9.884,49.589,69.5050010681153,99.3499984741211,34.6,59729081.0
Italy,ITA,2020,,,,,,,,70.48342785,129.49000571147,32091.4866621366,-8.86822122185345,-0.13770757391651,9.192,48.218,69.5187492370606,,35.2,59438851.0
Italy,ITA,2021,97.2945565478995,97.0916020313244,97.4834100310657,94.7910261439191,82.7701974450461,99.0681227017541,97.2532463653889,74.8623274,130.781488497698,36852.5425414951,8.93106210800055,1.87378325762481,9.497,48.443,69.4812507629394,,34.8,59133173.0
Italy,ITA,2022,,,,,,,,85.06074504,131.673965640047,35653.9042103495,4.82117669913565,8.20128991161718,8.069,49.034,69.4839779766539,,33.7,59013667.0
Italy,ITA,2023,,,,,,,,87.0278292,131.871674517747,39279.699782164,0.922796543670316,5.62219442195901,7.627,49.8,69.5381540123301,,34.3,58984216.0
Italy,ITA,2024,86.0191093278992,79.7946783289735,92.6338802740803,82.1215678248643,57.3500603966495,89.6476719100621,74.5881587033891,89.2207202,132.575141676252,40429.6224047352,0.783039135276795,0.982373023061417,6.5,49.588,69.6047535143071,,,58952704.0
Jamaica,JAM,2011,70.9915017921418,67.1225447453829,75.0734634247333,62.0443975892806,62.9842058172249,73.4083586946803,60.0403392822148,37.438613414848,106.698112729098,5232.63644918132,1.73037627006349,7.555856465809,8.034,60.816,53.956586109128,,,2760494.0
Jamaica,JAM,2012,,,,,,,,33.79,97.9262957044903,5340.83333232158,-0.613636042132399,6.87397708674309,8.695,60.731,54.2478817703732,,,2772430.0
Jamaica,JAM,2013,,,,,,,,37.1,102.24554700295,5124.21301411137,0.517686011311724,9.34150076569673,9.698,61.843,54.548819811983,,,2783687.0
Jamaica,JAM,2014,78.4582069674718,77.7620201327324,79.1964432742182,69.2284484311861,73.3630877917199,80.0218129196433,70.4865114335101,40.4027351046672,107.579098909745,4975.11325459872,0.689822359762587,8.27407886231419,9.046,62.549,54.8660395670395,,,2793749.0
Jamaica,JAM,2015,,,,,,,,42.2212211907441,111.942013905986,5339.30718256806,0.92148712399856,3.69154228855725,8.825,65.496,55.1995248014924,,,2802534.0
Jamaica,JAM,2016,,,,,,,,44.3668563671334,116.279104528073,5302.29553353854,2.76043761369557,2.35102197485846,8.634,64.922,55.549259277615,,,2809915.0
Jamaica,JAM,2017,,,,,,,,55.0720670507751,109.782709062265,5605.43541173019,2.29303371291363,4.37839864991561,7.399,65.674,55.9152267548307,,,2815764.0
Jamaica,JAM,2018,,,,,,,,68.2145170876072,105.137305560766,5976.90362644337,2.51584458612513,3.73663882152163,5.47,65.484,56.297410990325,,35.3,2820097.0
Jamaica,JAM,2019,,,,,,,,70.8410169743356,107.105304450051,6030.68896415921,1.80943147301357,3.90510000865872,4.987,66.967,56.6957957395074,,,2823271.0
Jamaica,JAM,2020,,,,,,,,76.38400269,101.50208125864,5299.04530804283,-8.30441923583135,5.2267777929352,6.501,64.834,57.1103647563627,,,2830739.0
Jamaica,JAM,2021,73.3003615105011,71.5532326995049,75.1055910739837,67.6887024442591,75.361405240673,72.7356399745355,59.9446186388182,82.36071561,102.38666630017,5625.67806271236,5.70467978309095,5.86278242801063,5.188,65.694,57.5411017937226,,39.9,2837682.0
Jamaica,JAM,2022,,,,,,,,85.84329987,105.762018411183,6626.47502388538,6.43930323656186,10.3495688391272,4.083,67.654,57.9879906034775,,,2839144.0
Jamaica,JAM,2023,,,,,,,,89.47304282,115.092228780619,7542.39855849054,2.74634433906714,6.47413734662063,3.022,69.469,58.4510149367429,,,2839786.0
Jamaica,JAM,2024,,,,,,,,90.10870361,117.693907561175,7753.8119527678,-0.535039063867487,5.41194447981659,3.151,69.443,58.9301585439922,,,2839175.0
Japan,JPN,2011,96.4220483126666,96.8449069152696,95.9715949674956,95.300561612279,85.8536831766302,97.94605264935,89.5660789565888,79.0541135244739,103.641547955059,49122.077634247,-0.20035785332982,-0.27245561610124,4.55,59.249,90.8631654434251,,33.0,127833000.0
Japan,JPN,2012,,,,,,,,79.4964,110.319058838317,49626.6830327571,1.64893452981225,-0.0440645104432602,4.358,59.012,91.0265277326652,,32.5,127629000.0
Japan,JPN,2013,,,,,,,,88.219428911,115.787169243408,41369.1948479498,1.99727653399265,0.335037912184741,4.038,59.245,91.1516595654317,,31.5,127445000.0
Japan,JPN,2014,96.6455822293813,97.0154546547158,96.2365380884654,96.9743001250244,81.5084360592904,98.4530491861722,83.6599779712942,89.1068330166075,123.822099584501,39172.8471161948,0.905915486065865,2.75922671353253,3.589,59.443,91.2548945132333,,31.3,127276000.0
Japan,JPN,2015,,,,,,,,91.0580283929962,126.150959704287,35664.6446110613,1.79997735783475,0.795279630579839,3.385,59.499,91.3532644103625,,30.7,127141000.0
Japan,JPN,2016,,,,,,,,93.1827212821617,131.214861037498,40214.9688631562,0.704986495111257,-0.127258844489754,3.132,59.986,91.4541254852142,,31.8,127076000.0
Japan,JPN,2017,98.2433920065994,98.0646741395869,98.4573562924342,97.5399309943583,86.6675942158751,99.2393102365105,91.4313391532174,91.7265472366635,135.985843116605,39679.8635262948,1.62345062245441,0.484199796126385,2.822,60.444,91.5498419685883,,31.8,126972000.0
Japan,JPN,2018,,,,,,,,88.7463508901772,141.728728918149,40645.478086519,0.834143845965585,0.989094598021848,2.467,61.446,91.6377318609728,,32.9,126811000.0
Japan,JPN,2019,,,,,,,,92.7303978145525,147.209910756974,41424.8655601543,-0.308496921143259,0.46877615938395,2.351,62.008,91.7164207898107,,33.0,126633000.0
Japan,JPN,2020,,,,,,,,90.21945812,154.432206765516,41098.9739004553,-4.28327942675573,-0.024995834027731,2.809,61.947,91.7809926267889,,32.3,126261000.0
Japan,JPN,2021,98.4894200399726,98.8416283825373,98.1156161827949,98.4676064509267,90.2280328147491,99.4590112921865,94.0950697950197,82.91407928,159.516123485628,41580.739040705,3.56419531474475,-0.233352779398264,2.808,62.053,91.8741049279527,,,125681593.0
Japan,JPN,2022,,,,,,,,84.92343147,168.602943650636,35548.2645222433,1.33164750653741,2.49770278172255,2.614,62.502,91.9776532428406,,,125124989.0
Japan,JPN,2023,,,,,,,,85.00990295,178.432441299977,35215.003535366,0.720785304749811,3.26813365933163,2.6,62.9,92.0826903891473,,,124516650.0
Japan,JPN,2024,98.5235592091779,98.723135316154,98.3131609217015,97.6785123935915,97.3861999475278,98.6555531731399,97.5868079174503,85.54153081,,33797.1014287876,-0.240084236041696,2.73853681635241,2.5,63.3,92.1901718034531,,,123975371.0
Jordan,JOR,2011,25.4710971514235,17.3577027739126,33.6704244054076,13.0546131425587,11.4777111706986,34.8447194938657,15.9279098125802,34.9,100.02856789936,4363.42800211536,2.90729315392207,4.1624416292779,12.9,39.0,83.5505043825064,95.9000015258789,,7480424.0
Jordan,JOR,2012,,,,,,,,37.0,118.414414309923,4593.83609729005,2.40465716535539,4.5152295667099,12.2,38.0,84.9592629639423,97.8899993896484,,7587127.0
Jordan,JOR,2013,,,,,,,,41.4,129.056838070079,4739.02253641778,2.72311205964112,4.82462314269537,12.6,37.1,86.4627110188335,,,7991809.0
Jordan,JOR,2014,24.6159099066182,15.5295070867674,33.3144947537588,16.3352547227297,12.4092004930098,31.845900702131,18.2271739224297,46.2,126.168902295458,4610.60460269382,3.32287328047509,2.89947905006057,11.9,36.4,88.0371754329978,,,8791710.0
Jordan,JOR,2015,,,,,,,,54.22000122,144.561128974956,4441.61896013754,2.52261671092148,-0.876851359704049,13.075,37.659,89.8881391939133,,,9544729.0
Jordan,JOR,2016,,,,,,,,56.15000153,98.1219857316846,4366.06999647268,2.11166806967252,-0.778430463054142,15.275,38.935,90.56272794707,,,10006367.0
Jordan,JOR,2017,42.4930235275587,26.6133895846271,56.2812776280982,32.8801993185689,25.2113145093571,51.3093495558169,37.0707902590285,64.5,94.8121235548248,4449.34618076611,2.50770398070352,3.32389447576097,18.12,40.226,90.8764609714428,,,10234226.0
Jordan,JOR,2018,,,,,,,,65.2,83.4592297338656,4533.97658437205,1.85383415616927,4.46231108475481,18.257,39.176,91.2008859099729,95.4300003051758,,10462306.0
Jordan,JOR,2019,,,,,,,,70.08470154,72.8902684631993,4557.79334729121,1.85633006592765,0.761514047265601,16.801,39.242,91.515966492507,,,10671891.0
Jordan,JOR,2020,,,,,,,,78.4178009,64.3142601333354,4411.48321838396,-1.15257534158022,0.333294350628378,19.213,39.947,91.8216722992319,,,10865228.0
Jordan,JOR,2021,47.1196643097766,34.0620291622273,58.6009095552294,37.0123856483054,28.6884423067671,53.2068896643948,38.7134641698401,85.999997,65.7448847660422,4581.71967230365,3.75201276755828,1.34609377243118,19.837,38.67,92.117972910453,,,11066356.0
Jordan,JOR,2022,,,,,,,,90.4999984,67.7457074341635,4754.41362207378,2.7468615450031,4.22915568897117,18.2,38.555,92.4048379066163,,,11256263.0
Jordan,JOR,2023,,,,,,,,92.53443944,67.545678186078,4906.23543006639,3.12900102017251,2.08486986327134,16.62,40.123,92.682236868336,94.8499984741211,,11439213.0
Jordan,JOR,2024,46.4573138115455,36.2234645848992,55.9196759817473,35.7152731126413,29.2483474339461,55.317801660492,37.8853728938152,95.62244985,69.6426153972396,5073.92103605892,2.55605891810194,1.55659611283953,16.693,40.006,92.9501393764286,94.4400024414062,,11552876.0
Kazakhstan,KAZ,2011,42.105092298605,43.7328431089715,40.2280707348752,33.6275673263709,26.7453560037492,47.3758305420236,19.7506603006201,50.6,147.90107255349,11287.1464926039,7.40000000144188,8.4529046617679,5.39,70.825,54.3996086425518,,28.0,17066002.0
Kazakhstan,KAZ,2012,,,,,,,,61.9066274652008,174.709434924298,12018.7966527993,4.79999999528297,5.19568369035073,5.29,70.726,54.69208192838,,28.2,17306106.0
Kazakhstan,KAZ,2013,,,,,,,,63.30422443,172.955295992334,13478.459627612,5.99999999671084,5.94283871648418,5.2,70.627,55.0779764821252,,27.1,17556502.0
Kazakhstan,KAZ,2014,53.9074167611571,55.585479220051,52.002460054142,44.7278943903279,31.6073086964324,61.3847039773783,28.0105349144909,66.0,160.502596360577,12427.7094576939,4.20000000566705,6.84944977003358,5.06,70.528,55.5524361787178,,27.0,17816285.0
Kazakhstan,KAZ,2015,,,,,,,,70.82993359566,145.482493555551,10196.1226255982,1.20000000053288,6.67828585615236,4.93,70.429,56.1106048930882,,26.8,18084169.0
Kazakhstan,KAZ,2016,,,,,,,,74.5877264735738,139.051166437953,7475.56688689424,1.09999999910173,14.3610942386248,4.96,70.33,56.7476265001667,,27.2,18363600.0
Kazakhstan,KAZ,2017,58.6975351921172,60.2865501991765,56.8952602136394,48.8058881140531,36.8529530795689,66.051223262879,29.6436204728964,76.4267482325439,143.112796203246,8943.08416791984,4.10000000257358,7.44266321306792,4.9,70.23,57.4586448748837,,27.5,18651931.0
Kazakhstan,KAZ,2018,,,,,,,,78.9039190578816,137.674831523214,9472.48527327758,4.09999999309841,6.16366247577762,4.85,70.13,58.2388038921695,,27.8,18932727.0
Kazakhstan,KAZ,2019,,,,,,,,81.8776204746284,133.879728083238,9457.12614657136,4.50000000091883,5.33356098916669,4.8,70.08,59.0832474269546,,28.0,19209555.0
Kazakhstan,KAZ,2020,,,,,,,,85.94259898,124.698460644703,8781.50797787648,-2.49999999628,6.71815454861458,4.89,69.2,59.9871193541692,,28.7,19482117.0
Kazakhstan,KAZ,2021,81.1084645196623,83.6291847733808,78.2886995212106,82.0833315825674,73.5476907712209,82.704823117903,61.8758413234567,90.9239507,123.943942754522,9983.60103576902,4.29999999729456,8.04147134028401,5.568,69.36,61.030254280267,,29.2,19743603.0
Kazakhstan,KAZ,2022,,,,,,,,92.29685266,125.641583521795,11255.3396437881,3.19999999970734,15.0278644440851,4.86,70.196,61.444157327248,,,20034609.0
Kazakhstan,KAZ,2023,,,,,,,,92.87846096,127.114775212168,12879.4275257974,5.09999999973641,14.5275597825952,4.835,70.401,61.7560919499181,,,20330104.0
Kazakhstan,KAZ,2024,87.0486447464415,85.7420594770372,88.5002867646321,83.3413414717717,68.2685953956478,91.0544065298496,58.0864652855816,93.39167254,127.085151242164,14154.6324958076,4.99999999996936,8.69082156104494,4.833,70.587,62.072531584162,,,20592571.0
Kenya,KEN,2011,42.3434543670765,39.1788059462997,45.6456419128242,19.4351524972522,40.2718556058021,43.5345764436048,19.4357643211881,8.800000191,65.6730161546273,1096.14499807675,5.1211061197056,14.0224913014704,2.699,73.823,31.8673949025409,,,42758461.0
Kenya,KEN,2012,,,,,,,,10.5,70.0226527327794,1285.00536171512,4.56867961444982,9.37777003547598,2.678,73.94,31.8558130142761,,,43888303.0
Kenya,KEN,2013,,,,,,,,13.0,70.7541086893706,1370.87885214659,3.7978483925754,5.71749357037733,2.762,74.057,31.8324454433988,,,44986791.0
Kenya,KEN,2014,74.6578329382712,71.1344795524211,78.6579035966347,63.1689036916755,66.357001579969,78.8519523564681,64.1663781993738,16.5,73.0327455558393,1482.81566253497,5.02011100232484,6.87815499275949,2.767,74.173,31.7931545274563,,,46051440.0
Kenya,KEN,2015,,,,,,,,16.5878548475992,80.0958263165851,1489.11959777284,4.96772112759767,6.58215429284779,2.762,74.289,31.7338026039958,,40.8,47088526.0
Kenya,KEN,2016,,,,,,,,16.6,80.9772361004341,1554.12610314423,4.21351706814744,6.29724953814625,2.757,74.405,31.6502520105647,,,48139687.0
Kenya,KEN,2017,81.5675646333189,77.7463652423197,85.8360953098291,70.4534812056124,76.0208923851573,84.1128946784081,67.4084939314,17.82710075,87.026530838819,1667.48447230835,3.83795817364721,8.00564967709945,3.542,72.306,31.5383650847102,,,49197766.0
Kenya,KEN,2018,,,,,,,,19.5,98.5944679106884,1836.45275528993,5.64794640709219,4.6898064677633,4.284,70.103,31.3940041639796,,,50207107.0
Kenya,KEN,2019,,,,,,,,22.6687733618171,106.547822056778,1960.40808854893,5.11415885767801,5.23963795764792,5.014,67.803,31.1895566421135,,,51202827.0
Kenya,KEN,2020,,,,,,,,24.7227993,117.602526394779,1927.66459027849,-0.272766327438816,5.40516207933392,5.613,67.081,31.2063494632616,,36.2,52217334.0
Kenya,KEN,2021,79.1951576168317,75.3574331684213,83.2449956430141,67.4495100489251,78.9132255360758,79.3409683723805,61.0172451989758,26.96290016,122.297519656734,2061.35622089594,7.59048947333467,6.10793603659176,5.693,67.462,31.2879334021971,,38.7,53219166.0
Kenya,KEN,2022,,,,,,,,29.40589905,121.168999135357,2109.56288513137,4.85998104287999,7.65986268272224,5.565,67.503,31.4307820066946,,38.5,54252461.0
Kenya,KEN,2023,,,,,,,,32.07040024,120.612416887959,1942.58802756191,5.71999241214208,7.67139634029402,5.409,67.463,31.6330340816429,,,55339003.0
Kenya,KEN,2024,90.1199173733613,86.5155344015748,93.8895090496553,83.8761640610762,89.8479263836567,90.2583549265903,81.6639771317455,34.97622513,126.477706000949,2133.46193404026,4.66019594571891,4.48978854243448,5.487,67.418,31.8937831721599,,,56432944.0
Kiribati,KIR,2011,,,,,,,,10.0,12.4612506439397,1771.12926848792,3.26372719532225,1.4974097987597,,,49.1228169536795,,,110647.0
Kiribati,KIR,2012,,,,,,,,10.74680042,16.0307790958641,1843.55336349889,5.80365974645258,-3.04586292775571,,,49.5800786695548,,,112284.0
Kiribati,KIR,2013,,,,,,,,11.5,17.5688258753668,1772.08718317132,7.73092188699647,-1.488059084681,,,49.9687043258795,,,113838.0
Kiribati,KIR,2014,,,,,,,,12.25,26.0132147130742,1736.70535682101,1.26366268044595,2.10398520925043,,,50.3909308922385,,,115326.0
Kiribati,KIR,2015,,,,,,,,14.89999962,35.0982322475709,1639.85274740652,11.2653209431294,0.572015743634256,,,50.9541970402064,,,116815.0
Kiribati,KIR,2016,,,,,,,,19.41939926,43.8900048954236,1742.66799324117,7.08803465778669,1.91731090233378,,,51.7710553002321,,,118478.0
Kiribati,KIR,2017,,,,,,,,25.30960083,38.3479526086053,1854.3326920967,3.71200171622053,0.355520888546828,,,52.9734697275451,,,120275.0
Kiribati,KIR,2018,,,,,,,,32.9864006,43.6895907735657,1915.56002581991,3.42465753424656,0.564030491493476,,,54.5004023142497,97.9599990844727,,122084.0
Kiribati,KIR,2019,,,,,,,,41.79299927,44.1071327700713,1750.24040333237,3.31125827814569,-1.81307995302947,,,56.2846727145489,,27.8,123921.0
Kiribati,KIR,2020,,,,,,,,52.95090103,43.3476871347116,1751.87199542272,-1.28205128205127,2.5532455441463,,,58.4123714112748,98.6079816424987,,126099.0
Kiribati,KIR,2021,,,,,,,,67.08760071,40.9979980837689,2223.54147866465,8.44155844155846,2.05361676773907,,,59.6364645301985,,,128377.0
Kiribati,KIR,2022,,,,,,,,84.99849701,49.1120496056535,2078.7648751855,5.08982035928143,5.34595440908904,,,60.5739126559419,,,130469.0
Kiribati,KIR,2023,,,,,,,,88.0,51.2540556855052,2200.68918614289,3.13390313390313,9.28307374517721,,,61.5244676194408,,24.7,132530.0
Kiribati,KIR,2024,,,,,,,,89.44029999,53.5244353915461,2550.98377226188,4.69613259668509,2.45545072159028,,,62.4620431275642,,,134518.0
"Korea, Dem. People's Rep.",PRK,2011,,,,,,,,,3.98440122856621,,,,3.516,82.088,60.4836230684404,,,25097874.0
"Korea, Dem. People's Rep.",PRK,2012,,,,,,,,,6.7428936247448,,,,3.542,82.072,60.6781140779735,,,25211728.0
"Korea, Dem. People's Rep.",PRK,2013,,,,,,,,,9.55409574412015,,,,3.567,82.061,60.8843063158034,,,25329451.0
"Korea, Dem. People's Rep.",PRK,2014,,,,,,,,,11.0014191044829,,,,3.509,82.051,61.0940947540873,,,25451262.0
"Korea, Dem. People's Rep.",PRK,2015,,,,,,,,,12.6684483301304,,,,3.523,82.081,61.3247571174501,,,25575350.0
"Korea, Dem. People's Rep.",PRK,2016,,,,,,,,,14.0320423984037,,,,3.574,82.02,61.5681351428803,,,25698326.0
"Korea, Dem. People's Rep.",PRK,2017,,,,,,,,,14.7573125097971,,,,3.498,82.094,61.8206076091402,,,25817709.0
"Korea, Dem. People's Rep.",PRK,2018,,,,,,,,,,,,,3.409,82.179,62.0826119807623,,,25931147.0
"Korea, Dem. People's Rep.",PRK,2019,,,,,,,,,16.3340506540687,,,,3.439,82.18,62.3542226611578,,,26037632.0
"Korea, Dem. People's Rep.",PRK,2020,,,,,,,,,22.9565670933221,,,,3.624,80.618,62.6355140538495,,,26136312.0
"Korea, Dem. People's Rep.",PRK,2021,,,,,,,,,22.8723614729709,,,,3.692,80.711,62.926560562457,,,26232534.0
"Korea, Dem. People's Rep.",PRK,2022,,,,,,,,,24.1311041179361,,,,3.457,82.149,63.2274365906829,,,26328845.0
"Korea, Dem. People's Rep.",PRK,2023,,,,,,,,,,,,,3.463,82.162,63.5382165423021,,,26418204.0
"Korea, Dem. People's Rep.",PRK,2024,,,,,,,,,,,,,3.539,82.162,63.8589748211522,,,26498823.0
"Korea, Rep.",KOR,2011,93.0468690333371,93.1078212640244,92.9825305056482,90.3472075047652,84.0877670311473,96.4027948789799,91.3696252672726,83.7591201534472,106.878306781378,26175.2398553363,3.6880320602952,4.0259650043609,2.992,60.636,81.9615408086376,,,49936638.0
"Korea, Rep.",KOR,2012,,,,,,,,84.07,108.114681779859,26600.5477433903,2.54766550568242,2.18707104433314,2.812,60.928,81.9087898200378,,31.6,50199853.0
"Korea, Rep.",KOR,2013,,,,,,,,84.77,109.206248930023,28449.3591104972,3.2913959543442,1.30134754547413,3.067,61.4,81.8269383502703,,,50428893.0
"Korea, Rep.",KOR,2014,94.3608135378731,93.3800219621045,95.3912532961873,94.3518327652261,86.0883208023568,96.9373910404427,90.7330842473795,87.5568264944747,113.358579550833,30667.0912467447,3.21468019683108,1.27477446401322,3.082,62.277,81.7315682816954,,31.2,50746659.0
"Korea, Rep.",KOR,2015,,,,,,,,89.8962557995106,115.595447050042,30171.7906545222,2.92029267301234,0.70633177245575,3.546,62.58,81.639489860678,,,51014947.0
"Korea, Rep.",KOR,2016,,,,,,,,92.8430256796075,119.489512998783,30832.0628072516,3.17152748983935,0.971685739912168,3.65,62.626,81.5559241797057,,35.2,51217803.0
"Korea, Rep.",KOR,2017,94.8510126919781,94.6853096976853,95.017897318399,92.1491709735712,87.2897558772573,96.3916423536266,83.2835860546441,95.0694218761004,123.642066127533,33296.9845439195,3.433191763972,1.94433230786366,3.653,62.91,81.471030429984,,34.9,51361911.0
"Korea, Rep.",KOR,2018,,,,,,,,96.0228595797887,128.494634504197,35363.9508228687,3.17611568177327,1.47583935002645,3.824,62.757,81.3823523035196,,33.7,51585058.0
"Korea, Rep.",KOR,2019,,,,,,,,96.157579184239,133.079790493891,33826.9443301597,2.31380210595475,0.383000303608136,3.746,62.994,81.2901063535619,,33.2,51764822.0
"Korea, Rep.",KOR,2020,,,,,,,,96.50506052,135.973274343048,33645.7719545073,-0.700242317542106,0.537288023411737,3.931,62.274,81.1759595622913,,32.7,51836239.0
"Korea, Rep.",KOR,2021,98.6713470938187,98.6826236627064,98.661083532974,96.8873922317071,98.5713020707667,98.6898615229853,95.5551077428415,97.57132698,140.516382791931,37518.4635305697,4.61296795454287,2.49833333333339,3.639,62.55,81.1616526507785,,32.9,51769539.0
"Korea, Rep.",KOR,2022,,,,,,,,97.16855335,148.68360770138,34822.4048404971,2.72756456708991,5.08951365062842,2.857,63.794,81.1624941626873,,,51672569.0
"Korea, Rep.",KOR,2023,,,,,,,,97.41597478,162.11365652794,35674.095995632,1.58301467403629,3.5974562502901,2.675,64.266,81.1645551720421,,,51712619.0
"Korea, Rep.",KOR,2024,96.8949448884961,97.1396146066269,96.6472206696843,94.1886846132518,98.3620851900303,96.6967806003776,87.409430015156,97.89563777,172.520241179065,36238.639908315,2.00361101838986,2.32174328643542,2.784,64.465,81.1682528469686,,,51751065.0
Kosovo,XKX,2011,44.3099657932493,31.4545371927825,57.2689500727158,29.8667345832811,33.5204346668176,47.6998333963134,26.3544588972781,,,3538.94809762524,6.31981022896761,7.3364177131527,,,38.0255184272137,,27.8,1791949.0
Kosovo,XKX,2012,,,,,,,,,,3410.65497983011,1.71219595890548,2.47673782156533,,,38.2296959226488,,29.0,1807126.0
Kosovo,XKX,2013,,,,,,,,,,3704.55812411167,5.34079911900278,1.76732428354892,,,38.6251749487938,,26.3,1818119.0
Kosovo,XKX,2014,47.8031509917874,36.3204432252445,59.4378124536199,40.2131104665528,41.0773743268488,50.2537584554504,35.869760178249,,,3902.49322261901,3.34880478431623,0.428957808324092,,,39.1938922761744,,27.3,1812788.0
Kosovo,XKX,2015,,,,,,,,,,3520.62685324451,5.91623128345211,-0.536929392740659,,,39.917681154075,,26.5,1788274.0
Kosovo,XKX,2016,,,,,,,,,,3759.44777525332,5.57177504731632,0.273169431045468,,,40.7783748317802,,26.7,1777568.0
Kosovo,XKX,2017,52.2733969184264,43.7180698911791,61.1476529798355,44.3333169052131,35.6076179023899,59.0169891592429,42.0702286220519,83.8935968102791,,4009.32022064732,4.82565565298054,1.48823430592319,,,41.7578065585746,,44.2,1791019.0
Kosovo,XKX,2018,,,,,,,,89.4430319734879,,4384.18796440547,3.40663227056285,1.05379773654991,,,42.8378095837429,,44.6,1797086.0
Kosovo,XKX,2019,,,,,,,,,,4415.6992744623,4.75680057007834,2.67599202639893,,,44.0002171565695,,40.2,1788891.0
Kosovo,XKX,2020,,,,,,,,,,4320.58382547288,-5.34027547826166,0.198227922994854,,,45.2268625263391,,57.4,1790151.0
Kosovo,XKX,2021,58.0119595822062,47.3863963222594,68.8955137890973,51.8651462047837,44.0105189101346,64.0796281789919,46.5606439583865,,,5269.69946181439,10.7456560819583,3.35369139207997,,,46.4995789423362,,49.4,1786079.0
Kosovo,XKX,2022,,,,,,,,,34.5402009143477,5298.1473871027,4.27849895827543,11.5805104542012,,,47.8001996538455,,38.3,1768096.0
Kosovo,XKX,2023,,,,,,,,,,6220.33213919344,4.06762701436438,4.94432438791283,,,49.1105579101515,,,1682668.0
Kosovo,XKX,2024,64.1617721717113,59.7945017831686,68.7587019450215,66.6871161691135,41.414962009786,72.0350245353607,59.8441169843768,,,7026.6988128325,4.5730971681166,1.61944994559476,,,50.3214443938994,,,1594353.0
Kuwait,KWT,2011,86.7732440844811,79.6085367463391,92.7027696698949,84.0027166204907,73.606359596907,91.3138707482631,97.511487559724,65.7690706867398,157.499296159938,49169.6063813095,9.62863419534361,4.8394034987095,2.051,69.701,100.0,,,3132814.0
Kuwait,KWT,2012,,,,,,,,70.44999695,152.830739955499,52155.2225833921,6.62587485078971,3.25514600287211,2.227,70.724,100.0,95.5100021362305,,3337109.0
Kuwait,KWT,2013,,,,,,,,75.45999908,182.738430889808,49651.0439275077,1.14946552780648,2.68229684085039,2.465,71.329,100.0,95.5899963378906,,3507844.0
Kuwait,KWT,2014,72.9081838033509,63.9958130639865,79.299218086688,63.6726453139231,62.9038668124336,75.2526099600333,47.6981179619075,78.69999695,207.323653501069,44368.7813457751,0.500914669444924,2.90892672858625,2.9,71.845,100.0,,,3665876.0
Kuwait,KWT,2015,,,,,,,,82.0,199.89137958103,29882.2126495698,0.592770817217982,3.27170166092133,2.2,72.324,100.0,95.6900024414062,,3834574.0
Kuwait,KWT,2016,,,,,,,,85.59999847,191.294217665413,27323.6890735517,2.92607584256388,3.19839776658374,2.16,72.704,100.0,,,4004096.0
Kuwait,KWT,2017,79.840151415174,73.4630112741805,83.3065231068536,70.8011561998131,70.2068658390927,81.3090145469794,27.793874295986,97.9999893344615,171.826095119125,29047.6536135703,-4.71222270495362,2.17183298510006,2.23,73.388,100.0,96.0400009155273,,4154812.0
Kuwait,KWT,2018,,,,,,,,99.5988495907557,164.219580620472,32067.9623756889,2.74333045031415,0.543133148199567,2.202,73.568,100.0,96.0599975585938,,4323515.0
Kuwait,KWT,2019,,,,,,,,99.5426764518489,164.941648203568,31707.8737443551,2.26381706595791,1.09184802655856,2.213,73.328,100.0,,,4442316.0
Kuwait,KWT,2020,,,,,,,,99.10587017,153.866464370257,25236.0755848941,-4.81731593381585,2.101729548274,3.489,69.199,100.0,96.4599990844727,,4400267.0
Kuwait,KWT,2021,,,,,,,,99.7,158.646854136291,34018.6342592913,1.67213054307859,3.42362947609188,2.97,70.585,100.0,,,4360865.0
Kuwait,KWT,2022,,,,,,,,99.74729919,168.350157565806,39981.7691035833,6.75866711966617,3.98064961990313,2.133,74.352,100.0,,,4589643.0
Kuwait,KWT,2023,,,,,,,,99.74731125,167.68428501222,34091.9714813002,-1.64087799968877,3.64216403030709,2.08,73.971,100.0,,,4853420.0
Kuwait,KWT,2024,74.4578561430281,71.4890462652269,76.0569953890037,63.6048709496818,77.7451281078115,73.8269027561549,57.3478608172479,99.74729919,,32855.7209688827,-1.47401818168846,2.89855072463762,2.151,73.559,100.0,,,4897263.0
Kyrgyz Republic,KGZ,2011,3.75726428765218,,,,,,,17.5,112.200710157323,1117.40174350185,5.95627429693504,16.6363262731495,3.644,63.299,35.2466507961984,,27.8,5546587.0
Kyrgyz Republic,KGZ,2012,,,,,,,,19.79999924,119.333438543784,1168.62244675446,-0.0881501998439376,2.76844236540957,3.786,61.505,35.218916221918,,27.4,5652076.0
Kyrgyz Republic,KGZ,2013,,,,,,,,23.0,116.217890810688,1269.66303464348,10.9154694528045,6.61375202358082,3.881,58.5,35.1850529225105,,28.8,5777150.0
Kyrgyz Republic,KGZ,2014,18.4706012074649,18.9293582587294,17.9493979761019,12.1566909184591,11.6079266300328,21.4653939829527,5.40184127292159,28.29999924,128.230500927468,1264.52668823891,4.02403863083252,7.5342472977589,4.02,59.18,35.1455493029297,,26.8,5905848.0
Kyrgyz Republic,KGZ,2015,,,,,,,,30.24699974,126.284372135274,1105.65193844261,3.87582544512439,6.50331838993384,4.138,59.511,35.1008937681291,,29.0,6040036.0
Kyrgyz Republic,KGZ,2016,,,,,,,,40.52619934,124.639033524314,1103.27489428412,4.33585592190116,0.388838296895799,4.294,59.215,35.0515747230627,,26.8,6175338.0
Kyrgyz Republic,KGZ,2017,39.9420035215175,38.854997652462,41.1680547058167,35.6772203874343,26.9843316083768,45.5757607385239,24.4412593096701,50.80530167,136.137649413599,1221.39046807082,4.73993722377884,3.1753098637994,4.425,56.868,34.9980805726839,,27.3,6306696.0
Kyrgyz Republic,KGZ,2018,,,,,,,,62.8,137.74227608483,1283.5203037417,3.75791013557165,1.54266145238436,4.559,58.46,34.9408997219466,,27.7,6444079.0
Kyrgyz Republic,KGZ,2019,,,,,,,,64.1,132.776694304851,1421.99927504102,4.60062565707598,1.13362257718804,5.45,58.869,34.8805205758044,,29.7,6590211.0
Kyrgyz Republic,KGZ,2020,,,,,,,,72.0,109.780106660424,1229.51766602907,-7.14897757727955,6.32542296338078,5.945,57.31,34.8174315392111,,29.0,6726596.0
Kyrgyz Republic,KGZ,2021,45.0948439820275,43.756073592119,46.5361891986624,44.089117812427,36.2434644282317,49.1118024675465,28.9362826040683,77.11769867,108.171654806063,1349.99730650542,5.50700762671923,11.9050398185147,5.149,59.025,34.7521210171204,,28.8,6851224.0
Kyrgyz Republic,KGZ,2022,,,,,,,,84.1937027,106.925973017004,1739.72018344174,8.96750520041391,13.9229093174176,4.767,59.182,34.7003053497743,,26.4,6975220.0
Kyrgyz Republic,KGZ,2023,,,,,,,,91.04440308,108.59118718329,2138.22210211478,9.0132928339342,10.7532770416742,3.498,56.921,34.706439175362,,27.2,7099750.0
Kyrgyz Republic,KGZ,2024,72.2642375946654,71.235055996936,73.3780750915794,65.5888049897545,55.2359147507581,77.3597564375307,50.4794589409373,92.0286026,107.49229509732,2514.81066933171,11.5397119406559,4.99760701207323,3.491,57.475,34.7219977865937,,27.5,7221868.0
Lao PDR,LAO,2011,26.773455038368,26.1562106185042,27.4352370069442,20.6825259790928,22.9701926901038,28.4775254290265,21.9511077445815,9.0,85.2839686365553,1361.54704394913,8.03865268023725,7.5689885610998,0.96,60.547,31.2146877128668,,,6426590.0
Lao PDR,LAO,2012,,,,,,,,10.74769974,65.961259571669,1563.5650771337,8.02609843461283,4.2551267783209,1.208,60.411,31.7422801040872,,36.0,6518978.0
Lao PDR,LAO,2013,,,,,,,,12.5,69.7677113040611,1812.51774424651,8.02630022699017,6.37142717782947,1.469,60.272,32.2264033448341,,,6611385.0
Lao PDR,LAO,2014,,,,,,,,14.26000023,68.9014991708403,1981.03910900473,7.61196343979319,4.12924306873771,1.733,60.14,32.6638235172635,,,6703172.0
Lao PDR,LAO,2015,,,,,,,,18.20000076,54.7979496136596,2121.01339097363,7.27006584373785,1.27735427102992,2.006,60.016,33.1240204432199,84.6600036621094,,6801645.0
Lao PDR,LAO,2016,,,,,,,,21.87000084,57.2966195875928,2303.22156035363,7.02283625501138,1.59691227583204,2.634,59.898,33.8267455533474,,,6908802.0
Lao PDR,LAO,2017,29.0564189178853,31.8742041052154,26.1158832832746,17.3703744457319,24.0013440344158,31.7267826721084,22.123666878042,25.51040077,52.8887895907566,2432.43059478511,6.8925308726989,0.825478607568026,3.268,59.782,34.5115346444216,73.7200012207031,,7018147.0
Lao PDR,LAO,2018,,,,,,,,36.27130127,51.3792491489602,2545.1075420815,6.24796000755872,2.04039266890201,2.897,60.989,35.2050070032013,,38.8,7128045.0
Lao PDR,LAO,2019,,,,,,,,47.03229904,64.0668582946144,2589.32081035237,5.4577350924848,3.32255881256925,2.531,62.207,35.9072880879451,,,7237636.0
Lao PDR,LAO,2020,,,,,,,,54.0,63.1139885984314,2583.77730696131,0.503031829018681,5.10407262959919,2.349,62.912,36.6185033569111,,,7346533.0
Lao PDR,LAO,2021,37.3200289962313,37.8537503564048,36.752762324394,22.8046668962888,26.3782243247712,41.92247799907,28.7249334424894,62.0,64.7101497693472,2526.05105018529,2.52835100486102,3.75562036658877,2.08,64.618,37.338778268357,,,7453194.0
Lao PDR,LAO,2022,,,,,,,,64.54000092,63.3546046458219,2046.40440255621,2.70742652643155,22.9562225132056,1.209,66.001,38.0682382805397,,,7559007.0
Lao PDR,LAO,2023,,,,,,,,64.39800262,64.7588066942788,2066.94979776957,3.74568140158232,31.2301341732646,1.186,65.99,38.8070088517156,75.6399993896484,,7664993.0
Lao PDR,LAO,2024,37.6501969468659,43.5865025443192,31.7099790252873,18.2733611108504,30.239925568922,40.6962070470856,27.3433718636427,65.59269714,,2123.97909415109,4.13019264438475,23.1305695942588,1.174,65.989,39.5552154401406,,34.7,7769819.0
Latvia,LVA,2011,89.6588352190717,92.0485607289008,86.74364228434,84.5686192208254,78.857332939354,92.0734680171524,74.4199151251519,69.7499545592245,112.090589002306,12902.574053337,3.03634482668815,4.37073559939223,16.206,58.497,67.8266897008267,99.9000015258789,35.8,2059709.0
Latvia,LVA,2012,,,,,,,,73.1199437663748,129.304547798055,13329.3499931271,7.30524057200897,2.25778924374585,15.047,59.677,67.8331638942219,,35.2,2034319.0
Latvia,LVA,2013,,,,,,,,75.2344,127.073387613574,14484.4715282132,2.09609028156248,-0.029454778257828,11.867,59.311,67.847334482933,,35.5,2012647.0
Latvia,LVA,2014,90.2182506306587,90.1720765989651,90.2753358201314,86.5140408436722,81.3141877154176,91.5901179069034,74.2597391773014,75.8261041383556,119.549742772481,15185.814581236,2.0949597710559,0.620490636732421,10.846,59.234,67.8686035364944,,35.1,1993782.0
Latvia,LVA,2015,,,,,,,,79.2005829239344,130.949148754694,13321.9753140616,3.78336712084972,0.174242243625186,9.873,60.036,67.8965395668259,,34.2,1977527.0
Latvia,LVA,2016,,,,,,,,79.8420977843089,135.227462327724,13838.5266823272,2.55168601974034,0.140633334505327,9.643,60.347,67.9307110858472,,34.3,1959537.0
Latvia,LVA,2017,93.222472302614,92.5424426411004,94.0785163694403,88.5241010892133,75.6994312905635,95.3644466021713,79.3880738215066,80.1140770037369,126.846989128969,15132.4958333982,3.39894872623931,2.93036312374665,8.715,60.786,67.9706866054779,,35.6,1942248.0
Latvia,LVA,2018,,,,,,,,83.5771748630956,107.397431401316,17252.1710428626,4.30971286294503,2.53445424186598,7.412,61.339,68.0160346376376,,35.1,1927174.0
Latvia,LVA,2019,,,,,,,,86.13545644343,108.221910991332,17294.9751600969,0.675372771884227,2.81140920075624,6.312,61.086,68.066323694246,,34.5,1913822.0
Latvia,LVA,2020,,,,,,,,88.89796078,107.902487108935,17564.2321549354,-3.46922750780554,0.219064904841985,8.098,61.565,68.1211222872228,,35.7,1900449.0
Latvia,LVA,2021,96.6187204898816,97.5525993090574,95.5109536329777,94.0558179569426,94.3280354636455,96.921654743027,90.9818101998532,91.17964988,114.644670333429,20261.8887788916,6.94254173062592,3.27582937431165,7.513,60.077,68.1808791463693,,34.3,1884490.0
Latvia,LVA,2022,,,,,,,,91.03009059,115.202627450543,20221.103686109,1.90853419029801,17.3102830198815,6.815,60.935,68.2570218109034,,33.7,1879383.0
Latvia,LVA,2023,,,,,,,,92.18791291,119.909944560018,22710.2637544197,-0.941606068823631,8.9380462331663,6.465,60.985,68.3586316343061,,34.0,1883710.0
Latvia,LVA,2024,94.9733099977296,95.4063945490497,94.4387277334092,91.6439398308994,89.6607631341789,95.5994893962903,85.6687002281525,92.70757011,121.262202363304,23578.9663562625,-0.0370556648288982,1.26579885828729,6.9,60.838,68.4839492628509,,,1866124.0
Lebanon,LBN,2011,37.0273272469961,25.8998130316937,49.3961390576377,18.0192948139593,22.7162906760581,41.8053895388897,23.1814502295227,52.0,67.8303852810625,7834.96257108993,0.86733987855277,4.97148571692384,7.352,45.22,87.8270813653079,,31.8,5096020.0
Lebanon,LBN,2012,,,,,,,,61.24980164,71.7218113497571,8406.98405608118,2.56479133680038,6.58147447683677,7.952,45.677,88.0195066808075,,,5235742.0
Lebanon,LBN,2013,,,,,,,,70.5,67.6382047262301,8162.37929361396,3.8278734986016,4.82101956297399,8.477,46.135,88.2165478464663,,,5743436.0
Lebanon,LBN,2014,46.9271356679437,32.9135588920898,62.4106925466266,28.3534236889575,29.7809488589804,52.2058514660426,32.6874925131696,73.0,69.1237106092809,7577.6413302369,2.48406010500743,1.8546042134091,8.84,46.594,88.4182574811842,,,6346990.0
Lebanon,LBN,2015,,,,,,,,74.0,71.9609626558273,7714.1099998804,0.462320792597581,-3.74914524799629,9.312,47.053,88.6246882038608,,,6472469.0
Lebanon,LBN,2016,,,,,,,,76.11000061,67.6419803070033,8089.012088155,1.55454940856943,-0.783359624361508,9.794,47.513,88.835892633396,,,6323060.0
Lebanon,LBN,2017,44.7514245200461,32.9054657752209,56.6898776571382,29.8943602928929,25.2793371214316,50.1567176111126,31.1919248493104,78.18080139,71.4122336418984,8608.21084982387,0.903028464073813,4.32135218303191,10.258,47.973,89.0519233886895,,,6160128.0
Lebanon,LBN,2018,,,,,,,,80.90000153,73.9321026202855,9174.53666204759,-1.88470575631651,6.07698907889607,10.755,48.433,89.272833088641,92.6699981689453,,5984119.0
Lebanon,LBN,2019,,,,,,,,81.48120117,73.1364785867655,8905.88005497437,-6.91492472851026,3.00538949390383,11.301,48.894,89.4986743521503,92.0099744752418,,5794594.0
Lebanon,LBN,2020,,,,,,,,82.0664978,75.2003104658777,5561.19166950397,-21.3998996914321,84.8643330472041,13.252,47.448,89.729499798117,,,5702398.0
Lebanon,LBN,2021,20.7030978086648,16.5927162989733,24.6549355303988,12.8548567433176,7.87297527200517,24.0265608016933,15.5081553870459,82.65599823,74.9935205999452,4045.37391066234,-7.00123862514116,154.756096023393,12.715,45.518,89.965362045441,,,5718122.0
Lebanon,LBN,2022,,,,,,,,81.46479797,74.0148340435503,3654.35845534878,-0.621678970663112,171.205491336641,11.105,43.4,90.206313713022,,35.5,5744489.0
Lebanon,LBN,2023,,,,,,,,81.7059021,,3477.72489842684,-0.760584470257314,221.341644023365,10.985,43.424,90.4524074197598,,,5773493.0
Lebanon,LBN,2024,23.0438575680739,15.3395918766117,31.0250951995699,17.553656509439,5.95816210399557,27.983060241432,16.1716133789038,80.63400269,,4473.27134441128,-7.07989192861814,45.2430422716718,,,90.703695784554,,,5805962.0
Lesotho,LSO,2011,18.4970245352396,16.8664293417893,20.2422583149585,7.09930705531889,13.8858751034977,20.5352363276308,10.6104754712406,7.0,61.1891009424486,1280.73390931581,4.61641394528752,5.0366305210156,16.115,66.4,28.6150355175921,,,2014009.0
Lesotho,LSO,2012,,,,,,,,10.0,75.9363906183486,1217.93071228944,6.33408374679448,6.05143662139967,15.761,65.822,29.8970340055453,,,2034354.0
Lesotho,LSO,2013,,,,,,,,15.0,87.055264662748,1151.03735837227,1.79252555575545,4.86511899496385,15.926,65.24,31.2407460933407,,,2056504.0
Lesotho,LSO,2014,,,,,,,,22.0,102.821994635806,1173.5377928819,1.71054990545476,5.37028961008587,16.066,64.017,32.6404409096604,,,2080089.0
Lesotho,LSO,2015,,,,,,,,25.0,101.688197961524,1121.19851342518,3.12406678044546,3.21844513655931,16.223,62.776,34.0903875831861,,,2104611.0
Lesotho,LSO,2016,,,,,,,,32.4538569477365,107.157971519258,992.491840678465,3.60890731687714,6.59650490696543,16.138,61.517,35.5077950709441,97.2699966430664,,2130422.0
Lesotho,LSO,2017,45.5638157306439,46.4600602105747,44.604183295455,32.3939866275307,39.3502708187984,48.0336054032148,37.0619167845076,39.0,110.370078484639,1069.36673247542,-3.13817493733471,4.447699373763,16.379,60.243,36.5283648068846,,44.9,2157110.0
Lesotho,LSO,2018,,,,,,,,40.79999924,72.4555241955612,1170.65569702819,-1.48063315848241,4.7518030162474,16.614,58.955,37.569092747415,86.2399978637695,,2183603.0
Lesotho,LSO,2019,,,,,,,,42.301733569273,76.1124827725111,1082.05706777516,-1.41799383085205,5.18708359197982,16.876,57.655,38.6040920446259,92.3961659464955,,2209405.0
Lesotho,LSO,2020,,,,,,,,43.65750122,69.8944012395073,918.582574704447,-8.15595785459911,4.97809676252309,18.385,57.107,39.6329305425532,,,2235727.0
Lesotho,LSO,2021,,,,,,,,45.05670166,80.5368195682415,1066.58645143823,2.26670961833291,6.04774591950676,18.214,56.797,40.6551760851997,,,2261542.0
Lesotho,LSO,2022,63.6349094307918,62.3680269276616,65.0539198884249,58.6391556550653,61.796315861104,64.3362630011018,55.4878196742821,48.06959915,68.1001351640997,1030.12582947757,2.38778020186284,8.27180389943028,16.623,57.501,41.6703965165322,,,2286110.0
Lesotho,LSO,2023,,,,,,,,48.98590088,69.3513051423509,921.435141557056,1.69433177608774,6.34221743124953,16.348,57.46,42.6781596804785,,,2311472.0
Lesotho,LSO,2024,61.5710444951092,60.4259618948848,62.9153027155964,,53.1560954312996,64.9069682591266,56.3537449556573,51.79660034,70.328049309004,1023.04227681523,5.22503380336101,6.10544624245032,16.34,57.421,43.6780334209246,90.4499969482422,,2337423.0
Liberia,LBR,2011,18.8014652359501,14.6839442690309,22.992349353381,,14.8213528251267,21.096155757876,10.485618493785,2.5,47.8690308724247,568.087865520004,8.20076822497064,8.488167518494,2.211,77.022,48.6583302770849,,,4221178.0
Liberia,LBR,2012,,,,,,,,2.599999905,54.4220580497379,638.368751462083,7.99381444555367,6.83178703418548,2.146,76.962,49.1773247639526,,,4373043.0
Liberia,LBR,2013,,,,,,,,3.200000048,57.0612667465878,710.744570927863,8.68728781639683,7.577306817414,2.08,76.981,49.6977986242077,,,4470239.0
Liberia,LBR,2014,,,,,,,,5.409999847,70.6628167823582,706.714490064507,0.701393100287518,9.86111285574904,2.079,76.982,50.2198153156642,,33.2,4564293.0
Liberia,LBR,2015,,,,,,,,10.0,78.3786689834016,692.590082351257,-0.0185649695590939,7.74869687621322,2.557,76.965,50.7434382961363,,,4659431.0
Liberia,LBR,2016,,,,,,,,15.69999981,65.5437117609357,714.613063145659,-1.5549586174878,8.83424868336488,3.081,76.937,51.2687310234384,,35.3,4755608.0
Liberia,LBR,2017,35.7138396642468,28.162003842081,43.6553981483774,26.6030024951267,36.1373479515614,35.4797951848764,25.4956731545946,16.29999924,54.8575199657656,699.269095727404,2.45515592012239,12.4196323907138,3.067,76.91,51.7957569553849,,,4848925.0
Liberia,LBR,2018,,,,,,,,17.27770042,,692.203127129794,1.15757512207355,23.5635148953742,3.058,76.873,52.3245795497906,,,4944726.0
Liberia,LBR,2019,,,,,,,,19.89579964,38.4041861157665,658.164180770507,-2.46729763532686,26.9662760197878,3.071,76.823,52.85526226447,,,5043721.0
Liberia,LBR,2020,,,,,,,,22.91069984,32.1004345501657,616.787867006715,-2.98249127649473,16.9557241496255,4.102,76.093,53.3878685572381,,,5149463.0
Liberia,LBR,2021,51.6311457560752,44.1999602431587,59.3442079151881,42.1040693434882,53.9966215188893,50.3139996648635,42.8471732793079,26.38229942,31.429900768597,667.96610514319,4.98671283481617,7.81559385858648,3.844,76.339,53.9224618859098,,,5259323.0
Liberia,LBR,2022,,,,,,,,30.38010025,32.0638885570006,744.617175237387,4.80810517290655,7.59298486560313,2.956,76.686,54.4591057083,,,5373294.0
Liberia,LBR,2023,,,,,,,,31.22410011,,799.194470229642,4.68375688761311,10.0944535665552,2.905,76.647,54.997863482224,,,5493031.0
Liberia,LBR,2024,52.2139331485699,46.2794636646139,58.1311446969649,43.0083046077259,49.764948329605,53.5715586437093,42.0683476020985,32.23360062,,851.497723870206,4.02185464964835,8.21497439118964,2.914,76.611,55.5387986654968,,,5612817.0
Libya,LBY,2011,,,,,,,,14.0,157.649061523019,7593.8391525702,-50.3385151384986,15.5184815317562,19.504,49.037,88.0970458984375,,,6343203.0
Libya,LBY,2012,,,,,,,,15.19999981,155.146320117657,14975.8902795144,86.8267484395784,6.05980392156855,19.03,49.153,88.0727920532227,,,6179328.0
Libya,LBY,2013,,,,,,,,16.5,162.34581961061,11951.7134126011,-17.9979615745681,2.60581802719517,19.311,49.312,88.0451431274414,,,6304628.0
Libya,LBY,2014,,,,,,,,17.76000023,132.203934123012,8926.42074591474,-23.0428058282215,2.43294141599233,19.295,49.395,88.0142059326172,,,6427252.0
Libya,LBY,2015,,,,,,,,25.0,149.224588127748,7458.48917756374,-0.842656252118843,10.4022933588151,19.69,49.401,87.8159103393555,,,6531819.0
Libya,LBY,2016,,,,,,,,35.0,115.499434118109,7525.80299308216,-1.4909411172622,25.853874212446,19.559,49.373,87.8160056703177,,,6632126.0
Libya,LBY,2017,65.6675223019684,59.6209608011448,70.6883414894674,58.2768530549326,52.579867937209,70.4598260812662,40.688141074774,47.5,89.333810176041,9965.83236729757,32.4918021862688,25.8036184788337,19.053,49.329,87.8166729870528,,,6738770.0
Libya,LBY,2018,,,,,,,,47.5,,11196.5854810844,7.9413678529104,13.1702038536722,18.865,49.275,87.818484275334,,,6849055.0
Libya,LBY,2019,,,,,,,,71.40409851,164.00440049702,9963.19489084483,-11.1960828853386,-2.16217883470591,19.087,49.201,87.8220115209342,,,6951033.0
Libya,LBY,2020,,,,,,,,74.35810089,164.987107188677,6650.33810585348,-29.4552967282824,1.44703656998741,19.651,45.021,87.8278267096263,,,7045399.0
Libya,LBY,2021,,,,,,,,77.438797,195.117849246865,4935.82787349801,28.2996823429147,2.86833027751015,19.779,45.463,87.8365018271835,,,7135175.0
Libya,LBY,2022,,,,,,,,80.64720154,192.97309381967,5986.63694851258,-8.29981811198795,4.51030149235695,19.238,48.725,87.8486088593786,,,7223805.0
Libya,LBY,2023,,,,,,,,82.10469818,,6026.51518708812,10.2000497852517,2.3731753143518,18.713,48.507,87.8647197919848,,,7305659.0
Libya,LBY,2024,33.1190908215163,24.6960239810713,41.4206818482174,30.0230794011172,19.3875296371763,38.1295677677423,20.8789801452244,81.95449829,,6569.16408678648,1.89995052025442,2.12615766885021,19.085,48.266,87.8854066107749,,,7381023.0
Liechtenstein,LIE,2011,,,,,,,,85.0,101.929969671905,158066.369379163,,,,,14.4099998474121,,,36312.0
Liechtenstein,LIE,2012,,,,,,,,89.40769958,98.5900098371407,148842.035144342,,,,,14.4124545370445,,,36657.0
Liechtenstein,LIE,2013,,,,,,,,93.80000305,104.109997290707,172823.607794648,,,,,14.4201755971624,,,36984.0
Liechtenstein,LIE,2014,,,,,,,,95.20999908,109.388370153109,178735.153020908,,,,,14.4336985145967,,,37248.0
Liechtenstein,LIE,2015,,,,,,,,96.6411972,109.491978609626,167187.15730982,,,,,14.4535587761782,,,37494.0
Liechtenstein,LIE,2016,,,,,,,,98.09390259,117.766848331783,165375.491396259,,,,,14.4802918687379,,,37716.0
Liechtenstein,LIE,2017,,,,,,,,99.54660034,122.594451783355,170547.092298954,,,,,14.5144332791067,,,37962.0
Liechtenstein,LIE,2018,,,,,,,,,123.979123501797,174988.775083446,,,,,14.5565184941154,,,38246.0
Liechtenstein,LIE,2019,,,,,,,,93.14610291,124.214360041623,166907.839305016,,,,,14.6070830005951,,,38563.0
Liechtenstein,LIE,2020,,,,,,,,94.34999847,126.104676657982,164671.093553454,,,,,14.6666622853765,,,38901.0
Liechtenstein,LIE,2021,,,,,,,,95.56939697,126.070587030017,201944.830335076,,,,,14.6989159370696,,,39182.0
Liechtenstein,LIE,2022,,,,,,,,97.88069916,126.306686674975,188055.003235348,,,,,14.6923070071538,,,39493.0
Liechtenstein,LIE,2023,,,,,,,,98.13230133,127.059447446841,206780.590353385,,,,,14.6783761234077,,,39846.0
Liechtenstein,LIE,2024,,,,,,,,98.2641983,128.901429646351,220167.225473557,,,,,14.657584904886,,,40450.0
Lithuania,LTU,2011,73.7551986346894,76.0669404872985,71.0091696673918,69.3421638505837,43.9865947134226,80.2625581421975,47.4124417200139,63.6399774002179,163.043370593157,14261.8433787325,6.32363664821298,4.13027562645085,15.39,57.403,66.7518340055756,99.8199996948242,32.5,3028115.0
Lithuania,LTU,2012,,,,,,,,67.2299893276414,167.226065135398,14288.1853493139,4.38290584355157,3.08998277055417,13.365,57.746,66.8536758422852,,35.1,2989139.0
Lithuania,LTU,2013,,,,,,,,68.4529,154.341459457267,15636.5252586048,4.04691318575325,1.04747937065344,11.77,57.991,67.0092086791992,,35.3,2961250.0
Lithuania,LTU,2014,77.906286510009,77.8780422725015,77.9407144674378,69.121413403753,33.3527000643706,86.889028283098,40.065086943319,72.1335378644566,145.49429149643,16446.1647181663,3.7725437958099,0.103758009433708,10.698,58.934,67.1514937628023,,37.7,2937253.0
Lithuania,LTU,2015,,,,,,,,71.3780590101754,143.991494147494,14269.8039878287,2.83280643343234,-0.884097405500596,9.12,59.15,67.2282485961914,,37.4,2911109.0
Lithuania,LTU,2016,,,,,,,,74.3766455618662,146.550393676088,14934.2702840428,2.67192215053329,0.905525075460342,7.862,60.305,67.1894226074219,,38.4,2877325.0
Lithuania,LTU,2017,82.8838484978885,81.0138720639668,85.1218882792757,77.9344145568549,63.7655657202111,86.2464522075321,61.3320449052287,77.6152565124514,154.147985747777,16800.1510246099,4.61224310312809,3.72288862303707,7.073,60.612,67.1012954711914,,37.3,2842639.0
Lithuania,LTU,2018,,,,,,,,79.7225827680518,134.333614750945,19247.2315367967,4.91836780106811,2.69792779208394,6.147,61.544,67.1464742010457,,35.7,2819200.0
Lithuania,LTU,2019,,,,,,,,81.5818683764046,132.528841977519,19608.7943945553,4.67735183530451,2.33450937988027,6.255,62.069,67.245735168457,,35.3,2811089.0
Lithuania,LTU,2020,,,,,,,,83.05554724,131.341332336588,20428.6478157394,0.0428158336981426,1.19989444983569,8.487,62.658,67.4254608154297,,36.0,2810369.0
Lithuania,LTU,2021,93.5322396656764,90.3759802179306,96.9928262303786,91.3343081222424,92.0234037341272,93.7673968310488,74.0837038828211,86.93054425,133.357273318046,23882.8668916753,6.39481772930206,4.68354420903453,7.112,62.301,68.1912117004395,,36.7,2808380.0
Lithuania,LTU,2022,,,,,,,,87.72420219,135.834150715729,24946.5724005188,2.46532013155011,19.7050461518394,5.955,62.748,68.2866452426813,,36.6,2831639.0
Lithuania,LTU,2023,,,,,,,,88.50287484,137.203719983084,27983.3658256887,0.739537398185803,9.11731962390475,6.841,62.886,68.575454583199,,36.0,2871585.0
Lithuania,LTU,2024,98.9947155941499,98.4001545389899,99.6487186965706,97.7831157645526,100.0,98.8802236321056,100.0,89.16116293,138.728835196967,29603.7772588256,3.03019543767596,0.715735835228723,6.851,63.104,68.8285833315315,,,2888278.0
Luxembourg,LUX,2011,94.5867980570835,95.3255455916229,93.748698854801,92.0444147521566,83.9841855165245,96.854426960703,88.899251115828,90.0298585646936,147.511878499915,119025.057203467,1.0442860057217,3.4106834106835,5.122,56.887,88.9562814837254,,32.1,518347.0
Luxembourg,LUX,2012,,,,,,,,91.9499237417387,143.387946442865,112584.676270958,1.64971134354685,2.66284165508011,5.03,58.202,89.4405768017292,,34.3,530946.0
Luxembourg,LUX,2013,,,,,,,,93.7765,145.093438163702,120000.140729859,3.17168513780955,1.73403963519162,6.045,58.529,89.9413746679705,,32.0,543360.0
Luxembourg,LUX,2014,96.1686996656944,96.6916739481751,95.6369225110259,95.2390804660434,86.4730970920272,97.8029818668911,98.8719924482958,94.6702052774766,144.244165248014,123678.706919314,2.62308838097542,0.628543985440717,6.044,58.978,90.4577807676859,,31.2,556319.0
Luxembourg,LUX,2015,,,,,,,,96.3767141704759,141.659175188223,105462.012584423,2.26836572735107,0.474743161437871,6.796,59.869,90.9893679353068,,32.9,569604.0
Luxembourg,LUX,2016,,,,,,,,98.1366986657616,130.932672500368,106899.293549552,4.97819047122638,0.290833333333225,6.669,59.107,91.5357090052649,,31.7,582014.0
Luxembourg,LUX,2017,98.7678546822929,98.1774858001159,99.3469958323634,98.3172727357193,94.6870180220244,99.4580607765294,95.7268915512538,97.3629603241751,133.110922975046,110193.213797228,1.31711942298405,1.73079959118896,5.523,58.737,92.0963768119916,,34.5,596336.0
Luxembourg,LUX,2018,,,,,,,,97.061298705829,131.326868398506,116926.759593905,1.61129891211624,1.5281952430737,5.589,59.291,92.6709441899184,,35.4,607950.0
Luxembourg,LUX,2019,,,,,,,,97.120635693272,131.870169616698,112696.649059674,2.74932091920692,1.74332075653848,5.592,60.041,93.2589839734767,,34.2,620001.0
Luxembourg,LUX,2020,,,,,,,,98.45962893,132.908973559976,116860.02817236,-0.510051634039826,0.819957302127036,6.766,60.103,93.8600689970981,,33.4,630419.0
Luxembourg,LUX,2021,,,,,,,,98.66086333,136.87108956478,134965.815442152,6.92973270801744,2.52692009066166,5.571,61.482,94.5861743396533,,32.7,640064.0
Luxembourg,LUX,2022,,,,,,,,98.24203749,139.651285065505,123719.658915996,-1.09741256293819,6.33600807777919,4.588,60.942,94.7605400940185,,34.1,653103.0
Luxembourg,LUX,2023,,,,,,,,99.34785707,144.474949556306,133230.619178899,0.0994370594039111,3.74140361983136,5.184,61.538,94.8015300320787,,33.6,666430.0
Luxembourg,LUX,2024,,,,,,,,98.7606147,,137781.681659123,0.358614003982225,2.05113269954859,6.4,61.764,94.8438702866393,,,677012.0
"Macao SAR, China",MAC,2011,,,,,,,,60.2036967182195,235.079295314897,67046.7284292101,21.6223064381087,5.80624616691043,2.56,70.867,100.0,95.6399993896484,,549600.0
"Macao SAR, China",MAC,2012,,,,,,,,61.31,274.656223720989,76058.0224963659,9.21747479596735,6.10738928336549,1.97,70.739,100.0,,,567900.0
"Macao SAR, China",MAC,2013,,,,,,,,65.8,287.643446353444,87107.8313063626,10.7816711590297,5.50057779178484,1.82,70.859,100.0,,,591900.0
"Macao SAR, China",MAC,2014,,,,,,,,69.7809492200465,304.184963559144,88355.3181764446,-2.03874227961819,6.04823452094076,1.67,71.403,100.0,,,621700.0
"Macao SAR, China",MAC,2015,,,,,,,,77.6001318608868,304.751044313614,69902.9605741233,-21.7540078753246,4.56056338028173,1.81,70.806,100.0,,,642900.0
"Macao SAR, China",MAC,2016,,,,,,,,81.6429854646415,310.568300773121,68911.6755919628,-0.701510212552961,2.36895749705898,1.939,70.062,100.0,96.5400009155273,,652500.0
"Macao SAR, China",MAC,2017,,,,,,,,83.1740890688259,316.601552229203,77570.9876166977,9.91855844513513,1.22812404052809,1.981,69.862,100.0,,,648400.0
"Macao SAR, China",MAC,2018,,,,,,,,83.7940896091516,331.099986034622,83588.2875009014,6.35917030567686,3.00446293166953,1.803,70.082,100.0,,,658900.0
"Macao SAR, China",MAC,2019,,,,,,,,86.4679257062588,416.260540646881,81882.6964523869,-2.4609094006739,2.75193081051975,1.73,69.789,100.0,,,672000.0
"Macao SAR, China",MAC,2020,,,,,,,,87.46230316,237.343774476003,36883.6652578543,-54.4020925789353,0.811410511491512,2.542,68.672,100.0,,,685400.0
"Macao SAR, China",MAC,2021,,,,,,,,88.46810492,183.574788091048,44884.8961602393,22.4622020023362,0.0264543647055504,2.221,68.924,100.0,,,682500.0
"Macao SAR, China",MAC,2022,,,,,,,,89.48549652,172.244717160072,36806.891255461,-18.956941494497,1.04502802369954,2.446,66.648,100.0,,,677300.0
"Macao SAR, China",MAC,2023,,,,,,,,89.82640076,192.478344669931,67216.3631112124,75.3084184293413,0.476384495788075,2.206,67.971,100.0,,,678800.0
"Macao SAR, China",MAC,2024,,,,,,,,89.82640076,201.136947388589,72004.7437020733,7.84960207010525,0.672498598854365,2.262,68.278,100.0,,,687000.0
Madagascar,MDG,2011,5.52322253357914,,,,,,,1.899999976,38.0363591750174,506.163691559309,1.57842705366555,9.48254048582992,2.516,86.434,28.1336807024963,,,22822300.0
Madagascar,MDG,2012,,,,,,,,2.299999952,37.4155490576043,493.511162904211,3.01114811621208,5.71384434191053,0.599,86.358,28.3988032871081,71.5699996948242,42.6,23462438.0
Madagascar,MDG,2013,,,,,,,,3.0,35.0948534776429,515.301589361832,2.30037622800727,5.8264294445198,0.995,86.268,28.6604637105393,,,24109290.0
Madagascar,MDG,2014,8.55133873697858,,,,,,,3.700000048,39.2252725571455,505.684922503435,3.33920311195367,6.08040811088302,1.385,86.16,28.9185894345838,,,24764348.0
Madagascar,MDG,2015,,,,,,,,4.173999786,42.0572239372609,445.320069480568,3.13229807490305,7.40419174202129,1.785,86.042,29.1731079210354,,,25426702.0
Madagascar,MDG,2016,,,,,,,,4.713699818,30.6447038676546,453.970714522463,3.99314606199499,6.03575858154679,1.949,85.83,29.4239466316878,,,26099952.0
Madagascar,MDG,2017,17.8678713278643,16.3149681646849,19.6076369071805,12.342991841101,17.6596763841958,17.9607209131886,13.5084519394519,6.406000137,32.5906255978573,491.866848718929,3.93330759462793,8.60905075422949,2.123,85.647,29.671033028335,,,26788375.0
Madagascar,MDG,2018,,,,,,,,7.747799873,38.7515500132643,500.45718552916,3.19435651744398,8.59422958870476,2.303,85.496,29.9181125346909,76.6800003051758,,27494926.0
Madagascar,MDG,2019,,,,,,,,9.379400253,46.077978411707,499.818837622534,4.41123212909589,5.61051441492365,2.479,85.366,30.3046972370204,,,28219554.0
Madagascar,MDG,2020,,,,,,,,11.35470009,54.8084663590199,450.771615205157,-7.13767162064489,4.20179312190557,3.292,84.589,30.7019474167548,,,28953556.0
Madagascar,MDG,2021,,,,,,,,13.74590015,53.9177233784298,483.469463351195,4.65068343174309,5.81225118787715,3.498,85.032,31.1137123216036,74.6900024414062,36.8,29691083.0
Madagascar,MDG,2022,26.2978246175134,25.2062816077175,27.4968948297397,14.9386777995879,25.3975348240922,26.7765722924064,20.226573427743,17.81170082,64.7494924066919,504.059106969168,4.13753534956307,8.16059031991844,3.186,85.448,31.5397813465886,,,30437261.0
Madagascar,MDG,2023,,,,,,,,18.24080086,75.4562966735535,514.064076551927,4.23086580696344,9.87432675044888,3.044,85.465,31.9799438860946,,,31195932.0
Madagascar,MDG,2024,24.4501397197571,20.2965184252509,28.9510608133895,14.1117475374701,25.4271302190902,23.9229385214997,16.6835993474644,18.67790031,,550.37875528856,4.32283728087992,7.61335784313723,3.051,85.475,32.4339893339844,,,31964956.0
Malawi,MWI,2011,16.5406103840842,16.8824413712152,16.1718470814139,10.8707017805745,10.2690621269804,20.1535709155575,11.8790992643926,3.33,25.8864481164849,763.061000394572,4.93266999813729,7.6228226284852,4.829,73.38,15.5523153908723,,,15265022.0
Malawi,MWI,2012,,,,,,,,4.350599766,29.5800071510519,558.46208832772,1.90000000072909,21.2712650013779,4.949,71.85,15.6253133040464,,,15709577.0
Malawi,MWI,2013,,,,,,,,5.050000191,32.7317425220037,496.947368267313,5.41034999817167,27.2833333333334,4.978,70.268,15.6966173464742,,,16161816.0
Malawi,MWI,2014,18.0924195504843,13.9797515741417,22.4683488896562,9.35595314670024,12.0893647711716,21.4763978681883,12.4742097838875,5.829999924,33.8868400746068,529.5133440206,5.62527000105139,23.7920649469687,4.967,68.636,15.766154187056,,,16621538.0
Malawi,MWI,2015,,,,,,,,6.0,38.4341901744435,539.605363240686,2.80000000003355,21.8673475542553,4.953,66.956,15.8338504946918,,,17085587.0
Malawi,MWI,2016,,,,,,,,6.300000191,40.8844441758703,450.506105510719,2.49999999914311,21.7111132136499,5.011,65.232,15.899632938282,,44.7,17557739.0
Malawi,MWI,2017,33.7139337223883,29.8454895523361,37.942111290486,21.2052813716203,31.2785653215085,35.2345758108733,25.3524408225976,7.0,43.0855088342582,495.769683367165,4.00000000089172,11.5433939188771,5.046,63.467,15.9634281867266,72.8266778164735,,18039715.0
Malawi,MWI,2018,,,,,,,,8.798299789,38.1955692011493,533.202567189331,4.35356471619211,12.420178108921,5.021,63.373,16.0221486554255,76.7200012207031,,18528081.0
Malawi,MWI,2019,,,,,,,,11.05860043,46.7841008334388,580.889139762475,5.71682519194337,9.3708360560567,4.964,63.271,16.1383746619001,,38.5,19025752.0
Malawi,MWI,2020,,,,,,,,13.89949989,51.2170439392301,602.507478176106,0.793596429787286,8.62551469650552,5.72,68.264,16.2961471756409,70.1500015258789,,19533888.0
Malawi,MWI,2021,42.7078088726996,38.1372666808747,47.7499110078036,33.0939710526603,34.7924671920512,47.460203175356,33.3156998960915,15.30300045,59.5599408158462,617.446994451007,4.55829212016083,9.33014410835212,5.652,62.931,16.4881925800694,,,20047258.0
Malawi,MWI,2022,,,,,,,,16.84830093,59.6495709408963,604.269740360317,0.921115069005936,20.953969729969,5.02,63.07,16.7146031979436,,,20568728.0
Malawi,MWI,2023,,,,,,,,17.98810346,61.0866071008045,633.214767978695,1.94575281675984,28.7897428247298,5.009,62.998,16.9748746665356,,,21104482.0
Malawi,MWI,2024,50.3696725002439,46.2797708427249,54.8354765985818,38.0829684230523,47.7891538237362,51.9133940718325,43.3106836276267,18.96159935,69.260530662121,522.365366146003,1.6734340852915,32.1796504225025,5.051,62.926,17.268503531213,,,21655286.0
Malaysia,MYS,2011,66.1738110531964,63.0964719216178,69.2193780332553,47.8114687390697,57.0914584162813,70.1204263282883,39.7251597993199,61.0,125.715832147402,10217.1068585031,5.29391283414003,3.1744709215131,3.05,61.937,71.4245166681964,,43.6,29162039.0
Malaysia,MYS,2012,,,,,,,,65.8,139.314753874976,10600.5744240026,5.47345419253853,1.66357102479206,3.04,62.952,71.9680127926087,,,29662831.0
Malaysia,MYS,2013,,,,,,,,57.05751226,142.522112800428,10713.6407638899,4.69372252557893,2.10501231233612,3.14,63.964,72.4882717118078,,41.3,30174265.0
Malaysia,MYS,2014,80.6746217746032,78.091298691164,83.0129788866595,75.2771611992484,76.1996175813006,82.1775036732471,58.5993718096595,63.6654258813225,146.3656485505,11013.3107334403,6.00672194558203,3.14299050879095,2.88,64.962,72.9802206910773,,,30696137.0
Malaysia,MYS,2015,,,,,,,,71.0640678111957,141.210531313909,9648.6797937523,5.09153242155011,2.10438980238359,3.1,65.185,73.4387869957006,,41.1,31232798.0
Malaysia,MYS,2016,,,,,,,,78.7883099275229,136.725167298764,9476.53409809923,4.44978139761541,2.09056659525742,3.44,65.09,73.8588978909614,94.879997253418,,31789685.0
Malaysia,MYS,2017,85.3437476207774,82.4785366568756,87.9162881853072,80.5045468350328,84.0581559912771,85.8170390089349,69.990157142315,80.1404790103961,130.853522804244,9862.54806612235,5.81272240983328,3.87120115774237,3.41,65.202,74.2354806421432,95.0800018310547,,32355644.0
Malaysia,MYS,2018,,,,,,,,81.2010486181174,128.873150399987,10901.8019954421,4.84308697634881,0.884709160571235,3.3,65.574,74.5634625145296,94.8499984741211,41.2,32910967.0
Malaysia,MYS,2019,,,,,,,,84.1871450078281,133.372921941941,10920.191763972,4.41318742129586,0.662891865764326,3.33,65.871,74.8377707734042,94.9700012207031,,33440596.0
Malaysia,MYS,2020,,,,,,,,89.55501192,129.017911652905,9957.52626697613,-5.45684658426701,-1.1387021539305,4.54,65.473,75.0511895575672,,,33889558.0
Malaysia,MYS,2021,88.3748841160555,87.5146527341944,89.2317012460191,82.9814604470249,74.2709398110853,92.5143702813636,71.6734369523292,96.7514278,137.684938559871,10903.1037480772,3.31534954399166,2.47710241465447,4.64,65.619,75.5088628191907,,40.7,34282399.0
Malaysia,MYS,2022,,,,,,,,97.3986404,138.208441079076,11754.5678336248,9.03173723044451,3.37869862549928,3.93,66.223,75.9741357073003,95.7699966430664,,34695493.0
Malaysia,MYS,2023,,,,,,,,97.69272633,142.7320920639,11386.0395636528,3.5370638041057,2.48886560125754,3.858,66.178,76.4434752105739,,,35126298.0
Malaysia,MYS,2024,88.6918012421116,88.2264701684302,89.1413579480248,82.0441782944544,87.0831218872377,89.1171379088022,74.4397136763991,98.0206059,139.664651283564,11874.4273684245,5.10545921024041,1.834100204499,3.846,66.107,76.9170296648992,,,35557673.0
Maldives,MDV,2011,,,,,,,,34.0,141.955019616029,7424.520410971,8.84342600490342,11.2734146055937,10.043,53.477,37.1274623517731,,,373674.0
Maldives,MDV,2012,,,,,,,,38.93009949,144.912336034,7461.29703686309,2.38928797963442,10.884695658563,9.134,54.164,37.475963433544,,,386818.0
Maldives,MDV,2013,,,,,,,,44.09999847,156.262903991801,8236.08177944126,6.97496226412528,3.8056300091943,8.295,54.849,37.8257075155926,,,400070.0
Maldives,MDV,2014,,,,,,,,49.27999878,160.974524741488,8939.07416571472,7.86068643108074,2.12000175718134,7.461,55.532,38.1938859868107,98.6100006103516,,413617.0
Maldives,MDV,2015,,,,,,,,54.4620018,172.785960191894,9644.90655028145,3.86813536494475,0.953206658777607,6.611,56.214,38.5771510715291,,,428154.0
Maldives,MDV,2016,,,,,,,,59.47750092,183.197235330741,9947.80744731739,6.37528306716864,0.502509413611612,5.771,56.893,38.9560872317815,97.7300033569336,31.3,443308.0
Maldives,MDV,2017,79.546409464789,74.1815888482305,85.4688374776546,71.4076643794785,67.1353871912443,84.1351623287866,72.0899213763901,64.95500183,196.409673414258,10509.628805812,7.07442863215275,2.81747338234509,5.377,59.181,39.32787719143,94.5100021362305,,458287.0
Maldives,MDV,2018,,,,,,,,70.93689728,181.34343974517,11423.2838427029,8.5689555834747,-0.133373386117595,4.962,61.431,39.6923354428279,,,473099.0
Maldives,MDV,2019,,,,,,,,77.46970367,169.774322321116,11740.2724029785,6.92305989050099,0.220029731065383,4.562,63.632,40.0492764783282,98.2099990844727,29.3,487731.0
Maldives,MDV,2020,,,,,,,,79.09780121,142.936122584731,7393.8886543933,-32.9088287752921,-1.36977425569811,5.42,58.304,40.3985147902839,,,502118.0
Maldives,MDV,2021,,,,,,,,81.95760345,136.789214071769,10176.143882547,37.507870124321,0.543149688737013,5.016,59.784,40.7398648710483,,,516154.0
Maldives,MDV,2022,,,,,,,,83.91189054,136.458655310185,11786.0191492983,13.8260895184139,2.3305404647725,4.303,63.424,41.0641769690663,,,524106.0
Maldives,MDV,2023,,,,,,,,84.55290222,141.601234995076,12587.6126038651,4.94286301229583,2.90372427754586,4.019,63.327,41.5096832933973,,,525994.0
Maldives,MDV,2024,,,,,,,,85.23999786,148.137074909198,13379.3513577224,3.49440422654285,1.41093527910134,4.278,63.204,41.9982152717385,,,527799.0
Mali,MLI,2011,8.21385340194332,,,,,,,2.2,65.7107159010821,938.292902579598,2.93537897118415,2.95564395229392,1.403,70.464,23.6379674039304,30.6200008392334,,16469049.0
Mali,MLI,2012,,,,,,,,2.799999952,86.1756593856956,872.506092463946,-1.07239924147837,5.32312847064058,1.462,70.537,24.1606168848588,,,16957033.0
Mali,MLI,2013,,,,,,,,3.5,113.114584714497,901.920957649814,3.29068742053545,-0.606736356351563,1.517,70.597,24.7033626854883,,,17459615.0
Mali,MLI,2014,20.0760415365477,14.6888660906436,25.6376898460865,15.3577476859921,15.7068319565877,22.2612003108043,16.6113299844716,7.0,130.439571178385,947.915033293219,6.50263878386326,0.883814547137841,1.476,70.617,25.2656728660325,,,18020267.0
Mali,MLI,2015,,,,,,,,10.32999992,122.082978226993,838.11986940103,6.23887890181064,1.45069057605961,1.404,70.561,25.847015486705,33.0699996948242,,18593022.0
Mali,MLI,2016,,,,,,,,14.0,105.348301513254,872.468587171653,6.00506308559498,-1.79964707083386,1.367,69.865,26.4468586077195,,,19191289.0
Mali,MLI,2017,35.4166789259965,25.7119213045661,45.457596901003,31.2610829467133,32.8938600659175,36.7281677232724,28.3855658544962,18.89999962,111.210305187838,924.057531692284,5.37554769647939,1.75985742927165,1.498,69.159,27.0646702892896,,,19813011.0
Mali,MLI,2018,,,,,,,,21.39999962,107.404034726492,996.379292136901,4.86784999935264,0.299546507387843,1.62,68.284,27.6999185916288,35.4700012207031,36.0,20442030.0
Mali,MLI,2019,,,,,,,,24.96030045,108.814511587375,971.949318638092,4.99999911699705,-1.65826694846365,3.29,67.394,28.3520715749509,,,21068405.0
Mali,MLI,2020,,,,,,,,29.11300087,116.587405376001,953.242943290974,-1.16910834857605,0.438088940320669,3.528,65.916,29.0205972994693,,,21713836.0
Mali,MLI,2021,43.5009858331426,41.2116643517937,45.9278379762988,37.5125069280803,41.3040160748489,44.6873606551652,38.5670824162883,33.95650101,108.693122357196,1027.27345365357,3.10094124463507,3.92560283104277,4.006,66.766,29.7049638253978,,35.7,22388630.0
Mali,MLI,2022,,,,,,,,35.19919968,112.119852778009,976.914116406452,3.70319027585386,9.62147608489064,2.387,67.236,30.4015705681899,,,23072640.0
Mali,MLI,2023,,,,,,,,36.03879929,,1042.44223444837,4.76394100040932,2.05880228274223,2.947,67.208,31.0031889023235,,,23769127.0
Mali,MLI,2024,54.7454806007539,45.6045965708999,64.185279812671,45.4853738151214,45.8003632624057,59.6893977013427,48.7312464777965,36.80149841,,1093.2523323649,5.01653579205785,3.2063986409966,2.924,67.173,31.6075621182225,35.6300010681152,,24478595.0
Malta,MLT,2011,95.270072697356,94.0702447128931,96.568583025451,94.8596877070873,88.704188140531,96.6174051291039,92.2548819841719,68.0198237885462,122.871784244091,23516.972445816,0.992201768011597,2.9629852819288,6.388,51.382,94.3155916422812,93.3099975585938,29.1,416268.0
Malta,MLT,2012,,,,,,,,68.1998742928975,124.757214417819,22878.3095862582,4.10167460261891,2.37582057760386,6.203,52.657,94.3626256493653,,29.4,420028.0
Malta,MLT,2013,,,,,,,,68.9138,129.921671505793,25415.5525389054,6.29233378116625,1.1802843636655,6.115,54.08,94.3906567856206,,28.8,424810.0
Malta,MLT,2014,96.3279933898328,95.6164647426045,97.0911055171523,94.6181681496544,87.3188679182607,97.384853239482,90.9296730096944,73.1141157845193,125.718724466898,27424.5693619702,7.6313628225042,0.310306472181665,5.737,55.172,94.412512773898,,29.0,433481.0
Malta,MLT,2015,,,,,,,,75.9600189752747,117.794018171562,25529.6693210673,9.62070302842181,1.10054826378929,5.389,55.634,94.4387696268011,,29.4,444220.0
Malta,MLT,2016,,,,,,,,78.0751488032182,128.59869659476,26459.0644285369,4.07800422216982,0.642702771527304,4.694,56.576,94.4800033569336,,29.1,454505.0
Malta,MLT,2017,97.362910338036,96.9646608812829,97.7760378745971,94.656338953329,97.4538097567148,97.3468359887329,97.7286664955199,81.0119110762945,129.249073523943,30317.2611769875,12.9713425287845,1.36435448150708,4.008,57.657,94.5691806330314,,29.2,467106.0
Malta,MLT,2018,,,,,,,,81.6580442928014,127.093763801237,33382.280781103,7.18921425536917,1.15782362451517,3.956,59.255,94.7242373261706,,28.7,483903.0
Malta,MLT,2019,,,,,,,,85.7785963798031,125.866492068688,32421.9087471186,4.0850557312243,1.6420600176894,4.08,60.283,94.9332032524644,,31.0,503912.0
Malta,MLT,2020,,,,,,,,86.85876183,122.175694268893,31823.422001724,-3.45728232537419,0.638544956776712,4.856,61.478,95.1841082280263,,31.4,515490.0
Malta,MLT,2021,96.446811059552,95.3260768262779,97.5652689761347,93.3451681120073,94.4362050360633,96.7605593689434,93.3743005410318,87.46977742,123.941408455002,38078.0064279067,13.3509818925498,1.49789217934724,3.754,62.413,95.5145343617045,,31.6,518150.0
Malta,MLT,2022,,,,,,,,91.54062209,132.861156549134,35658.8318250199,2.59276776884379,6.15375621933037,3.471,64.001,95.6003155132879,,34.6,531113.0
Malta,MLT,2023,,,,,,,,92.07266941,140.59359496844,40932.5238774461,10.6340558017004,5.09396758978883,3.479,64.284,95.6272277147965,,31.8,552747.0
Malta,MLT,2024,96.5581295334766,96.0512328002859,97.0301617715661,93.4254898314504,96.1067053120617,96.6148861570087,88.2447080502285,93.86029816,142.070062100751,44023.6341078148,6.21275996991034,1.65079469283109,3.1,64.164,95.6546264490509,,,568847.0
Marshall Islands,MHL,2011,,,,,,,,10.0,,3319.39815439151,-0.502512562814076,,,,73.8553711172585,98.2699966430664,,51907.0
Marshall Islands,MHL,2012,,,,,,,,12.5,,3514.26515490383,-1.29068462401796,,,,74.2705132518924,,,51419.0
Marshall Islands,MHL,2013,,,,,,,,14.0,,3677.90690791421,3.80898237635019,,,,74.6790601806083,,,50681.0
Marshall Islands,MHL,2014,,,,,,,,16.79999924,31.126998152462,3735.23977829545,-1.25958378970427,,,,75.0790555372177,,,49796.0
Marshall Islands,MHL,2015,,,,,,,,19.28240013,31.7622950819672,3764.34426229508,1.88574597892401,,,,75.4702568207363,,,48800.0
Marshall Islands,MHL,2016,,,,,,,,29.78779984,,4229.80988911945,2.5040827436037,,,,75.8524215301796,,,47709.0
Marshall Islands,MHL,2017,,,,,,,,38.70119858,34.3871563970857,4592.83457628576,3.55815188528943,,,,76.2253071645634,,,46529.0
Marshall Islands,MHL,2018,,,,,,,,43.88249969,,4858.12079054875,5.48717948717949,,,,76.5886712229035,,,45285.0
Marshall Islands,MHL,2019,,,,,,,,49.75749969,36.3578521598836,5292.33985502306,10.4521147301896,,,,76.9422712042154,98.1800003051758,35.5,44007.0
Marshall Islands,MHL,2020,,,,,,,,56.41910172,37.4654615276542,5661.96787336674,-2.77288732394366,,,,77.285864607515,,,42706.0
Marshall Islands,MHL,2021,,,,,,,,63.97259903,38.6781734232601,6315.31172190393,2.15939339067452,,,,77.6163157431143,95.7629302411191,,41367.0
Marshall Islands,MHL,2022,,,,,,,,64.26719666,39.7060658232902,6455.6603538189,-0.700580183196621,,,,77.9855966195187,,,40077.0
Marshall Islands,MHL,2023,,,,,,,,64.07589722,,6799.39217554794,-5.39477377525279,,,,78.3593928884282,,,38827.0
Marshall Islands,MHL,2024,,,,,,,,65.915802,,7590.28443592202,3.30188679245282,,,,78.7325660244112,,,37548.0
Mauritania,MRT,2011,17.46181510476,12.0874266736437,23.3032708309458,,10.6622418571005,20.8246941110495,10.6370300574848,4.5,94.6316258570616,1931.19975525465,4.17278328304418,5.68631959575954,9.976,43.754,47.1350407023691,,,3502811.0
Mauritania,MRT,2012,,,,,,,,5.0,111.230731736701,1859.11733247641,4.47001318233693,4.90242727217997,9.864,43.551,48.2732447351525,,,3619034.0
Mauritania,MRT,2013,,,,,,,,6.199999809,106.798483685642,1936.26950446101,4.15081318627171,4.12910173783393,9.926,43.058,49.3553973225913,62.0699996948242,,3734318.0
Mauritania,MRT,2014,22.8658821638402,20.9950786318854,24.8403225776074,,14.7082173550953,27.156758835387,17.9981747468088,11.80000019,97.5267336951353,1718.97089374709,4.27482327130284,3.53436856147324,10.026,42.567,50.4694791226856,,32.6,3848514.0
Mauritania,MRT,2015,,,,,,,,17.60000038,91.8941169084199,1558.84205473416,5.37633923694936,3.25472688117631,10.104,42.077,51.6680350049622,65.1100006103516,,3965959.0
Mauritania,MRT,2016,,,,,,,,19.23279953,88.4383494871236,1568.00551190332,1.26090922448303,1.47171045650004,10.287,41.589,52.9185627319946,,,4086657.0
Mauritania,MRT,2017,20.872506347802,15.4872776663314,26.2859279064451,,13.0964713043527,24.7897919909688,14.443876076282,21.01720047,96.7595354581295,1617.93401542267,6.27054569386574,2.25427651934813,10.336,41.102,54.1970448502004,,,4210600.0
Mauritania,MRT,2018,,,,,,,,22.96699905,105.275094895088,1723.37809442655,4.77217363890155,3.06735996058356,10.411,41.079,55.1305077000081,,,4337685.0
Mauritania,MRT,2019,,,,,,,,25.0977993,105.441089704161,1767.072710621,3.14100489264639,2.30009262117937,10.416,41.045,56.0596215779146,,32.0,4467708.0
Mauritania,MRT,2020,,,,,,,,29.90649986,126.277034284458,1795.72437324423,-0.36065738652286,2.3856948845632,11.051,40.548,56.9836701058893,59.5299987792969,,4600131.0
Mauritania,MRT,2021,,,,,,,,35.63660049,137.540323142707,1947.47413907209,0.7427154981402,3.56516484650185,11.131,40.703,57.901535141641,,,4734874.0
Mauritania,MRT,2022,23.4559362292581,16.0946622827958,31.6008515120489,22.8307098529835,16.849108606807,26.7178467856074,17.4793588389456,42.46450043,109.883898247552,1961.28166648869,6.7960049994761,9.52526628622843,10.52,40.939,58.8120996197226,,,4875637.0
Mauritania,MRT,2023,,,,,,,,44.95629883,90.7724948884417,2127.9576285973,6.80949002457973,4.95305034506872,10.37,40.926,59.7142464747058,,,5022441.0
Mauritania,MRT,2024,27.3142609920985,24.6801310105525,30.2658938456615,24.3259402241594,20.9447581646237,30.5638864376142,21.3184896184446,45.77939987,92.0748946443443,2104.54260769051,6.3076021190402,2.49164347481972,10.257,40.896,60.6068586411829,,,5169395.0
Mauritius,MUS,2011,80.1232107704602,74.7327361658089,85.8156387778478,69.495271047511,73.1306574272786,81.8305521343898,73.8234515838732,34.95000076,100.608971543233,9324.24232310496,4.14555262561014,6.52249254869341,7.447,58.426,40.1665923228716,89.25,,1252404.0
Mauritius,MUS,2012,,,,,,,,35.42,115.252449250293,9421.52514098225,3.51062090167264,3.85216033315983,7.472,58.69,40.0369511615085,91.7699966430664,38.5,1255882.0
Mauritius,MUS,2013,,,,,,,,40.116825135,118.793106653529,9877.13865958834,3.39755085220649,3.54329573934839,7.322,59.708,39.9108848558771,91.4899978637695,,1258927.0
Mauritius,MUS,2014,82.2082721727861,79.9984975957715,84.5860494320222,71.954805138031,69.1465860992928,85.4274776181902,76.2594871802238,44.8032753683379,127.86328226284,10490.3315563853,3.85773905280689,3.21769191994684,7.467,59.973,39.7887571971735,92.4700012207031,,1261208.0
Mauritius,MUS,2015,,,,,,,,50.1393184766711,136.371902265385,9630.5437837507,3.71766362108832,1.28654970760232,7.41,60.342,39.6709610617726,92.7099990844727,,1262879.0
Mauritius,MUS,2016,,,,,,,,52.19129944,140.423888162514,10095.1225574156,3.88576121076034,0.977675134718965,6.814,59.658,39.5578893260494,93.1600036621094,,1263747.0
Mauritius,MUS,2017,89.8425267240129,87.1129483939197,92.7059713938473,86.318980642992,79.439923228153,92.4187975110181,88.3541019717525,55.4032403002657,142.524532117413,10986.7034093005,3.95441730960265,3.66699702675925,6.752,59.887,39.4499348663789,,36.8,1264887.0
Mauritius,MUS,2018,,,,,,,,58.596169704299,148.816797831837,11818.7480619272,4.11669369456492,3.2160538314457,6.426,59.274,39.3474905591359,,,1265577.0
Mauritius,MUS,2019,,,,,,,,61.7299551453346,145.117277088014,11568.2533399824,2.86394938684734,0.405655190309553,6.331,59.747,39.2509492806955,,,1265985.0
Mauritius,MUS,2020,,,,,,,,67.73290684,149.06995900167,9135.84773751062,-14.1974358137792,2.5808007718283,8.626,55.714,39.1607039074325,,,1266014.0
Mauritius,MUS,2021,90.5263443555157,89.4044601586197,91.739716010368,90.5511382693384,83.6217327569151,92.3256230218352,85.1820047873777,71.59999847,154.053185977432,9177.71195973013,3.33809084057279,4.02852888157376,7.719,52.584,39.077147315722,92.9800213334339,,1266334.0
Mauritius,MUS,2022,,,,,,,,75.5,164.309278835228,10246.5017455553,8.3424438025047,10.7737512242899,6.322,55.559,39.0000125885784,,,1262523.0
Mauritius,MUS,2023,,,,,,,,79.5,165.257524411348,11269.9684462139,4.69918189687444,7.05298238454736,5.571,58.996,39.0039901092226,94.2877776512134,,1248647.0
Mauritius,MUS,2024,89.5984480347546,87.44277026075,91.7832047664155,86.3341061612645,89.7825430569018,89.5622247667172,84.0962831484244,73.30793533,172.68356921857,11990.9355434317,4.94844235250574,3.6045220384796,5.548,58.664,39.0162147027917,,,1245779.0
Mexico,MEX,2011,27.4293831561048,21.9658799677223,33.1920930160886,13.3658258922716,28.5709103424221,27.0201587108708,13.4002450555989,37.1762954125184,82.0725244522242,10664.4944032313,3.44404505297089,3.40737824605742,5.175,60.526,76.5667802279537,93.5199966430664,,115243504.0
Mexico,MEX,2012,,,,,,,,39.75,86.2256233206385,10744.1335236186,3.55321076010608,4.11150981070289,4.892,61.221,76.6585199140734,94.2300033569336,49.6,116818208.0
Mexico,MEX,2013,,,,,,,,43.46,90.2012422761648,11216.800851866,0.852101550164704,3.80639069747204,4.921,61.033,76.7955768077952,93.9599990844727,,118343573.0
Mexico,MEX,2014,39.1408431572041,38.8981842866508,39.4000760623419,29.3630324062579,32.0600603809052,41.6840807111367,30.0333848606459,44.3856962723411,87.6144646415609,11391.3773503964,2.50376350783593,4.01861608078679,4.819,60.476,76.9741367091766,94.5599975585938,48.9,119784261.0
Mexico,MEX,2015,,,,,,,,57.4310429923633,88.9454290232153,10021.2386113616,2.70232343024026,2.72064064964023,4.311,60.552,77.1903854182753,94.4700012207031,,121072306.0
Mexico,MEX,2016,,,,,,,,59.5404459967255,91.3941924453661,9097.92397674769,1.7724932254128,2.8217078474766,3.853,60.427,77.4405087351486,94.8600006103516,46.9,122251351.0
Mexico,MEX,2017,36.0417666941178,32.8661862616389,39.5818529586562,25.2140567561876,31.3209505120234,37.6741048705148,24.4810995306486,53.0317886110982,92.6493518556478,9649.27816729586,1.87172854648381,6.04145724018986,3.419,60.209,77.7206924598541,94.9700012207031,,123400057.0
Mexico,MEX,2018,,,,,,,,56.6595667981289,96.4612204576614,10084.7937570364,1.97208211101069,4.89935015356551,3.275,60.429,78.0271223924494,95.379997253418,46.0,124573711.0
Mexico,MEX,2019,,,,,,,,69.6321092705209,97.0358606795758,10369.5553593527,-0.392690513290532,3.63596142127046,3.477,61.12,78.355984332992,95.3889403219417,,125762982.0
Mexico,MEX,2020,,,,,,,,71.49017499,96.9237451881936,8841.27074929751,-8.35403459379062,3.39683415570006,4.44,56.426,78.677960602824,95.25,44.6,126799054.0
Mexico,MEX,2021,,,,,,,,75.62650476,99.09481491263,10314.0506733708,6.04848347173572,5.68920847683753,4.019,59.925,78.9324007418057,95.6890981310362,,127648148.0
Mexico,MEX,2022,48.9714753743921,42.3037269766815,56.2709550827829,32.0687283682174,50.0434860736247,48.6619150454936,31.7912026624538,78.63217894,105.720624125765,11405.7940469896,3.70975708309098,7.8962761916855,3.256,60.946,79.199683215791,95.120002746582,43.5,128613117.0
Mexico,MEX,2023,,,,,,,,81.18318755,111.735420288549,13830.843848864,3.1067964131456,5.52796087314389,2.765,61.743,79.4734935748046,95.8346901734281,,129739759.0
Mexico,MEX,2024,53.0320833316729,47.4017009910959,59.1387643464686,39.604436945858,44.6702387701333,55.4321327132819,35.2367921698715,83.12233799,116.486713265167,13988.0423745241,1.35057631384696,4.72225588452932,2.678,61.635,79.7538805976118,95.5500030517578,42.6,130861007.0
"Micronesia, Fed. Sts.",FSM,2011,,,,,,,,22.79999924,25.6272168471095,2859.8488365615,3.78151260504202,5.08259403890371,,,22.2914664135472,,,107698.0
"Micronesia, Fed. Sts.",FSM,2012,,,,,,,,25.97439957,28.9303920659931,3003.05867086848,-1.61943319838058,5.01850353045616,,,22.2942568788425,,,107890.0
"Micronesia, Fed. Sts.",FSM,2013,,,,,,,,27.79999924,29.0350625687887,2904.1536796737,-3.70370370370371,1.75232737350762,,,22.2986323961146,,40.1,108121.0
"Micronesia, Fed. Sts.",FSM,2014,,,,,,,,29.64999962,,2915.23672460238,-2.56410256410257,0.650284891767944,,,22.3046193122479,,,108396.0
"Micronesia, Fed. Sts.",FSM,2015,,,,,,,,31.50110054,20.7007248243129,2869.86276169101,4.3859649122807,-0.2981158373807,,,22.3122336099411,,,108716.0
"Micronesia, Fed. Sts.",FSM,2016,,,,,,,,33.35219955,21.4641301856521,2997.93719917488,1.26050420168067,-1.03746806405349,,,22.3214896137555,,,109075.0
"Micronesia, Fed. Sts.",FSM,2017,,,,,,,,35.30410004,21.1123391273372,3297.37580036719,2.07468879668049,0.58225373525489,,,22.332401189542,,,109481.0
"Micronesia, Fed. Sts.",FSM,2018,,,,,,,,36.61460114,,3584.78377566896,0.406504065040664,1.49840023593737,,,22.3449820355433,,,109909.0
"Micronesia, Fed. Sts.",FSM,2019,,,,,,,,37.97370148,20.8556246712972,3581.72684572278,3.64372469635627,1.92385170787923,,,22.359245777081,,,110282.0
"Micronesia, Fed. Sts.",FSM,2020,,,,,,,,39.38330078,19.8348299614122,3362.02802120524,-2.05703124999999,0.554594630853174,,,22.3752060036598,,,110916.0
"Micronesia, Fed. Sts.",FSM,2021,,,,,,,,,19.7090231491436,3508.22314197664,3.09969928290539,3.19128406597466,,,22.3928762855411,,,111624.0
"Micronesia, Fed. Sts.",FSM,2022,,,,,,,,39.0279007,19.9885830493962,3703.66680343222,-3.11412501063803,5.40874375479067,,,22.4122701819053,,,112114.0
"Micronesia, Fed. Sts.",FSM,2023,,,,,,,,39.39889908,,3933.01607031874,1.13097800090873,,,,22.4334012451903,,,112630.0
"Micronesia, Fed. Sts.",FSM,2024,,,,,,,,39.52360153,,4251.69052668788,2.30132923576443,,,,22.4562830235421,,,113160.0
Moldova,MDA,2011,18.066321545044,17.1713945638772,19.0943808921538,9.73867003222091,17.3669791424211,18.2787666050978,4.01648636951647,32.06999969,90.4419573908726,2941.36224066021,5.81816614684824,7.68725103356181,2.677,64.395,39.3469161987305,,30.6,2860699.0
Moldova,MDA,2012,,,,,,,,34.65000153,102.918975508711,3044.8084324815,-0.589733954762579,4.54633427355302,2.189,64.787,39.3614196777344,,29.2,2860324.0
Moldova,MDA,2013,,,,,,,,37.43999863,108.451690919044,3321.04397795719,9.0438656074181,4.59787897363136,1.894,65.249,39.4275512695312,,28.5,2859558.0
Moldova,MDA,2014,17.7557472362564,18.9757199817063,16.3993597719248,11.0780323647724,12.2383694632552,19.4436687274862,2.17939411129282,66.9999982002077,111.829207986696,3289.95758568777,4.99962585407656,5.08878554625869,1.45,69.265,39.6298484802246,99.3600006103516,26.8,2857815.0
Moldova,MDA,2015,,,,,,,,69.0000044661932,112.958678058046,2749.55137054338,-0.338235622387202,9.67624033101859,1.781,70.215,39.6954040527344,,27.0,2835978.0
Moldova,MDA,2016,,,,,,,,70.9999991066624,117.008370513998,2847.08794770479,4.64601436259409,6.35930898037931,1.591,69.907,39.7373237609863,,26.3,2803186.0
Moldova,MDA,2017,43.7856520895532,44.5514456684189,42.9407999194119,31.5098100189025,39.1900826068307,44.7852506019621,21.6605878122682,71.76709747,117.321043357799,3453.26727720294,4.17561205106279,6.57022997455604,1.622,68.331,39.9736557006836,,25.9,2755189.0
Moldova,MDA,2018,,,,,,,,72.54239655,115.31999925169,4156.44981956646,4.07559546585034,3.04505397337058,1.239,67.053,40.3258094787598,,25.7,2707203.0
Moldova,MDA,2019,,,,,,,,73.32610321,116.105189229966,4405.33418162155,3.5523140853476,4.83778351428729,1.502,69.332,40.772289276123,,26.0,2664224.0
Moldova,MDA,2020,,,,,,,,74.11830139,111.444672775453,4375.7788930524,-8.27597831976949,3.76597122245358,1.206,69.68,41.3368530273438,,25.0,2635130.0
Moldova,MDA,2021,64.2455175635428,62.9240254361984,65.703445692153,54.4318833678009,63.8843771930339,64.3238847850133,39.9513794576381,74.91899872,128.983642317657,5274.60582195352,13.9299997889786,5.10641129002836,0.794,72.51,41.8115425109863,,25.7,2595809.0
Moldova,MDA,2022,,,,,,,,74.91899872,137.182551887592,5744.29618434435,-4.64785101037361,28.7372976766236,0.909,72.531,42.4048843383789,,25.9,2528654.0
Moldova,MDA,2023,,,,,,,,76.50330353,129.546081439289,6799.58594644576,1.18802067937429,13.41701043813,1.57,70.787,43.0011825561523,,26.8,2457783.0
Moldova,MDA,2024,55.544249263449,54.547891632053,56.690862731554,43.5496377819456,58.9612387740146,55.0742263594183,38.4001319181705,77.3687973,120.083487069521,7578.90216348853,0.270670455512573,4.67773516007048,1.427,72.159,43.516471862793,,,2402306.0
Monaco,MCO,2011,,,,,,,,80.30000305,93.6457903729453,179364.009524397,7.02235694617619,,,,100.0,,,33946.0
Monaco,MCO,2012,,,,,,,,87.0,95.6325084267235,165444.625782803,1.01221841230461,,,,100.0,,,34711.0
Monaco,MCO,2013,,,,,,,,90.69999695,100.047958924592,184940.633666281,9.57709832354816,,,,100.0,,,35447.0
Monaco,MCO,2014,,,,,,,,92.40000153,93.2102524357839,195693.519540544,7.18702777537968,,,,100.0,,,36128.0
Monaco,MCO,2015,,,,,,,,93.36329651,92.5537992763283,170437.021128628,4.91037176536236,,,,100.0,,,36757.0
Monaco,MCO,2016,,,,,,,,95.20819855,89.3255714132418,173604.669723126,3.00844358752744,,,,100.0,,,37276.0
Monaco,MCO,2017,,,,,,,,97.0530014,87.5258771697011,170663.470051177,-3.20618323813213,,,,100.0,,,37678.0
Monaco,MCO,2018,,,,,,,,,85.6764690464958,188298.389694191,5.69790121192926,,,,100.0,,,38154.0
Monaco,MCO,2019,,,,,,,,98.0,88.6483507832795,193746.729890885,7.12088951975396,,,,100.0,,,38109.0
Monaco,MCO,2020,,,,,,,,98.57080078,93.2588699080158,176891.806328966,-13.2391048292108,,,,100.0,,,38050.0
Monaco,MCO,2021,,,,,,,,99.07759857,97.1422638668985,223823.327192464,22.2322155851208,,,,100.0,,,38527.0
Monaco,MCO,2022,,,,,,,,98.75189972,100.061647530246,226052.060664649,11.2662955198601,,,,100.0,,,38931.0
Monaco,MCO,2023,,,,,,,,98.87049866,104.060991888284,256799.911212051,5.44395088840088,,,,100.0,,,38956.0
Monaco,MCO,2024,,,,,,,,99.04489899,107.400792109963,288001.574856495,8.51053758860212,,,,100.0,,,38631.0
Mongolia,MNG,2011,77.7170918230085,82.3649984981069,72.8418451903559,70.8897325035612,73.3515614513386,79.8451403909673,53.5521794090237,12.4999911084745,107.181059165519,3736.04201455077,17.2907775869555,8.41121495327101,4.769,59.805,67.9196058798676,,33.9,2786317.0
Mongolia,MNG,2012,,,,,,,,16.4,120.738848253543,4328.89001905655,12.3198198494032,14.3303348325838,3.905,59.654,67.9522782537785,,33.8,2839705.0
Mongolia,MNG,2013,,,,,,,,17.699984237,100.901264814345,4340.14310544449,11.6489161878925,10.4906567588241,4.231,59.497,67.9776750055915,,,2899011.0
Mongolia,MNG,2014,91.8217819219364,93.2062125337307,90.2977658779805,89.1090497920642,93.0465502155744,91.3986004268506,77.7269207809817,19.9424474349209,103.920441847843,4126.23975800524,7.88522548204762,12.2539808129759,4.798,59.643,67.9941357229626,,32.0,2963113.0
Mongolia,MNG,2015,,,,,,,,22.5000041337688,103.078420951136,3838.92126989984,2.37983580731722,5.73568281938327,4.861,59.674,67.9999999906095,,,3026864.0
Mongolia,MNG,2016,,,,,,,,22.2657705007562,110.745846833017,3619.90026383792,1.48978448679577,0.733272227314397,7.235,58.397,67.9776754820979,,32.3,3088856.0
Mongolia,MNG,2017,92.9711716043363,94.9537949373739,90.8124422079579,90.594433010462,84.2399142248584,95.9744281814367,85.0011324968522,23.71430016,125.18399904135,3645.96708669551,5.63687638694772,4.30143105302342,6.359,59.138,67.9260583223672,,,3148917.0
Mongolia,MNG,2018,,,,,,,,47.1300018848989,133.283865358717,4107.64288528468,7.74488062024881,6.82424790145522,5.377,59.746,67.8683444833372,96.9000015258789,32.7,3208189.0
Mongolia,MNG,2019,,,,,,,,51.079994082603,136.719198864644,4347.54610314873,5.60224422064255,7.30106953550729,9.024,65.598,67.8277299551557,98.4599990844727,,3267673.0
Mongolia,MNG,2020,,,,,,,,62.50002848,132.610273840436,4001.25193077703,-4.55775197583431,3.7237230614026,6.413,63.432,68.0894771770775,99.1800003051758,,3327204.0
Mongolia,MNG,2021,98.4550191343593,98.9679816875415,97.8887352506416,98.2881157724626,95.4488588203154,99.2140394768871,96.5344670696413,81.60682285,140.352142155192,4517.61578018785,1.63676957736662,7.35894657888155,7.871,61.199,69.2153244018555,99.2143568969301,,3383741.0
Mongolia,MNG,2022,,,,,,,,81.07720184,142.808581769425,4993.51487463495,5.0327096366527,15.1509728200805,5.954,62.614,69.783805847168,98.7300033569336,31.4,3433748.0
Mongolia,MNG,2023,,,,,,,,83.74320221,141.08481753135,5838.63108083902,7.4221127615025,10.347583131434,5.178,60.833,70.4464492797852,98.6399993896484,,3481145.0
Mongolia,MNG,2024,98.2787007982729,98.9739436798409,97.5086522078017,97.3968423935397,95.862287532359,98.8850129423358,95.1893884267782,85.12349701,140.670025377351,6750.6301157724,5.12204539122661,6.1977990165842,5.158,60.312,70.9566040039062,98.6399993896484,,3524788.0
Montenegro,MNE,2011,50.4380175207008,48.9286050230458,52.1508934480477,42.2766058604209,29.0152761457109,56.2276901970249,28.7203242617255,35.6115412460109,183.204359810839,7265.51771176628,3.40978812497193,3.4501431124869,19.759,48.268,64.4210914835811,98.4400024414062,30.8,620345.0
Montenegro,MNE,2012,,,,,,,,56.8387825490631,156.401963569782,6552.47970337373,-2.48732882965353,4.14524724981119,19.808,49.436,64.5244008658951,,41.2,621418.0
Montenegro,MNE,2013,,,,,,,,60.31,156.964444205798,7102.7776714702,3.38612548540247,2.20589268141178,19.585,49.42,64.6252987959653,,39.0,622587.0
Montenegro,MNE,2014,59.8260088429335,57.9082308088156,61.8943948720518,46.3960880014203,41.3445997354087,64.3957228904038,34.7294214029851,63.8868840056697,160.490358344882,7342.17147363741,2.37030892464516,-0.710514051710227,18.054,51.638,64.7232143772459,,38.8,623744.0
Montenegro,MNE,2015,,,,,,,,68.1197860085679,160.454990487865,6421.00005731419,2.52306333975571,1.54869158222486,17.555,52.374,64.8181652937171,,39.0,624651.0
Montenegro,MNE,2016,,,,,,,,69.8816468416779,166.719850572448,6968.01202883651,3.4393056210999,-0.271385023385176,17.732,52.748,64.9101692293409,,38.5,625353.0
Montenegro,MNE,2017,68.3617939985301,67.572241335707,69.1868666918725,60.2747107537242,41.0679396493127,74.3745985804736,43.1782273245578,71.2723325399382,168.464830660169,7674.2856571219,3.21668504736274,2.3802359905313,16.082,52.64,64.9992438680584,,36.9,625982.0
Montenegro,MNE,2018,,,,,,,,71.5171004874886,184.219098888429,8673.59469069858,4.73292113433965,2.611223782638,15.19,53.566,65.0854068937869,98.5299987792969,36.8,626438.0
Montenegro,MNE,2019,,,,,,,,73.4766657478691,188.173957398388,8749.25629734676,4.39391565821528,0.361563704540767,15.128,54.558,65.1686759904159,,35.7,626753.0
Montenegro,MNE,2020,,,,,,,,77.60879306,177.66521091893,7555.48699036321,-14.9926187023533,-0.255655699848551,17.878,50.373,65.2490688418027,,35.4,626590.0
Montenegro,MNE,2021,,,,,,,,82.21969752,185.488473149833,9315.86435643142,13.0462607426359,2.41080198403165,16.543,48.102,65.3266031317675,,34.3,625053.0
Montenegro,MNE,2022,,,,,,,,88.22192026,207.278149444886,10038.1849482517,7.73954689516201,13.0403036347004,14.851,55.484,65.4012965440866,,,623591.0
Montenegro,MNE,2023,,,,,,,,88.5515976,207.237922064803,12258.1600477339,6.47836283518564,8.58476910455403,13.146,58.564,65.4731667624849,,,623529.0
Montenegro,MNE,2024,75.4116297013886,73.3747524585654,77.5678116655159,66.7159776755659,33.0973747292986,84.6434721782593,41.9977774580032,88.88258428,221.687322527444,13270.1824401005,3.16409886329913,3.33675009282281,13.206,58.234,65.5422314706266,,,623525.0
Morocco,MAR,2011,,,,,,,,46.107482597,111.063715196143,3301.98876953125,5.52464523319847,0.9069249096918,8.91,49.16,58.902576690412,67.0800018310547,,32912588.0
Morocco,MAR,2012,,,,,,,,55.4160531914894,116.972130406733,3164.17724609375,3.06234368502997,1.28712240079219,8.99,48.41,59.4348555979895,69.1600036621094,,33355241.0
Morocco,MAR,2013,,,,,,,,56.0,125.560354723339,3379.7431640625,4.12221286860944,1.88065466724086,9.23,48.31,59.9083499302469,,39.5,33787571.0
Morocco,MAR,2014,,,,,,,,56.7746379160074,128.971839608382,3435.40698242188,2.7192440802029,0.442310053557048,9.7,48.06,60.3030486171654,64.2600021362305,,34204780.0
Morocco,MAR,2015,,,,,,,,57.0799993486116,124.480492544005,3146.24780273438,4.34458297635238,1.5579071134626,9.46,47.47,60.6417124737154,,,34607588.0
Morocco,MAR,2016,,,,,,,,58.271236420398,118.531797132419,3140.85546875,0.52118550608968,1.63531114327064,9.3,46.55,60.9657656537179,,,35023457.0
Morocco,MAR,2017,,,,,,,,61.7622120123071,123.894319060738,3296.52661132813,5.05789816173446,0.754663249323619,9.22,45.5,61.2761057031842,,,35446392.0
Morocco,MAR,2018,,,,,,,,64.8038651924043,124.827523956634,3501.69799804688,3.06564133025955,1.80391671141896,9.272,45.83,61.5695822753314,,,35839760.0
Morocco,MAR,2019,,,,,,,,84.1203630467602,128.874798962456,3508.09765625,2.89097476137077,0.303386036590383,9.191,46.161,61.8430450233765,,,36210898.0
Morocco,MAR,2020,,,,,,,,84.12036305,135.088404811169,3268.0302734375,-7.17820744246774,0.705968661338261,11.189,44.539,62.0933436005366,,,36584208.0
Morocco,MAR,2021,44.3728342386603,32.7023454022166,55.9659124959695,33.932914882804,35.896599520017,47.3234729472657,36.9131367453721,88.13031937,138.911268095998,3785.93627929688,8.15473889823681,1.40195883962006,10.551,45.3,62.3173276600289,,,36954442.0
Morocco,MAR,2022,,,,,,,,89.9,141.870002419562,3463.1376953125,1.81269242194809,6.65704202759067,9.413,44.3,62.5118468550703,,,37329064.0
Morocco,MAR,2023,,,,,,,,91.0,148.155101338402,3813.72607421875,3.65564411017931,6.09114152504141,8.896,44.224,62.673750838878,,,37712505.0
Morocco,MAR,2024,44.3863291468524,34.6828902547469,54.6311625939388,41.2388909006007,30.2073749271661,49.0369063566401,38.9193875691187,91.2,153.057260079672,4153.1943359375,3.79336515978963,0.985256592004507,9.103,44.129,62.7998124018197,,,38081173.0
Mozambique,MOZ,2011,,,,,,,,4.599999905,33.216339150187,618.17649286789,7.13405842300445,11.1666056127874,3.295,81.628,31.2062230032794,,,23649039.0
Mozambique,MOZ,2012,,,,,,,,5.0,36.1781646576283,685.685748199513,7.9945031610722,2.60245456956618,3.304,81.008,31.4315251735105,,,24337846.0
Mozambique,MOZ,2013,,,,,,,,5.5,49.5029641007918,686.505672517351,6.57141389665537,4.26135250941963,3.345,80.373,31.6619153976179,,,25051611.0
Mozambique,MOZ,2014,,,,,,,,6.0,71.6701472266196,697.142680444123,7.70256844839309,2.55974875844295,3.377,79.721,31.8972245802342,,54.0,25788475.0
Mozambique,MOZ,2015,,,,,,,,6.5,75.8447213176406,610.563774706589,7.3930936986377,3.55075967356746,3.426,79.053,32.1372836259918,56.0400009155273,,26547572.0
Mozambique,MOZ,2016,,,,,,,,7.0,54.9641156223382,441.489734819071,4.69699024225795,17.4180418197597,3.65,79.019,32.3819234395234,,,27337105.0
Mozambique,MOZ,2017,41.6701037933311,32.8739478380401,51.0665535974972,26.8005233195254,44.6341988607835,39.8059055774187,34.6136347208568,7.7963266079129,42.1619694080105,470.93856305196,2.63820737310658,15.1132073899384,3.935,78.983,32.6274411492675,60.6599998474121,,28166393.0
Mozambique,MOZ,2018,,,,,,,,10.89999962,48.5007087167822,517.507260258101,3.48493202422782,3.91133439990729,4.21,78.949,32.9902559073541,,,29018644.0
Mozambique,MOZ,2019,,,,,,,,12.47929955,49.4350694242276,519.09255091362,2.31781394821475,2.80270307928111,4.462,78.917,33.4177241517032,,50.7,29884380.0
Mozambique,MOZ,2020,,,,,,,,14.28740025,50.2318825476662,462.433876479921,-1.21952250011192,3.48393567493204,5.019,78.149,33.9044006416285,59.7799987792969,,30783688.0
Mozambique,MOZ,2021,49.4927479032385,38.6894724403886,60.9973688777854,34.4836364757777,49.4260790690771,49.5318539089583,39.1147091164726,16.35759926,43.1636190464176,509.907829475551,2.37743572761507,6.40847652975692,5.413,78.074,34.4499259401554,,,31707800.0
Mozambique,MOZ,2022,,,,,,,,18.96220016,45.8178199662019,578.273222184503,4.3693080193804,10.2794018093421,6.789,78.817,35.0536638047945,61.6653441678133,49.6,32656246.0
Mozambique,MOZ,2023,,,,,,,,19.94560051,47.5003032540948,622.191133245967,5.50384456650241,7.12697482131851,6.661,78.811,35.7149783148407,,,33635160.0
Mozambique,MOZ,2024,54.38528750107,45.4883633087181,63.3549962118332,35.307869498617,49.9572794656422,57.0965844620411,45.6654822603826,20.52729988,49.5047696961223,656.976148587772,2.14892499135355,4.07856834812022,6.668,78.783,36.4332337447237,,,34631766.0
Myanmar,MMR,2011,,,,,,,,0.98,2.51643773692417,1213.62898703376,5.59148237823661,5.0214601462073,0.749,65.274,29.2724765136213,,,49419820.0
Myanmar,MMR,2012,,,,,,,,1.399999976,7.48356366415727,1202.6658960055,7.33267044704149,1.46758322674679,0.768,65.144,29.3956289363345,,,49837446.0
Myanmar,MMR,2013,,,,,,,,1.799999952,13.5933519472846,1199.09561597055,8.42600102501767,5.64303883425501,0.775,64.991,29.5103946237239,,,50262658.0
Myanmar,MMR,2014,22.7841949800561,17.4002152787276,28.5966681035584,19.3538986943543,13.4552226479083,25.9824919690495,20.740378725817,7.400000095,57.2778336231227,1293.00042298688,8.16990745558277,4.953299184844,0.763,64.84,29.6164342116462,90.3600006103516,,50681634.0
Myanmar,MMR,2015,,,,,,,,10.89999962,80.2397229653255,1166.73305546337,6.99284029026121,9.45417189526018,0.766,64.711,29.7166821191682,,38.1,51089056.0
Myanmar,MMR,2016,,,,,,,,16.0,98.2342601991436,1229.19713515893,5.86247291518572,6.92882525816076,1.058,63.378,29.8129165582094,84.7799987792969,,51495696.0
Myanmar,MMR,2017,25.9922979704419,25.9787109102086,26.0077104850945,22.5439827224447,11.262610678073,30.8419114283835,23.6065378851721,23.621081950267,92.3917955157784,1272.82241830603,6.13610824360305,4.5725365531752,1.356,62.023,29.9051727703437,,30.7,51894938.0
Myanmar,MMR,2018,,,,,,,,29.37899971,116.972136284863,1298.21310320785,6.26886221471075,6.87232865662935,0.767,62.361,29.993574050729,95.8142859113662,,52272247.0
Myanmar,MMR,2019,,,,,,,,36.54050064,155.669416939698,1425.98954211903,6.57911006765414,8.82506696804558,0.407,60.502,30.0782436945232,89.0699996948242,,52640713.0
Myanmar,MMR,2020,,,,,,,,45.4477005,148.158208114821,1490.21683548367,-9.04834717984643,,1.476,60.151,30.1593049968842,93.527395549521,,53016522.0
Myanmar,MMR,2021,47.7910290706127,46.1505017519645,49.5221410770618,32.9858552258564,55.6807974487462,44.3829651969977,26.2498362882035,,127.240645128106,1242.72134419599,-12.0163724829177,,4.34,55.191,30.2368812529698,,,53387102.0
Myanmar,MMR,2022,,,,,,,,,107.535089476237,1158.05005034332,4.0374934360085,,3.063,55.218,30.311095757938,,,53756787.0
Myanmar,MMR,2023,,,,,,,,,121.027626770248,1233.19666209269,0.958446625126115,,2.977,55.192,30.3820718069466,,,54133798.0
Myanmar,MMR,2024,,,,,,,,,114.329042129489,1359.05001560107,-0.97204641363362,,2.887,55.129,30.4499084074136,,,54500091.0
Namibia,NAM,2011,,,,,,,,12.0,102.24430130572,5834.7917675794,5.09133813864338,5.005595180812,19.481,57.252,42.6276075621535,88.2699966430664,,2146325.0
Namibia,NAM,2012,,,,,,,,12.94139957,97.8210232683603,5942.64680978673,5.0616820696264,6.72199777334886,16.771,57.533,43.3804079185694,,,2194654.0
Namibia,NAM,2013,,,,,,,,13.89999962,121.105585418565,5346.62131149967,5.61471962254485,5.60092502290401,19.028,61.701,44.1106769079132,,,2252508.0
Namibia,NAM,2014,58.833897653755,56.7664063463879,61.1233700389989,40.7007754246942,42.1228619788364,67.3533654457221,42.9653607929672,14.84000015,115.5200011764,5378.32326241205,6.09251915977956,5.35016966859602,18.521,60.825,44.8214248210559,,,2312139.0
Namibia,NAM,2015,,,,,,,,25.68790054,107.392368276966,4774.10650865775,4.26417453763675,3.39401538410559,20.791,60.639,45.5103554445325,,59.1,2374300.0
Namibia,NAM,2016,,,,,,,,31.0333004,109.049558197665,4395.68776162376,0.0337944502063294,6.72858234593338,23.352,60.453,46.1751725648784,88.1304979203867,,2439213.0
Namibia,NAM,2017,80.6334990865415,80.6626754349623,80.5999484101524,70.4174204336217,76.4894911368342,82.8584372982152,73.4736404511062,36.83739853,106.914765245509,5143.96072323076,-1.02724808856709,6.14579981111164,21.748,59.668,46.8135799686288,,,2506853.0
Namibia,NAM,2018,,,,,,,,42.8207016,107.060260494691,5308.60813408705,1.05993949860752,4.29159105337875,19.877,58.879,47.4232814423189,88.2832376600657,,2577327.0
Namibia,NAM,2019,,,,,,,,49.77590179,106.53315947895,4731.9210318831,-0.839152163419357,3.72239414422695,19.929,58.923,48.0019807724839,,,2650494.0
Namibia,NAM,2020,,,,,,,,57.8608017,106.206587456143,3878.58982993966,-8.10140201443319,2.20938236933469,21.003,55.981,48.547381745659,,,2728762.0
Namibia,NAM,2021,71.3463883283129,69.3141073299826,73.6681622964864,56.3812129353661,55.6114643570244,79.206614342542,61.2900805444859,60.25999832,103.727351391971,4412.8355693052,3.60382919248703,3.61690530108814,20.931,56.482,49.0571881483796,,,2810548.0
Namibia,NAM,2022,,,,,,,,62.99720001,100.557816104444,4349.79908493314,5.3987247803654,6.08128114112413,19.615,58.908,49.5291037671807,,,2889662.0
Namibia,NAM,2023,,,,,,,,63.69549942,87.6760954339972,4225.99102418102,4.32498048866805,5.87993463284275,19.154,58.898,49.9545837830821,87.6399993896484,,2963095.0
Namibia,NAM,2024,72.9187672893525,75.0382248106692,70.659277654642,59.9327543605384,59.1272853414265,78.6315750867438,64.6481060578176,64.87460327,85.1648988113055,4501.84849548225,3.77851723267591,4.23903922877036,19.157,58.871,50.4088030252155,,,3030131.0
Naoero,NRU,2011,,,,,,,,54.0,66.3497722321252,6444.03642094634,14.7058823529412,0.3003003003003,,,100.0,,,10098.0
Naoero,NRU,2012,,,,,,,,,66.231615856628,9842.77032731856,24.3589743589745,-0.124750499001971,,,100.0,,32.4,10267.0
Naoero,NRU,2013,,,,,,,,,,8974.51886874433,4.12371134020613,,,,100.0,,,10517.0
Naoero,NRU,2014,,,,,,,,,,9230.05440328927,15.8415841584163,,,,100.0,,,10742.0
Naoero,NRU,2015,,,,,,,,,85.81340149717,7747.25584993607,3.41880341880281,,,,100.0,,,10954.0
Naoero,NRU,2016,,,,,,,,,88.7892376681614,8748.15632605428,4.13223140495909,,,,100.0,,,11150.0
Naoero,NRU,2017,,,,,,,,62.38510132,88.3080183680678,9656.97976571484,-6.34920634920609,,,,100.0,,,11324.0
Naoero,NRU,2018,,,,,,,,,,11413.7463016389,-0.847457627118729,,,,100.0,,,11477.0
Naoero,NRU,2019,,,,,,,,74.73789978,86.3036161215155,10801.7705659635,8.5470085470084,,,,100.0,,,11587.0
Naoero,NRU,2020,,,,,,,,77.46659851,85.8885167053165,10709.068810538,1.57480314960559,,,,100.0,,,11643.0
Naoero,NRU,2021,,,,,,,,80.29499817,85.404389785635,12748.1701249353,7.75193798449692,,,,100.0,94.6337926033357,,11709.0
Naoero,NRU,2022,,,,,,,,83.22660065,87.1705787645115,15309.8345351924,0.0,,,,100.0,,,11801.0
Naoero,NRU,2023,,,,,,,,83.03970337,,13602.6372112893,-0.719424460431725,,,,100.0,96.5899963378906,,11875.0
Naoero,NRU,2024,,,,,,,,83.01170349,,14048.163961344,1.44927536231899,,,,100.0,,,11947.0
Nepal,NPL,2011,25.3085584745673,21.219607473656,29.5582462160762,14.4370063211313,23.6472341845886,26.5681686822679,18.9749796289485,9.0,48.6245149828721,785.518656222132,3.42180870116162,9.2270754612596,10.627,40.835,63.139949798584,59.6300010681152,,27464494.0
Nepal,NPL,2012,,,,,,,,11.14929962,60.3184066484316,788.202937148377,4.67014192446953,9.45980980357125,10.632,40.697,63.6558406194333,,,27534915.0
Nepal,NPL,2013,,,,,,,,13.30000019,77.4276625484107,803.269595420477,3.52515317129149,9.04016311917645,10.666,40.511,64.1314570156048,,,27589996.0
Nepal,NPL,2014,33.8013508598438,31.2665024443608,36.7244769569864,24.1349127512331,25.4208928857927,37.3387872910059,29.6195779620282,15.43999958,83.1925129650984,821.455224911731,6.01148284250441,8.36415469659563,10.62,40.339,64.5640847098488,,,27672370.0
Nepal,NPL,2015,,,,,,,,17.58160019,98.8945582907248,875.543635474862,3.97605327162971,7.86890895590891,10.643,40.224,64.9510094249155,,,27823629.0
Nepal,NPL,2016,,,,,,,,20.70000076,114.89813690076,877.256454696737,0.433113719381524,8.7903433200464,10.714,40.096,65.2895168835553,65.5,,27955462.0
Nepal,NPL,2017,45.3855766488135,41.6000219056237,49.9813377133243,37.9215298380233,39.3352589394849,47.7248654968034,41.8446138808701,24.3,128.863887512657,1034.28374906846,8.97727935643466,2.77703998300211,10.66,39.915,65.5768928085184,66.8653947551556,,28011258.0
Nepal,NPL,2018,,,,,,,,28.60000038,139.525943467536,1179.19843190389,7.62237610397933,4.40659410175714,10.593,39.743,65.8104229225551,,,28079689.0
Nepal,NPL,2019,,,,,,,,33.33660126,136.186080245332,1203.14294706401,6.65705543110468,5.56616035243723,10.477,39.765,65.9873929484157,68.7099990844727,,28414064.0
Nepal,NPL,2020,,,,,,,,36.96530151,131.921020414772,1154.21517578318,-2.3696206292072,5.05635826238499,13.037,39.387,66.1050886088505,,,28966574.0
Nepal,NPL,2021,54.0026922540655,49.9032744022651,58.6104753881621,44.5530382327407,42.2324381377752,59.0206262198598,51.00333589167,40.98910141,129.645418271275,1252.75076731986,4.838149614115,4.12676744440695,12.241,39.513,66.144235274522,,,29475010.0
Nepal,NPL,2022,,,,,,,,45.45080185,121.1144874334,1385.91066002922,5.6313145568451,7.6702057938028,10.661,39.428,66.2992968721053,,30.0,29715436.0
Nepal,NPL,2023,,,,,,,,45.80680084,117.759577544938,1382.38300895424,1.98254843461849,7.11587261530826,10.437,39.379,66.5432933453944,,,29694614.0
Nepal,NPL,2024,59.9911157064883,59.7778342772083,60.2270903422122,53.0095282322869,39.1164572624061,67.3720985352467,57.0633060524272,46.32189941,99.8471420273964,1460.28237984149,3.67787459697703,4.6850965426577,10.5,39.313,66.772343163029,,,29651054.0
Netherlands,NLD,2011,98.6585293909719,98.3997399011006,98.9706063198858,99.5108967365769,99.8135964707682,98.5258134875167,96.3133240155855,91.4199957622284,117.673977365337,54701.7728030611,1.77330320575034,2.34107017751373,4.977,66.385,88.0059204972573,,27.8,16693074.0
Netherlands,NLD,2012,,,,,,,,92.859992359525,116.563841951798,50473.9442002689,-0.977826121310997,2.45554765291614,5.821,66.779,88.5342462391333,,27.6,16754962.0
Netherlands,NLD,2013,,,,,,,,93.9564,114.73405856983,52602.2860520766,-0.0302410184270769,2.50689852657875,7.241,66.735,89.1749992370605,,28.1,16804432.0
Netherlands,NLD,2014,99.2956044820837,99.1763599315311,99.4192412350305,98.9560853563287,99.149346674602,99.3231642276846,100.0,91.6666666666667,114.867279906758,53457.2234864322,1.61255885112396,0.976035079699679,7.419,66.158,89.8364787097165,,28.6,16865008.0
Netherlands,NLD,2015,,,,,,,,91.7241379310345,121.637501079209,45793.8135434697,2.12064007193544,0.600248147278776,6.872,66.465,90.2787737214621,,28.2,16939923.0
Netherlands,NLD,2016,,,,,,,,90.4109589041096,121.420358968335,46808.5291492503,2.42428065449427,0.316666666666652,6.007,66.281,90.5803239452777,,28.2,17030314.0
Netherlands,NLD,2017,99.6376135898125,99.832702553545,99.4386962430292,99.7885418726685,100.0,99.5788327758384,100.0,93.1972789115646,118.57673269471,49513.6817346384,2.78150834679987,1.38145871407216,4.837,66.126,91.1219700676602,,28.5,17131296.0
Netherlands,NLD,2018,,,,,,,,91.8918918918919,121.162164892591,53955.0770024266,2.25873158164956,1.70349794744479,3.832,66.382,92.6062472401044,,28.1,17231624.0
Netherlands,NLD,2019,,,,,,,,93.2885906040269,124.08833250929,53554.9007491475,2.3001616053659,2.63369910249591,3.379,66.707,93.8898028856479,,29.2,17344874.0
Netherlands,NLD,2020,,,,,,,,91.33333333,121.422728509042,53467.9277413737,-3.86799714191608,1.27246037789161,3.82,66.544,94.2532277765935,,26.0,17441500.0
Netherlands,NLD,2021,99.7331679359432,99.4745092687439,100.0,99.3316268349487,98.1791815156732,100.0,100.0,92.05298013,123.447849713072,60141.9880911492,6.27683593745216,2.67572008805385,4.209,66.534,94.6294783220315,,25.7,17533044.0
Netherlands,NLD,2022,,,,,,,,92.51968504,115.8205562749,59123.318556487,5.00723453395074,10.0012078753473,3.526,67.229,94.9856177734136,,,17700982.0
Netherlands,NLD,2023,,,,,,,,97.00680272,125.272736960305,63515.6030780019,-0.598061017580278,3.83839354342808,3.535,67.721,95.3221682092129,,,17877117.0
Netherlands,NLD,2024,99.171512250031,99.2546198217458,99.0871076242509,98.2593267814023,100.0,99.0348763932815,95.8856565393996,97.00679779,128.538765867661,67465.3208126875,1.07383137319854,3.34754304219953,3.7,67.462,95.6396517079336,,,17993485.0
New Caledonia,NCL,2011,,,,,,,,50.0,85.2807989705226,38835.9401851385,,2.42899693753383,13.988,64.271,66.726209122213,,,266543.0
New Caledonia,NCL,2012,,,,,,,,58.0,85.0412136964213,35559.5672006157,,1.74967234600262,14.116,64.171,66.7417059914448,,,271633.0
New Caledonia,NCL,2013,,,,,,,,66.0,86.8789330327792,36671.1566752621,,1.27761318992718,14.39,64.064,66.7584127864925,,,276822.0
New Caledonia,NCL,2014,,,,,,,,70.0,86.4435467812136,37816.9558599295,,0.178851060785511,14.59,63.898,66.7846387072769,,,281224.0
New Caledonia,NCL,2015,,,,,,,,74.00175279141,91.9161063396994,30858.7237060533,,0.570508141048402,13.621,62.693,66.8278045547803,,,283168.0
New Caledonia,NCL,2016,,,,,,,,,,30782.8544433514,,0.578317435520754,12.679,61.452,66.8902054658406,,,283423.0
New Caledonia,NCL,2017,,,,,,,,82.0058408035186,,32354.7102832901,,,11.676,60.205,66.9683393293094,,,283546.0
New Caledonia,NCL,2018,,,,,,,,,,34902.8968780031,0.400000000000006,,11.702,58.939,67.0588809757675,,,283541.0
New Caledonia,NCL,2019,,,,,,,,,91.6764807514651,33411.3358835672,-1.39999999506659,,10.88,57.647,67.1574673707832,,,283606.0
New Caledonia,NCL,2020,,,,,,,,,91.4925961376049,33270.330597637,-2.40000000692145,,13.558,57.677,67.2747261065933,,,284176.0
New Caledonia,NCL,2021,,,,,,,,,91.1596204954876,35311.5543551452,-2.0999999972552,,11.574,57.367,67.4130776539646,,,285214.0
New Caledonia,NCL,2022,,,,,,,,,91.6763895612682,33516.363085906,3.50000000289097,,10.71,57.592,67.5720305021282,,,287123.0
New Caledonia,NCL,2023,,,,,,,,,,33701.8923322781,2.79999999603682,,10.922,57.247,67.751522311337,,,289870.0
New Caledonia,NCL,2024,,,,,,,,,,29213.1923192946,-13.4999999989747,,10.991,56.883,67.9514695585577,,,292639.0
New Zealand,NZL,2011,99.4367277363996,99.4483043935313,99.4239466928121,99.3769344790514,98.6689064355143,99.6058193200287,100.0,81.23000336,109.977867524585,38425.829997974,2.1445004445998,4.0279066739204,6.491,67.902,85.8233151875134,,,4384000.0
New Zealand,NZL,2012,,,,,,,,81.644470179502,111.567576585407,40041.7524816244,2.30256429520961,1.05991318445632,6.931,67.641,85.777700676896,,,4408100.0
New Zealand,NZL,2013,,,,,,,,82.77999878,107.008519144444,42984.9571801167,2.5648360739867,1.13442266445817,5.839,67.406,85.7080129786455,,,4442100.0
New Zealand,NZL,2014,99.5255333185924,99.2229142810099,99.8644258375837,99.3618735426158,99.097340997763,99.61401797849,97.1831399401637,84.0,112.757443483648,44599.8992733675,3.81933619307242,1.227507505974,5.428,68.309,85.5076659530411,,,4516500.0
New Zealand,NZL,2015,,,,,,,,85.19999695,121.368981425995,38648.7302562109,3.72968312125018,0.292704628136101,5.415,68.399,85.1518763760531,,,4609400.0
New Zealand,NZL,2016,,,,,,,,86.5,129.380648472778,40088.3205470499,3.7435247472109,0.646240284454524,5.147,69.546,84.691365594,,,4714100.0
New Zealand,NZL,2017,99.1784474064007,99.3407765046798,98.9938936356366,98.9674298172251,96.1759833701553,99.8009374421281,100.0,87.69999695,132.980049668049,42912.1537002148,3.31568621648204,1.85078767452536,4.736,70.48,84.1701025874108,,,4813600.0
New Zealand,NZL,2018,,,,,,,,89.0,128.936896010016,43204.1305124872,3.32219666491432,1.59829703801696,4.335,70.506,83.8017846685577,,,4900600.0
New Zealand,NZL,2019,,,,,,,,89.86370087,120.475335425902,42872.2681243427,2.32371708441623,1.61963190184048,4.109,70.174,83.804965871667,,,4970300.0
New Zealand,NZL,2020,,,,,,,,90.92099762,123.000574962598,42054.6743136586,-0.240916114758988,1.71456170007245,4.595,69.863,83.8138977095908,,,5072400.0
New Zealand,NZL,2021,98.7523814505022,99.2437470303567,98.2310978111708,96.8748591439632,94.4629284425131,99.5392849925105,96.528346885487,91.99060059,114.454714130458,49902.154346032,4.29916005216614,3.94112060778728,3.776,70.396,83.8299382585905,,,5084600.0
New Zealand,NZL,2022,,,,,,,,93.07289886,115.984187800849,49141.6316294227,3.34521847792682,7.17222476016441,3.299,70.929,83.8547305017812,,,5081700.0
New Zealand,NZL,2023,,,,,,,,93.32610321,126.854978584281,49302.341876493,1.81389453412019,5.73316283034957,3.734,71.503,83.8898991461229,,,5200000.0
New Zealand,NZL,2024,97.8647563722742,98.5351611403082,97.163339063554,96.8077986231673,95.3846736959617,98.3551454896411,96.492125506117,93.51930237,130.093457083544,49432.3626396797,-0.868722371893952,2.92279782301957,4.724,70.553,83.9370658833132,,,5290000.0
Nicaragua,NIC,2011,14.2183321368881,12.815075599834,15.7030307281398,5.20058186703489,8.27434960898691,17.1290139621659,6.34036781626239,10.6,82.8921073212797,1679.71192084633,6.31668553491842,8.082387980991,6.613,63.966,57.0362425004184,,,5819051.0
Nicaragua,NIC,2012,,,,,,,,13.5,99.1601154121126,1784.69836017555,6.4961364710876,7.1935505333896,5.208,64.302,57.2316842226606,85.6105708963441,,5901287.0
Nicaragua,NIC,2013,,,,,,,,15.5,113.788542316855,1835.43996363715,4.92709413447304,7.13546785289407,5.28,64.637,57.4274279501299,,,5983845.0
Nicaragua,NIC,2014,19.4384840411032,14.4263241018953,24.713397803912,8.83848340404635,11.1357122050725,23.4121493197306,7.98693299858752,17.60000038,116.506541177339,1958.37047579547,4.78546013589983,6.03596861798425,4.52,64.971,57.6222653742564,87.327180649097,46.2,6066492.0
Nicaragua,NIC,2015,,,,,,,,19.70429993,118.127474523195,2074.45620634731,4.79226768332697,3.99737996694396,4.7,65.096,57.8149881864705,,,6149417.0
Nicaragua,NIC,2016,,,,,,,,24.57180023,124.272855307825,2131.68704828322,4.56314739524967,3.52317317628473,3.9,65.213,58.0043880782023,,,6232666.0
Nicaragua,NIC,2017,30.8619914687936,24.7925285799406,37.4221278011003,19.9378063063337,26.7379461968313,33.0719253772578,21.5129570354237,30.39999962,129.505649809198,2182.61380995674,4.63120757580209,3.85067166284727,3.3,65.333,58.1892567408822,,,6316231.0
Nicaragua,NIC,2018,,,,,,,,33.9129982,116.272405969925,2035.16549390507,-3.3633566598573,4.94723728039886,5.2,65.155,58.3683858659405,,,6400080.0
Nicaragua,NIC,2019,,,,,,,,39.01079941,89.2772705280369,1958.62051528095,-2.89686986728901,5.37628990844126,5.457,64.995,58.5405671448072,,,6483657.0
Nicaragua,NIC,2020,,,,,,,,44.87490082,90.8140674248283,1938.44704754382,-2.23654176262323,3.68181341625572,6.18,64.363,58.7045922689128,,,6565267.0
Nicaragua,NIC,2021,26.0328025128629,21.5666503926023,30.9396899105533,21.356135008396,29.5648683314448,24.890193103709,18.1395867599431,51.62039948,93.8165084237294,2138.38573878237,10.4543887816515,4.92841396948968,6.076,65.258,58.8592529296875,,,6644741.0
Nicaragua,NIC,2022,,,,,,,,59.38000107,104.278484676229,2322.89069619459,3.55027477135765,10.4674244465991,4.969,65.64,58.9954376220703,,,6730654.0
Nicaragua,NIC,2023,,,,,,,,60.30120087,105.843136180202,2609.44491147975,4.42779393186883,8.38765854872536,4.698,65.891,59.1250953674316,,,6823613.0
Nicaragua,NIC,2024,23.470592686629,21.2320804665929,25.9574488414034,19.5936528210773,28.3490750480852,21.8236548625694,13.2708967899659,61.39550018,105.961143065351,2847.87639497305,3.58094495324541,4.62473841057141,4.98,66.033,59.2628402709961,,,6916140.0
Niger,NER,2011,1.52169870544605,,,,,,,0.9,27.612953279822,510.75956176268,2.35775693603874,2.9423851401332,0.316,79.516,16.2303066053496,,31.5,17176283.0
Niger,NER,2012,,,,,,,,1.049999952,30.2495367855019,528.510104469655,10.5489445763446,0.455089820359289,2.177,77.65,16.2141284004355,30.5599994659424,,17836769.0
Niger,NER,2013,,,,,,,,1.149999976,37.8312018781097,552.103334363117,5.31513063394726,2.29723114955317,1.401,75.666,16.2162595696064,,,18519898.0
Niger,NER,2014,6.70658814894855,,,,,,,1.24867568902241,42.8624011489646,565.30989731175,6.64213665495603,-0.930287259984466,0.524,73.565,16.2450424611665,29.0437067944143,34.3,19215909.0
Niger,NER,2015,,,,,,,,2.476200104,44.9309205276883,485.662574175279,4.39264883207291,-0.576090369833189,0.556,73.342,16.3035606587493,,,19939498.0
Niger,NER,2016,,,,,,,,4.322800159,36.120522177752,499.910520068193,4.28137558478143,1.65388922387806,0.55,73.118,16.3898280543236,,,20685753.0
Niger,NER,2017,15.5232449543461,10.9100470948705,19.9424574531902,10.4938235031444,10.343674574149,18.5658189336468,13.7806761679904,10.2243115586561,40.9549864276209,529.929418934868,5.53198531271451,2.79637318871284,0.556,72.892,16.5036987906896,,,21435446.0
Niger,NER,2018,,,,,,,,10.74180031,,576.927536415462,6.89458420864513,2.96760366004456,0.536,72.666,16.6449011799221,33.0499992370605,37.3,22188069.0
Niger,NER,2019,,,,,,,,11.28549957,52.8112616845298,541.265819870273,6.07881528959186,-2.48979265070855,0.531,72.438,16.813146499685,,,22947757.0
Niger,NER,2020,,,,,,,,11.85680008,60.0355524816093,575.451340306915,4.45481803846413,2.8981937602627,0.591,74.144,17.0081420003794,,,23717613.0
Niger,NER,2021,,,,,,,,12.45689964,61.5063092448251,609.585703670137,1.11520063869706,3.8378680284051,0.806,76.515,17.2295936666686,,32.9,24502140.0
Niger,NER,2022,11.685591291668,10.2357443242293,13.1840383009336,12.1684627840131,13.0550868852459,10.8876343802807,10.6100286924024,13.08749962,63.3770548032743,613.614736429298,12.2215497467041,4.22621791916392,0.403,79.612,17.477207007512,35.6100006103516,,25311973.0
Niger,NER,2023,,,,,,,,12.98079967,65.735032215569,647.930108509567,2.63516980401258,3.70097316425834,0.407,79.56,17.7506873295237,,,26159867.0
Niger,NER,2024,14.8268991865027,12.2030464030006,17.6139562058255,17.5059704418951,15.7389266018374,14.2297775676834,13.5414073423134,15.55760002,60.5939862118112,729.856664168989,8.32327058280728,9.07151997725013,0.376,79.561,18.0497398450803,,,27032412.0
Nigeria,NGA,2011,29.6675376842052,25.9904013803634,33.2768925034846,13.9573963364522,21.4764731050718,33.808553167985,12.206373471593,13.80000019,55.5301267540609,2418.41316975875,5.30792420293915,10.8261371880018,3.77,81.119,52.490352424079,,,171379598.0
Nigeria,NGA,2012,,,,,,,,16.10000038,64.0053263148187,2633.19734671361,4.23006117492493,12.2242413020582,3.761,81.055,53.302114902293,,35.5,176200625.0
Nigeria,NGA,2013,,,,,,,,19.10000038,70.282509513161,2872.79083379398,6.67133539308232,8.49551838265678,3.711,80.844,54.1130855192568,,,181049443.0
Nigeria,NGA,2014,44.4419846566021,34.0223963700315,54.3624813953471,30.5065328869879,35.7487555560932,48.8837884582817,28.076233062629,21.0,74.7512781478918,3088.72131316169,6.30971865521856,8.04741087967907,3.9,80.765,54.9232435340404,,,185896915.0
Nigeria,NGA,2015,,,,,,,,22.51420021,79.1045279367312,2585.73360671797,2.65269329541779,9.00943498007706,4.134,80.793,55.7325682057138,,35.9,190671878.0
Nigeria,NGA,2016,,,,,,,,24.13750076,78.970142296733,2070.4127339595,-1.61686894903467,15.6968126387972,4.499,80.843,56.541038793347,58.2200012207031,,195443700.0
Nigeria,NGA,2017,39.6668586884669,27.2766783028412,51.4073357721221,24.5287585933543,32.598071491492,43.3606657121079,16.054481590596,25.87789917,72.3679681751497,1876.34027111773,0.805886619091581,16.5022662139641,4.83,80.89,57.3486345560101,,,200254579.0
Nigeria,NGA,2018,,,,,,,,27.74370003,84.2840110939485,2057.87944554011,1.92275734199798,12.0951065173432,5.069,80.955,58.1553347527729,,35.1,204938755.0
Nigeria,NGA,2019,,,,,,,,29.74410057,88.1169010528984,3189.81286496183,2.20842927835211,11.3964223378115,5.206,81.001,58.9611186427056,,,209485641.0
Nigeria,NGA,2020,,,,,,,,31.88879967,95.4356648074949,2797.184580679,-6.36889840468527,13.2460234276598,5.714,79.314,59.7659654848781,,,213996181.0
Nigeria,NGA,2021,45.3166327186278,34.9640811024201,55.4526241322263,32.6924793988622,34.8767624796848,50.7884878596083,25.797500270357,35.50979996,89.2915858426408,2787.48779220991,1.109252540249,16.9528457221608,5.404,80.143,60.5698545383604,63.1599998474121,,218529286.0
Nigeria,NGA,2022,,,,,,,,39.14720154,99.5852151989567,2899.16047469267,4.31882949157136,18.8471877843274,3.827,81.268,61.3727650622225,,33.9,223150896.0
Nigeria,NGA,2023,,,,,,,,40.06399918,98.4772822731425,2138.76383718757,3.31590368111438,24.659550203114,3.074,82.559,62.1746763155343,,,227882945.0
Nigeria,NGA,2024,63.2613514491542,52.2155914465012,74.302879584059,46.7443880832654,44.4306588774756,73.6886247105236,42.1862354000244,41.21139908,70.7619057835431,1084.16041805058,4.07106650147703,33.2416590552749,3.045,82.566,62.9755675573659,70.4100036621094,,232679478.0
North Macedonia,MKD,2011,73.6989465828175,71.5448919868603,75.8713131587234,69.2989512723308,70.6827065154457,74.4229397303119,63.9278374655469,56.7,108.467609532426,5416.86672931659,2.33988604520331,3.9047542206974,31.502,54.525,58.2409503926967,,39.4,1937398.0
North Macedonia,MKD,2012,,,,,,,,57.449947312961,110.268442239858,5049.8265386157,-0.456183223607937,3.31605566687647,31.096,54.271,58.3924217811729,,38.1,1929821.0
North Macedonia,MKD,2013,,,,,,,,65.24,111.124632440594,5626.26115664893,2.92525766450484,2.78500056726109,29.017,54.665,58.578694432799,,36.2,1922716.0
North Macedonia,MKD,2014,71.7984973200443,64.02604680432,79.7372667864683,59.8386046995358,46.6522763542395,77.2821813135824,48.0308666966953,68.0584815397496,111.342589695936,5925.38592218015,3.62912351276373,-0.281705032928494,28.215,54.613,58.8033670608162,,35.2,1917557.0
North Macedonia,MKD,2015,,,,,,,,70.3802030766689,105.212016364652,5262.68671928674,3.85586514041738,-0.299920475631462,26.395,54.004,59.0700383784659,,35.6,1912430.0
North Macedonia,MKD,2016,,,,,,,,72.1568144676058,104.549883518699,5598.48622617967,2.84820519363306,-0.239290787684501,24.312,53.44,59.3823070989891,,34.5,1906313.0
North Macedonia,MKD,2017,76.5687709010188,72.8860921089574,80.3646409063016,66.6726361002453,45.330360661778,82.4857157137618,59.2559243478526,74.5168241807954,103.458690624197,5955.2973863451,1.08177273813243,1.35161889677442,22.857,53.157,59.7437719356273,,34.2,1898657.0
North Macedonia,MKD,2018,,,,,,,,79.1677551850871,102.572291491295,6713.98925398989,2.88059670964267,1.45831298507126,21.208,52.796,60.1580316016216,,33.0,1889051.0
North Macedonia,MKD,2019,,,,,,,,81.4128827618364,101.231634434543,6718.85826635458,3.91041953840173,0.766439573459805,17.414,53.023,60.6286848102132,,33.5,1876262.0
North Macedonia,MKD,2020,,,,,,,,81.40553811,99.4723867063031,6659.59651070776,-4.68845000956652,1.20007348888469,16.575,52.107,61.1593302746435,,,1856124.0
North Macedonia,MKD,2021,85.2886912768171,79.905357208427,90.6158108389096,77.6908745026211,74.0126676668568,87.1387211457439,73.0171103385866,81.873703,104.875134243923,7620.80296977508,4.51067949038222,3.23074912132928,15.801,51.617,61.6841975628139,,,1837114.0
North Macedonia,MKD,2022,,,,,,,,83.85030365,111.303079555687,7606.2375253797,2.75888415332967,14.2047173195833,14.476,52.925,61.9530566607267,,,1831712.0
North Macedonia,MKD,2023,,,,,,,,88.5,106.458776658176,8674.35846327485,2.554965253403,9.36187249769015,13.174,51.751,62.2518322545779,,,1827816.0
North Macedonia,MKD,2024,84.2548648905347,77.229493719316,91.5870835011346,78.3945632616455,57.374776400283,88.3666243166926,65.6133114409021,93.6,108.38712260883,9291.8566035502,2.99373536567732,3.48974086026954,12.265,52.202,62.5645376928533,,,1824359.0
Northern Mariana Islands,MNP,2011,,,,,,,,,,13598.7166094613,-7.38423028785982,,,,91.0253367901352,,,53608.0
Northern Mariana Islands,MNP,2012,,,,,,,,,,14013.6003306158,0.810810810810807,,,,91.1011927559234,,,53234.0
Northern Mariana Islands,MNP,2013,,,,,,,,,,14632.8518897608,2.68096514745308,,,,91.1764941872129,,,52758.0
Northern Mariana Islands,MNP,2014,,,,,,,,,,15945.417608954,4.177545691906,,,,91.2512344351276,,,52178.0
Northern Mariana Islands,MNP,2015,,,,,,,,,,17665.1007493109,3.38345864661653,,,,91.3254068507915,,,51514.0
Northern Mariana Islands,MNP,2016,,,,,,,,,,24225.474169342,29.2121212121212,,,,91.3990047853283,,,50773.0
Northern Mariana Islands,MNP,2017,,,,,,,,,,31225.6049960968,23.1707317073171,,,,91.4720215898621,,,49959.0
Northern Mariana Islands,MNP,2018,,,,,,,,,,26509.3628379893,-19.4973343488195,,,,91.5444506155168,,,49077.0
Northern Mariana Islands,MNP,2019,,,,,,,,,,24496.6652122421,-11.4474929044465,,,,91.6162852134162,,,48129.0
Northern Mariana Islands,MNP,2020,,,,,,,,,,18220.8382427201,-29.0598290598291,,,,91.6908367362908,,,47528.0
Northern Mariana Islands,MNP,2021,,,,,,,,,,19455.50139424,4.96987951807229,,,,91.7842137303802,,,46979.0
Northern Mariana Islands,MNP,2022,,,,,,,,,,23785.754590043,16.6427546628408,,,,91.8785788645608,,,46078.0
Northern Mariana Islands,MNP,2023,,,,,,,,,,,,,,,91.9754112887573,,,45143.0
Northern Mariana Islands,MNP,2024,,,,,,,,,,,,,,,92.0747260922394,,,44278.0
Norway,NOR,2011,,,,,,,,93.4899826515194,115.596284894229,103545.218988177,1.38505117083945,1.2849515880916,3.196,67.142,79.311620451463,,25.3,4953088.0
Norway,NOR,2012,,,,,,,,94.6499780533304,115.523573177259,104627.93694681,2.82395673492459,0.696864111498263,3.129,67.075,79.4905925441617,,25.7,5018573.0
Norway,NOR,2013,,,,,,,,95.0534,112.045532746838,106333.138368566,1.27290177696287,2.12048620353112,3.425,66.944,79.9723980455359,,26.4,5079623.0
Norway,NOR,2014,100.0,100.0,100.0,100.0,100.0,100.0,100.0,96.3005098242892,111.690088069926,100410.020200979,2.09521388080101,2.04170286707211,3.486,66.557,80.6117159535579,,26.8,5137232.0
Norway,NOR,2015,,,,,,,,96.810325691365,110.118346262292,77220.9524311414,2.04428845501438,2.17113665389527,4.296,66.562,81.2378240971353,,27.5,5188607.0
Norway,NOR,2016,,,,,,,,97.2982036675068,109.426806771527,73222.4006864905,1.29158732771135,3.55000000000007,4.68,66.201,81.6800003051758,,28.5,5234519.0
Norway,NOR,2017,99.7451401276537,100.0,99.4926511541082,99.3623949292996,100.0,99.7067217261502,98.6883559879165,96.3576012951191,108.392640087689,78771.2151264554,2.66964474273466,1.87510059552545,4.164,65.659,81.9699745912375,,27.0,5276968.0
Norway,NOR,2018,,,,,,,,96.4916579887094,107.702543341632,85579.0776455494,1.1103912365576,2.76483134528797,3.801,65.909,82.2452112401723,,27.6,5311916.0
Norway,NOR,2019,,,,,,,,98.0000043853142,108.00526578567,79329.3075190012,1.46970781954143,2.16773003305411,3.684,65.934,82.4935894878281,,27.7,5347896.0
Norway,NOR,2020,,,,,,,,94.60755647,108.296844518424,71057.5879471399,-1.36055723261586,1.28658490707996,4.424,65.678,82.7029885700532,,28.4,5379475.0
Norway,NOR,2021,99.4777714580126,100.0,98.9784589324598,98.6795940931178,96.3707474810915,100.0,97.6520279899277,99.0000036,109.585637519783,96442.5552173002,4.14314688769197,3.48388055266669,4.359,65.68,82.8612877226956,,29.1,5408320.0
Norway,NOR,2022,,,,,,,,98.99997764,111.657196221742,113122.130765691,4.08039770659241,5.76412317852272,3.231,65.964,82.9563661816034,,26.9,5457127.0
Norway,NOR,2023,,,,,,,,99.00000258,109.654228618195,90984.4087141111,0.352695581319765,5.51784987104659,3.574,65.944,83.0718560702166,,26.5,5519601.0
Norway,NOR,2024,98.5561571037813,97.8239340560655,99.2709876923463,97.7236874330182,94.4300567148872,99.1885301762157,97.3865938607033,99.0,109.348606513576,89888.9535204758,1.42372134524737,3.14530134431081,4.0,65.834,83.3293737928469,,,5572279.0
Oman,OMN,2011,73.6024164643834,63.5298566740493,83.7498717736583,65.9537666123462,68.0399155165981,76.4664647151892,37.0586844087464,48.0,147.926430004786,25188.0074151885,2.89460973541192,4.0421886711639,3.95,62.758,75.6585803514688,,,3076763.0
Oman,OMN,2012,,,,,,,,60.0,150.873277494269,24642.2978768596,8.86312225557018,2.94773495257209,3.753,66.11,76.088156621068,,,3547106.0
Oman,OMN,2013,,,,,,,,66.45,149.208910100547,23458.0233840053,5.22770408145942,1.05354820265932,3.553,67.8,76.4914234214313,,,3833913.0
Oman,OMN,2014,,,,,,,,70.22000122,153.806036858807,23160.6502252547,1.29225229411081,1.01401483924156,3.453,68.649,76.8892576748951,,,4002439.0
Oman,OMN,2015,,,,,,,,73.52999878,155.756104259601,18808.3077921839,5.01705799719045,0.0652901330286599,3.403,69.445,77.3025363037955,93.0400009155273,,4184895.0
Oman,OMN,2016,,,,,,,,76.8453904741456,153.291455497041,17110.1897460545,5.04642394571691,1.10920805807027,3.266,70.289,77.7521362304688,,,4390877.0
Oman,OMN,2017,,,,,,,,80.18560028,148.821627766224,17820.0661809335,0.304057565922449,1.58909413567799,2.523,70.708,78.3142260040136,95.5800018310547,,4537396.0
Oman,OMN,2018,,,,,,,,85.5,139.96741643208,19901.7615642016,1.28710391543288,0.889312370970404,1.8,70.517,78.9655839720276,95.6500015258789,,4597877.0
Oman,OMN,2019,,,,,,,,90.25939941,138.232111508042,19180.1864152801,-1.12863801728058,0.490815362820671,2.045,69.778,79.5780017545962,,,4591241.0
Oman,OMN,2020,,,,,,,,95.23229321,140.378600753095,16784.8630630058,-3.37972052697999,-0.40640291946585,2.94,65.957,80.0176378922722,96.9000015258789,,4522497.0
Oman,OMN,2021,,,,,,,,95.23880005,135.076972756826,19403.4600160211,2.5821749892893,1.68221185876085,1.9,65.783,80.1239942103569,,,4500424.0
Oman,OMN,2022,,,,,,,,95.24530029,136.800571561762,23223.5829405935,7.98570728354278,2.5061425061425,3.3,68.251,80.0117053152301,97.3399963378906,,4730226.0
Oman,OMN,2023,,,,,,,,95.25170135,122.291457994634,21027.7384572657,1.41401383200161,0.950782997762827,3.176,68.331,79.5702973228932,,,5049269.0
Oman,OMN,2024,69.5361597212358,67.0832725695516,70.7083967351425,67.4150180357039,71.4165173105373,69.154630685133,54.7541406202193,95.25174678,120.61105087402,20285.2272765262,1.63163231397978,0.593589236248469,3.203,68.289,79.4440302814714,,,5281538.0
Pakistan,PAK,2011,10.3062965935922,2.95357740083598,17.2815270860682,4.80787352736625,7.95491067144722,11.4478902795022,3.74669350718118,8.0,53.4461944087116,1131.73513834324,2.68011685421705,11.9160927116277,0.796,50.775,35.0113675889897,54.7400016784668,29.7,203746065.0
Pakistan,PAK,2012,,,,,,,,8.100000381,57.8576108279055,1204.36475491585,3.02758391088629,9.68235186055684,3.667,51.113,35.2160229383731,56.7599983215332,,207667125.0
Pakistan,PAK,2013,,,,,,,,9.0,60.5177801689984,1225.4340119198,4.36686504978387,7.69215611899565,2.954,51.451,35.4315352494366,55.5900001525879,29.5,211073978.0
Pakistan,PAK,2014,13.0361910901935,4.84374685517549,20.9723564170282,9.75476712520752,13.1964370838821,12.9554893520979,10.0274917250607,10.0,63.3618438229803,1266.61340849959,4.11642817161422,7.18938402847028,1.827,50.997,35.6595549759128,56.9799995422363,,214264647.0
Pakistan,PAK,2015,,,,,,,,11.0,57.9405984557576,1380.47020838317,4.21794209572506,2.52932817254229,3.566,52.026,35.9017325715342,,31.3,217290883.0
Pakistan,PAK,2016,,,,,,,,12.385446763381,62.0013242640944,1424.69161195897,6.57383828511043,3.7651191635658,2.285,51.682,36.1597184900333,,,220138869.0
Pakistan,PAK,2017,21.2932449054097,7.02506387268419,34.6076588199886,14.2158895837959,14.8923269617535,24.5315749177796,15.9198671024733,13.77999973,64.7301783284032,1519.23459514248,4.43262590683975,4.08537368032608,3.204,51.338,36.4351548223399,59.1300010681152,,223273967.0
Pakistan,PAK,2018,,,,,,,,15.34000015,67.8567658982797,1569.33814626355,6.15170261099519,5.07805725868917,4.083,50.994,36.7478511550359,57.0099983215332,29.6,226928892.0
Pakistan,PAK,2019,,,,,,,,17.070901719916,71.6660323753765,1390.41690981745,2.49763692943365,10.5780305672025,4.83,51.597,37.1091631735769,58.0,,230800899.0
Pakistan,PAK,2020,,,,,,,,18.935,74.7332166629945,1278.39735206896,-1.27408744338709,9.74011619320125,5.994,51.587,37.5080192948099,,,235001746.0
Pakistan,PAK,2021,20.9806311316514,13.4784970707722,28.1764144611815,17.6113668088983,18.1023410529807,22.4570307682912,15.3094835682753,,78.8012296805749,1455.31922370186,6.51388575852702,9.49641577285205,6.338,52.73,37.9333395514173,58.8600006103516,,239477801.0
Pakistan,PAK,2022,,,,,,,,,79.1050539061512,1538.3228133171,4.7781068690358,19.8738599646655,5.291,52.406,38.3740439760816,,,243700667.0
Pakistan,PAK,2023,,,,,,,,,76.5397606213172,1360.32417758419,-0.414935997088406,30.7681280657005,5.237,52.372,38.8191861872791,,,247504495.0
Pakistan,PAK,2024,27.2960071761925,11.9121696598431,42.2935435576169,13.6062537929128,24.3424901722908,28.5427198593614,18.9106980665209,57.253,76.8544559649986,1479.47755241191,3.08176295579301,12.6325318530452,5.492,52.308,39.1734368360905,,33.5,251269164.0
Palau,PLW,2011,,,,,,,,,85.4353357672309,10795.639900708,4.5453422056307,4.6746987951807,,,80.9747231246263,,,18078.0
Palau,PLW,2012,,,,,,,,,96.5437658316915,12098.4124331551,2.06132919740671,3.61418047882138,,,81.1285663568435,,,17765.0
Palau,PLW,2013,,,,,,,,,101.682910244787,12820.5931621147,-1.39368330622723,3.35481004221287,,,81.0756895339142,99.5,,17648.0
Palau,PLW,2014,,,,,,,,,107.897262207169,13854.730278013,4.21392368136632,4.19174548581256,,,80.7338640362566,,,17715.0
Palau,PLW,2015,,,,,,,,,133.612830613393,15938.3652222848,8.57000568228419,0.949040643697081,,,80.388246269234,96.5899963378906,,17770.0
Palau,PLW,2016,,,,,,,,,,17043.6660673147,1.66650688235592,-1.04230533415074,,,80.1089335766065,,,17797.0
Palau,PLW,2017,,,,,,,,,,16280.241199753,-3.42143170174889,1.4179881966692,,,79.8284579022498,,,17812.0
Palau,PLW,2018,,,,,,,,,,16179.877834849,-0.417625859260369,2.10970464135017,,,79.5520868568744,,,17814.0
Palau,PLW,2019,,,,,,,,,134.846611978874,15841.8923474548,0.300684343692609,0.26737967914444,,,79.2803814152827,,,17798.0
Palau,PLW,2020,,,,,,,,,134.892086330935,14556.30954221,-6.00740723664144,0.218181818181833,,,79.0796884006264,99.8448081264108,,17792.0
Palau,PLW,2021,,,,,,,,,134.960355395603,13267.4877340719,-11.9146400192064,2.6124818577648,,,79.0890798782416,,,17783.0
Palau,PLW,2022,,,,,,,,82.56749725,135.142744523903,13934.951996171,-0.462879543823192,12.3526638378124,,,79.1134831712956,,,17759.0
Palau,PLW,2023,,,,,,,,82.91629791,135.386698256896,15578.3497630733,1.22284844405733,12.8199748216534,,,79.1531991438847,,,17727.0
Palau,PLW,2024,,,,,,,,83.92549896,,18169.0767165866,12.0059720184866,2.23172772921704,,,79.2095042878667,,,17695.0
Panama,PAN,2011,24.9264953930286,23.3098981929081,26.5485419080916,18.0399123405612,15.4077782178887,27.9882934400842,15.3336170863303,42.7,182.358735130993,9662.29592216607,11.9088772249531,5.87580243678763,4.03,63.006,65.1896678664818,,51.3,3693505.0
Panama,PAN,2012,,,,,,,,40.3018952210488,165.287067441004,11064.8063606203,9.62729346439019,5.69819959165993,3.691,64.957,65.2829468288151,,51.7,3759256.0
Panama,PAN,2013,,,,,,,,44.03,162.198754669206,12273.3225037637,6.32435388662846,4.02715991571061,3.674,65.744,65.3709770103365,,51.5,3825329.0
Panama,PAN,2014,43.6621401860102,40.3293731630675,47.018842954084,31.8581031277981,30.7475428613192,47.7056689411593,23.2185604175563,44.9238152577893,177.438612204565,13213.1989637473,4.62581375565551,2.62652699929143,4.391,65.698,65.4531164770096,,50.5,3892101.0
Panama,PAN,2015,,,,,,,,51.2054249948687,144.996925532224,14082.6548502728,5.26691719595516,0.137492058461588,4.335,65.651,65.5287232947981,,50.8,3960035.0
Panama,PAN,2016,,,,,,,,54.0,127.61623852159,14832.3611608191,4.57196707937275,0.73973402529995,4.717,66.186,65.5971555296656,,50.4,4029086.0
Panama,PAN,2017,46.4942616753675,42.3393450538833,50.8590416345078,32.86400086848,36.9863181507647,49.525164851716,38.0262145999515,59.9506309038683,128.825871183278,15694.6297454295,5.7440594635578,0.875585918759963,5.338,65.872,65.6577712475758,,49.9,4098707.0
Panama,PAN,2018,,,,,,,,61.8055313202468,137.297557979395,16151.3273478476,3.91824253321265,0.761578359399945,5.161,67.571,65.7099285144924,95.4100036621094,49.2,4167860.0
Panama,PAN,2019,,,,,,,,63.6284147731451,137.570004959029,16477.9066285687,3.10295395631086,-0.355083821021246,6.256,68.51,65.752985396379,95.7399978637695,49.8,4234700.0
Panama,PAN,2020,,,,,,,,64.82430267,142.283080390407,13290.5608347594,-17.8211174074602,-1.55027540803761,14.663,66.4,65.7862999591993,,,4293261.0
Panama,PAN,2021,44.9670337532433,43.1090221705505,46.9461469356743,32.4129914750727,40.4220331814867,46.344304591675,31.2156961266368,66.04270172,147.899862038176,15509.8069109784,16.4669992022652,1.63070337301898,10.177,62.8,65.8092302689169,96.2119100135584,50.9,4345405.0
Panama,PAN,2022,,,,,,,,67.2838974,152.062171804817,17378.6070083597,11.0386022908773,2.85965128834711,8.086,66.316,65.8211343914956,,,4400773.0
Panama,PAN,2023,,,,,,,,68.54851592,156.586507591014,18797.1933894611,7.16634016390665,1.48641355277038,6.544,65.144,65.8601271176084,96.0893871402691,48.9,4458759.0
Panama,PAN,2024,64.0952131164981,58.1187550543733,70.391512048608,45.4815775753491,57.5227277998642,65.8787018239514,41.8878748138697,72.77149963,,19161.218843129,2.74784148771307,0.69322555100446,8.451,66.319,65.9958447685488,96.2276533152296,49.7,4515577.0
Papua New Guinea,PNG,2011,,,,,,,,2.0,30.5368920009375,2288.37591141234,1.10754362619616,4.44083401028971,2.62,48.739,13.0000025015364,,,7859346.0
Papua New Guinea,PNG,2012,,,,,,,,3.5,33.5214610357872,2635.0873631547,4.65711959686239,4.53720508166972,2.634,49.059,13.0143796071362,,,8081390.0
Papua New Guinea,PNG,2013,,,,,,,,5.099999905,36.1328329658624,2560.77458976327,3.82494632800675,4.9603174603175,2.698,49.394,13.0582475733094,,,8302698.0
Papua New Guinea,PNG,2014,,,,,,,,6.5,39.4077931671023,2723.17529825196,13.5437706216546,5.22211720226841,2.54,49.529,13.1316404025265,,,8523441.0
Papua New Guinea,PNG,2015,,,,,,,,7.900000095,40.7171432669286,2484.5963398603,6.57835632304275,5.99595778127107,2.507,49.798,13.2341359836319,,,8743246.0
Papua New Guinea,PNG,2016,,,,,,,,9.601499557,42.2017296237172,2316.39479758492,5.48957315278187,6.6737288135593,2.478,50.088,13.3653651942392,,,8961718.0
Papua New Guinea,PNG,2017,,,,,,,,11.20919991,43.775195523033,2477.76530986323,3.53461081750459,5.42204568023834,2.58,50.418,13.5249644881888,70.0599975585938,,9178714.0
Papua New Guinea,PNG,2018,,,,,,,,12.35789967,45.7713986877234,2566.36833735041,-0.279252284959952,4.37448921453162,2.65,50.833,13.7125720532162,,,9394513.0
Papua New Guinea,PNG,2019,,,,,,,,13.62419987,47.1952885885227,2575.77274140393,4.48051456942582,3.92867290939597,2.651,51.138,13.9278267446947,,,9609010.0
Papua New Guinea,PNG,2020,,,,,,,,15.02040005,49.0843996981992,2429.61134585269,-3.16743204434815,4.87167398565555,2.903,51.004,14.1703677185729,,,9815746.0
Papua New Guinea,PNG,2021,,,,,,,,16.55960083,48.1179470954257,2607.97769973161,-0.510612607034361,4.48359014042398,3.03,51.672,14.4398342822353,,,10012896.0
Papua New Guinea,PNG,2022,,,,,,,,18.25659943,49.1906681149749,3102.29409730005,5.70701964996525,5.25323922215241,2.689,51.989,14.7358658260841,87.0046890533686,,10203169.0
Papua New Guinea,PNG,2023,,,,,,,,18.56130028,34.0588961979896,2966.06455045333,3.81046308333708,2.29869991296791,2.649,51.962,15.0581017891206,,,10389635.0
Papua New Guinea,PNG,2024,,,,,,,,18.81159973,38.7651796406789,2912.4914068385,3.88795324667848,0.602403921107917,2.625,51.96,15.4061816403333,,,10576502.0
Paraguay,PRY,2011,21.7201462451211,22.714781961778,20.6756599138589,5.59762034571033,14.5508823207957,24.7273455346552,8.30915195884483,24.7635158793993,112.286723170157,5805.40154543044,4.28637120702282,8.2539682539683,4.67,67.916,59.693499539898,,52.3,5814626.0
Paraguay,PRY,2012,,,,,,,,29.34,115.205931550373,5642.1699167298,-0.708043112316886,3.67591897974496,4.085,71.277,59.9212909454702,94.1999969482422,47.6,5897008.0
Paraguay,PRY,2013,,,,,,,,36.9,117.899905473431,6435.68342733182,8.29307648940471,2.68385738718582,4.385,69.867,60.2375315600901,95.0599975585938,47.9,5982445.0
Paraguay,PRY,2014,,,,,,,,43.0073750122614,120.354274622389,6652.25478942291,5.30123864473624,5.02882767456766,5.034,67.955,60.7101965948157,95.0299987792969,50.7,6069811.0
Paraguay,PRY,2015,,,,,,,,49.716304663966,120.341971874801,5879.33792308671,2.95715168367079,3.12900274473925,4.556,67.926,61.3302768533263,95.5500030517578,47.6,6159103.0
Paraguay,PRY,2016,,,,,,,,53.4041274791009,119.848343592368,5775.1596339946,4.26802583314583,4.08682280577241,5.255,69.966,62.0827613208606,94.6500015258789,47.9,6249126.0
Paraguay,PRY,2017,48.646860657984,46.0494492724974,51.2244106488301,38.2959522661227,33.2892134603215,54.6005403186795,44.3624920198775,61.0757562215797,117.821037884979,6152.26711537703,4.81007885554041,3.60247741348943,6.138,71.039,62.9526389826574,,48.5,6338660.0
Paraguay,PRY,2018,,,,,,,,64.9935430235756,115.749958536773,6258.44991640954,3.20425034076639,3.97561015740694,6.217,71.868,63.9248988239553,94.0199966430664,46.0,6427382.0
Paraguay,PRY,2019,,,,,,,,68.5176284222264,119.137051427631,5821.18199548637,-0.40185510068001,2.75709727562775,6.595,72.392,64.9845298299929,93.2099990844727,45.7,6515058.0
Paraguay,PRY,2020,,,,,,,,73.95751114,119.099952314893,5365.47220721191,-0.819785390971916,1.76751592356698,7.548,70.117,66.116520986009,94.5400009155273,43.5,6603739.0
Paraguay,PRY,2021,54.419977087987,55.3486348795502,53.4881764531929,47.8391115927571,45.5440802256626,57.4443466865636,43.6058509044759,77.01838621,119.312639901188,5974.9057185863,3.99461510731535,4.787983101236,7.311,71.919,67.3058612772421,,42.9,6684182.0
Paraguay,PRY,2022,,,,,,,,76.25916611,128.088057269442,6189.10205375331,-0.0280771723899278,9.76556667164402,6.755,70.58,68.6396537819458,,44.6,6760464.0
Paraguay,PRY,2023,,,,,,,,78.09481878,126.605481531224,6303.26495017292,5.28584584975323,4.63202285403356,5.794,70.751,69.3466081733694,,44.2,6844146.0
Paraguay,PRY,2024,60.9167610080401,60.1097092799532,61.7674730808885,50.0776335460214,47.2972592720046,65.0793020105979,48.1488589431053,81.57806793,,6456.60723068562,4.66914577981763,3.83540271728533,5.686,70.27,69.8622585886961,94.8600006103516,44.2,6929153.0
Peru,PER,2011,20.4586854159298,17.5612926168713,23.4454186405412,5.1275786833364,14.4673371018913,22.7026379979749,6.54768477341458,36.01,110.774364366799,5861.35793645245,6.32719240161117,3.36931095333853,3.477,78.652,78.0118164985462,,44.7,29304086.0
Peru,PER,2012,,,,,,,,38.2,99.4508054485687,6519.37852981527,6.13972470560435,3.61121294940163,3.238,78.459,78.6488061451268,93.8399963378906,44.4,29550366.0
Peru,PER,2013,,,,,,,,39.2,99.9174254916985,6746.80025696601,5.85251821084928,2.76789666082002,3.575,77.863,79.3105527820586,,43.9,29817919.0
Peru,PER,2014,28.9752319886255,22.4969735150161,35.6586543642011,15.7227299711385,19.5356816473864,32.4688985765764,12.0359186663284,40.2446560091704,105.858105967274,6667.13410360861,2.38215737180541,3.41194579807465,3.208,77.065,79.9945465682649,93.7099990844727,43.1,30115826.0
Peru,PER,2015,,,,,,,,40.8526009090468,112.404818501786,6231.71150338894,3.25224477218451,3.39809194746308,3.272,75.903,80.698277662669,94.1600036621094,43.4,30457600.0
Peru,PER,2016,,,,,,,,45.4617406869459,119.654538672257,6217.03599995447,3.95331871520767,3.55717663556279,3.741,75.377,81.4192362241943,94.1699981689453,43.6,30866494.0
Peru,PER,2017,42.6031809704695,34.4352169204029,50.9729838388907,27.0247467315155,29.371110083268,47.0516384710435,31.0888273239862,50.4504121848143,124.232520236388,6736.16693725487,2.51883544233135,2.99490045809443,3.691,76.996,82.1931650502403,94.1500015258789,43.3,31324637.0
Peru,PER,2018,,,,,,,,55.0543342443197,132.156626658621,6978.49121548627,3.969351341365,1.50915423024742,3.492,77.179,82.6854929960921,94.4100036621094,42.4,31897584.0
Peru,PER,2019,,,,,,,,59.9505036049006,122.790350843591,7037.00803692604,2.24063176875049,2.25212191358027,3.379,77.362,83.1033003087105,,41.5,32449303.0
Peru,PER,2020,,,,,,,,65.25179796,119.854099046125,6133.32552410183,-10.9333065010382,2.00241205759292,7.179,68.924,83.5267437189637,94.5,43.7,32838579.0
Peru,PER,2021,57.4978561461709,53.0286765478848,62.3240756294273,45.5363940476739,46.6182313430104,60.8503957831418,40.9253994785679,71.10782643,129.993736857913,6828.53422535638,13.4166456126513,4.27166381536798,5.097,71.93,83.9480118272361,,40.1,33155882.0
Peru,PER,2022,,,,,,,,74.67495213,124.119322949561,7353.74598721667,2.81819976419922,8.33370630096231,4.291,74.473,84.3663554951194,,40.3,33475438.0
Peru,PER,2023,,,,,,,,79.48484477,121.975084691173,7919.04634828547,-0.350699814345759,6.45561348369586,4.899,72.686,84.7810255849745,,40.7,33845617.0
Peru,PER,2024,59.3098978248017,56.1785669335632,62.4782758669515,44.6241136416496,52.9856890005398,60.9900311298582,29.636960601098,81.95705992,124.623544414599,8526.29665719783,3.5152749274832,2.00770739412712,5.199,72.808,85.1912729600355,93.6600036621094,40.1,34217848.0
Philippines,PHL,2011,26.5559260623316,33.7137308957813,19.0031008581416,9.88938824222288,18.3441471112875,29.7500335472144,12.2620516277169,29.0,95.8688282360909,2383.91892522087,3.85823282795663,4.7184170471842,3.592,62.23,46.6833632464759,,,98248614.0
Philippines,PHL,2012,,,,,,,,30.79999924,101.799674355545,2614.61644401308,6.89695171050985,3.02696391124796,3.504,61.733,47.9182784810426,,46.5,100175512.0
Philippines,PHL,2013,,,,,,,,32.70000076,100.732033524401,2781.27957677397,6.75053130142255,2.58268766141795,3.497,61.446,49.1313688766206,96.4000015258789,,102076336.0
Philippines,PHL,2014,31.2858339239034,37.8502966258972,24.4019510347799,18.0376718059275,19.046571689323,35.8537760093803,18.0650296830673,34.70000076,107.284498472686,2866.83803761407,6.34798748260867,3.59782343864211,3.6,62.171,50.2392400212368,,,103767130.0
Philippines,PHL,2015,,,,,,,,36.90000153,111.893197374926,2909.85818010301,6.34830971672761,0.674192536845408,3.068,61.405,51.1549047745227,98.1800003051758,44.6,105312992.0
Philippines,PHL,2016,,,,,,,,39.20000076,112.517998777897,2985.19564024046,7.14945675000752,1.25369880080982,2.695,61.59,51.9114748151175,,,106735719.0
Philippines,PHL,2017,34.4984075658533,38.8541642161096,30.0197018084674,18.0263524230537,23.5157571459351,38.828045359477,18.0015153689688,41.59999847,110.962137119646,3038.12124959289,6.9309883258402,2.85318772590947,2.552,59.141,52.6010482354344,,,108119693.0
Philippines,PHL,2018,,,,,,,,44.09999847,122.960456861544,3168.51036609727,6.34148557153473,5.30934661627707,2.338,58.981,53.2088897464754,,42.3,109465287.0
Philippines,PHL,2019,,,,,,,,43.0266118680279,151.006642923206,3400.78949767074,6.11852566221303,2.39206534422404,2.237,59.444,53.7157859948017,96.2799987792969,,110804683.0
Philippines,PHL,2020,,,,,,,,53.76490021,133.45620905917,3227.57910235199,-9.51829474045297,2.3931623931624,2.522,54.746,54.1077719895977,98.4700012207031,,112081264.0
Philippines,PHL,2021,51.3717638928697,47.4188134768543,55.5939212451991,33.98739740938,40.1691111803325,55.7488258751791,32.7689810781991,66.90779877,144.424289981649,3484.38593882819,5.71473313185116,3.92718022100332,3.398,56.471,54.4504102510776,,40.7,113100950.0
Philippines,PHL,2022,,,,,,,,75.21114422,147.428926406785,3548.06930572116,7.58098212785563,5.82115811213955,2.598,61.439,54.7902343568327,,,113964338.0
Philippines,PHL,2023,,,,,,,,77.86699677,117.275521687262,3804.08274131718,5.51894967856043,5.97802515541409,2.2,61.42,55.1242716168851,,39.3,114891199.0
Philippines,PHL,2024,50.1824221429254,57.1016109576105,43.0424000013443,34.4399006408424,55.1122806971337,48.1663078389787,33.6218005767594,67.26300914,115.298749599352,3985.29464669706,5.71474526128652,3.21260487006347,2.202,61.402,55.4520983215477,,,115843670.0
Poland,POL,2011,70.1942895305774,68.2871969813764,72.37171673271,62.1836812399834,47.8273813736361,75.3172992698084,34.717317163454,61.94999896898,131.279778766286,13867.6669408192,5.25546256612796,4.23940149625932,9.576,56.397,60.7357090652544,,33.2,38063255.0
Poland,POL,2012,,,,,,,,62.3099972714691,141.409735570098,13087.420943321,1.51178167644575,3.56037151702793,10.031,56.765,60.6341632788866,,33.0,38063164.0
Poland,POL,2013,,,,,,,,62.8492,148.912446350899,13621.9023794031,0.684240607051805,0.991982606332335,10.293,56.729,60.5333187465323,,33.1,38040196.0
Poland,POL,2014,77.8621706046997,72.9579188556904,83.2598053443452,71.3221345199509,63.6846420075155,80.3837154682292,50.6660810022622,66.5987360557248,148.713283559361,14262.2841914116,3.92050862390032,0.0538213132399802,8.971,57.074,60.4340063344328,,32.8,38011735.0
Poland,POL,2015,,,,,,,,67.9969871556415,142.520207198425,12637.5220324406,4.43176700264478,-0.874125874125862,7.475,57.076,60.3362886805635,,31.8,37986412.0
Poland,POL,2016,,,,,,,,73.3007040962669,138.518696718641,12464.0121044827,3.03117767594847,-0.664767331433962,6.141,57.307,60.2402284228997,,31.2,37970087.0
Poland,POL,2017,86.7333029909929,87.9622193732543,85.3751497459917,84.2210519635764,62.6254496625029,90.467113112438,65.5030437367614,75.9853659493832,131.901471911132,13913.3415190124,5.15245773325907,2.07593553673859,4.867,57.562,60.145888199417,,29.7,37974826.0
Poland,POL,2018,,,,,,,,77.5417345350006,126.266191655563,15658.210586693,6.2458584723942,1.81295156542689,3.835,57.534,60.0533306480907,,30.2,37974750.0
Poland,POL,2019,,,,,,,,80.4359068768673,126.597314882311,15874.5220531254,4.58045817256199,2.22747880938291,3.267,57.471,59.9626184068963,,28.8,37965475.0
Poland,POL,2020,,,,,,,,83.18488715,129.288487295019,16150.9304813473,-2.03556882399977,3.37446972618589,3.155,57.397,59.8738141138092,,28.5,37515748.0
Poland,POL,2021,95.7201672270221,95.6897434226086,95.7529860201521,93.9239232758976,98.054991054349,95.4579992884041,71.3053178578423,85.37490906,132.987203939653,18635.5104895754,6.92718266052501,5.05502704719272,3.268,58.698,59.8096513205543,,28.5,36981559.0
Poland,POL,2022,,,,,,,,86.94113479,137.002148115476,18891.2121169279,5.25545697386036,14.4294507575758,2.811,58.946,59.8315488048321,,28.9,36821749.0
Poland,POL,2023,,,,,,,,86.414744,135.146301442691,22145.2660647429,0.249610834017872,11.5289127961105,2.743,59.23,59.8859561370214,,28.5,36687353.0
Poland,POL,2024,86.1367117566539,86.3296733689659,85.9243017950635,80.0821560050964,73.6306261910361,87.8544942081825,51.0695031242376,88.58496367,138.016156588197,25103.565661423,3.02841630700273,3.79060897630197,2.807,58.656,59.9705468695101,,,36559233.0
Portugal,PRT,2011,81.2294253390108,77.8040264825177,85.1370308978659,73.3990491851064,75.1283769471387,82.1312467330317,74.9409384722501,55.2499968797194,116.837494027689,23246.5425416481,-1.71352745905065,3.6530110043073,12.715,60.473,61.1410698395502,94.4800033569336,36.3,10557560.0
Portugal,PRT,2012,,,,,,,,60.3399974868057,113.358650832529,20593.4274224109,-4.05090267621935,2.77333854051576,15.509,60.128,61.1409793914666,,36.0,10514844.0
Portugal,PRT,2013,,,,,,,,62.0956,114.655300508744,21676.4859642714,-0.984106574148328,0.274416666666663,16.237,59.26,61.1405315215642,,36.2,10457295.0
Portugal,PRT,2014,87.3863542055074,86.1084057847642,88.836294308257,80.175792253929,85.693309737457,87.570415858348,80.3225532373043,64.5924200648949,114.312891767686,22120.6850127107,0.741391420706506,-0.278153367467428,13.88,58.777,61.1394537361116,,35.6,10401062.0
Portugal,PRT,2015,,,,,,,,68.6328614804299,112.964237082806,19215.7813014347,1.58979803702681,0.48793862390472,12.405,58.555,61.137469211538,,35.5,10358076.0
Portugal,PRT,2016,,,,,,,,70.423567088723,111.846790353179,19980.2808866516,2.00414129666575,0.607397074641719,11.058,58.414,61.1343011242723,,35.2,10325452.0
Portugal,PRT,2017,92.3409885215351,90.6221218428997,94.2271062785847,87.4609983623793,79.4079287100229,94.2174650839397,87.5661980779583,73.7912139515729,113.873619619075,21442.3842768879,3.31472008175986,1.36861411643482,8.878,58.881,61.1296726507436,,33.8,10300300.0
Portugal,PRT,2018,,,,,,,,74.6609681487507,114.858523480989,23541.1401075289,2.94628343449202,0.993715683468233,6.966,58.953,61.1233069673808,,33.5,10283822.0
Portugal,PRT,2019,,,,,,,,75.3463779408712,115.145564535894,23343.3628970034,2.74568432648596,0.338178410046124,6.422,58.976,61.114927250613,,32.8,10286263.0
Portugal,PRT,2020,,,,,,,,78.26166044,114.276382888841,22299.4044062173,-8.20463159324387,-0.0124383299576209,6.85,57.587,61.1042566768691,,34.7,10297081.0
Portugal,PRT,2021,92.6495073207262,90.1829437176053,95.3736338222349,87.6202479996128,78.1563964057826,94.5226745866289,89.8884394206447,82.30902804,119.768700781718,24711.4510062111,5.55875672070374,1.26565719069044,6.712,56.831,61.0951249296597,,34.6,10361831.0
Portugal,PRT,2022,,,,,,,,84.49690644,122.80130896654,24620.5197587181,6.98584137580278,7.83269124233323,6.138,57.785,61.1259255772782,,36.3,10434332.0
Portugal,PRT,2023,,,,,,,,85.79012676,123.001507659381,27634.6183139773,3.09998745904281,4.31128191898681,6.498,58.555,61.2048652633664,,33.9,10578174.0
Portugal,PRT,2024,91.3973440748621,88.166050754656,94.7574332041775,87.698375834765,93.0082215711419,91.1760170855366,80.9267698148588,88.48704454,124.129981203404,29328.3067415343,2.21459232301109,2.41613187791876,6.5,58.443,61.3281907341332,,,10694681.0
Puerto Rico (US),PRI,2011,,,,,,,,48.0,84.3815609806418,27170.0766543278,-0.358510636850312,,15.7,40.5,93.7598202101009,,,3693464.0
Puerto Rico (US),PRI,2012,,,,,,,,68.9999826014151,83.6353280009829,27742.024476618,0.0292751500944064,,14.5,39.897,93.7630744424317,,,3661045.0
Puerto Rico (US),PRI,2013,,,,,,,,68.999990004,85.5376654285317,28212.0499737431,-0.306826666941774,,14.3,39.297,93.7698316907305,,,3631427.0
Puerto Rico (US),PRI,2014,69.7352646205524,66.0932528622377,73.7037716208942,56.0395588770265,44.9607211106487,75.2503024139848,48.9506793054389,76.1338597201667,89.9998233000979,28576.0988023209,-1.19036347346942,,13.9,38.293,93.7813071818968,,,3585017.0
Puerto Rico (US),PRI,2015,,,,,,,,63.4663353848474,91.0041169159844,29242.041465085,-1.04929003238674,,12.0,38.021,93.7987161428303,,,3535167.0
Puerto Rico (US),PRI,2016,,,,,,,,68.6438071976518,93.5606592389891,29978.0889268918,-1.26369434781117,,11.8,38.155,93.8232738004303,,,3480432.0
Puerto Rico (US),PRI,2017,,,,,,,,68.7407731407209,100.519829625899,30328.479490518,-2.88521838398481,,10.8,38.236,93.8561953815964,92.3899993896484,,3410837.0
Puerto Rico (US),PRI,2018,,,,,,,,70.8563997424362,101.222406345401,30679.9181934488,-4.36142703162535,,9.2,38.582,93.8986961132283,,,3290690.0
Puerto Rico (US),PRI,2019,,,,,,,,77.7364393708352,102.552928381388,31830.5284993358,1.67546379498209,,8.3,38.591,93.9519912222253,,,3302691.0
Puerto Rico (US),PRI,2020,,,,,,,,,106.682174305247,31427.1034994916,-4.1808743093346,,8.89,39.249,94.0116144995587,,,3281591.0
Puerto Rico (US),PRI,2021,,,,,,,,84.78666399,112.540413929626,32618.8705106244,0.385222719529239,,7.9,41.291,94.0550712597302,,,3262731.0
Puerto Rico (US),PRI,2022,,,,,,,,87.29178106,120.215904630962,35353.5613891039,2.95709565499587,,6.0,41.829,94.1110923054937,,,3220148.0
Puerto Rico (US),PRI,2023,,,,,,,,,124.513459651582,36980.7653928068,0.731492105366186,,5.725,42.134,94.1774359275881,,,3203794.0
Puerto Rico (US),PRI,2024,,,,,,,,,126.426375391555,39353.2242360643,3.17707554784896,,5.639,42.615,94.2539505199436,,,3202521.0
Qatar,QAT,2011,65.8753853266331,61.5695319524117,68.5700117626632,53.8167998916298,64.1141398299002,66.344066676953,31.648210512409,69.0,127.128026726304,103261.510293068,13.0214050496923,1.13836623529202,0.56,86.455,98.6300610210909,96.4100036621094,,1624761.0
Qatar,QAT,2012,,,,,,,,69.3,136.39488295684,108470.378825036,4.62623675511804,2.31534853431661,0.48,86.27,98.7428010471968,96.6800003051758,,1722438.0
Qatar,QAT,2013,,,,,,,,85.3,162.859698293993,103697.008372373,4.43070196521455,3.22197756829293,0.28,86.296,98.8357621827901,97.4800033569336,,1916426.0
Qatar,QAT,2014,,,,,,,,91.48999786,149.020182367971,95840.6310094498,4.11911527912761,3.34972085659523,0.2,86.747,98.901627838826,97.75,,2151745.0
Qatar,QAT,2015,,,,,,,,92.8848264535481,154.098019594361,68985.2946961507,4.75334572438737,1.8140772393776,0.17,87.274,98.9382407681154,,,2344557.0
Qatar,QAT,2016,,,,,,,,95.1246621661148,140.517748133011,61253.6375482797,3.06419188430156,2.6765917009819,0.15,87.475,98.9855265345423,,,2477113.0
Qatar,QAT,2017,,,,,,,,97.3888491654164,147.358360281803,63279.8556949332,-1.49760470227838,0.394878914083005,0.14,87.498,99.0310125265978,,35.1,2545820.0
Qatar,QAT,2018,,,,,,,,99.6528491261175,142.911085340776,71039.8490579352,1.23487220191065,0.255815382724408,0.11,87.503,99.0755684762244,,,2580734.0
Qatar,QAT,2019,,,,,,,,99.6528042086389,140.01721278049,66841.3013484919,0.688240954592672,-0.666641124861147,0.1,87.433,99.1191696672067,,,2638657.0
Qatar,QAT,2020,,,,,,,,99.65284913,135.497890935034,51683.5054376677,-3.5576039896784,-2.5403150300476,0.14,87.105,99.1617913833034,,,2794148.0
Qatar,QAT,2021,,,,,,,,99.65280151,137.709548409191,71751.8831257169,1.62684671918775,2.30446565742003,0.14,86.363,99.203408908243,,,2504910.0
Qatar,QAT,2022,,,,,,,,98.03800201,162.248539735277,88701.463352273,4.18500970982862,4.99527553740761,0.13,87.575,99.243997525719,,,2657333.0
Qatar,QAT,2023,,,,,,,,98.15229797,157.82063065065,80195.8746508549,1.18715991623776,3.02764899198902,0.13,87.551,99.2835325193835,,,2656032.0
Qatar,QAT,2024,,,,,,,,98.08540344,153.612474384296,75685.0865779973,3.10963283242745,1.26734310292375,0.13,87.22,99.3219891728394,,,2857822.0
Romania,ROU,2011,44.5916228252137,41.060610571987,48.5323748478871,31.7461247947441,37.0428489813237,46.2188802377748,26.8873268510449,40.0099967810008,115.471784331445,9560.6755277458,4.49558909946313,5.7892532881588,7.177,49.907,53.9608874244169,98.5999984741211,35.9,20147528.0
Romania,ROU,2012,,,,,,,,45.8799942529424,113.302350795587,8929.95366231474,1.90361696799603,3.33492267693442,6.794,50.042,53.9563092496073,,36.5,20058035.0
Romania,ROU,2013,,,,,,,,49.7645,114.190750190364,9497.67411615237,0.278771877470234,3.9847123554813,7.096,50.081,53.9101758034365,,36.9,19983693.0
Romania,ROU,2014,60.8371568509663,56.8690490522572,65.152219627869,44.8465178073116,55.034635983192,61.8245605463416,34.5522017234788,54.0783206550943,114.782653636732,10031.7710755404,4.11600109267832,1.06830987684298,6.802,50.517,53.8267187624053,,36.0,19908979.0
Romania,ROU,2015,,,,,,,,55.7631556336233,116.350349219635,8977.01748158196,3.1570360543854,-0.594156437495203,6.812,51.24,53.7071839518893,,35.9,19815616.0
Romania,ROU,2016,,,,,,,,59.5039512852713,115.790771839543,9404.54005870715,2.85993252302089,-1.54479666813897,5.901,50.936,53.5528171972639,,34.4,19702267.0
Romania,ROU,2017,57.751805216506,53.5909182977514,62.3982445350431,37.8348993943438,51.0621354351116,58.8779488734422,31.8595259762486,63.7472821822484,113.76679260075,10727.9822007426,8.19547826641261,1.3390212110439,4.927,51.837,53.3648643239046,,36.0,19588715.0
Romania,ROU,2018,,,,,,,,70.6812779273268,115.492130982384,12416.134317959,5.39452228185675,4.62548443137779,4.187,51.834,53.1445711571868,,35.8,19473970.0
Romania,ROU,2019,,,,,,,,73.6574757545465,116.252345583749,12909.6104013244,3.96028958497598,3.82785432599438,3.912,52.02,52.8931835224862,,34.8,19371648.0
Romania,ROU,2020,,,,,,,,78.45526895,116.478206049988,13009.1525348396,-3.59802546034757,2.63107311184743,5.035,51.998,52.611947245178,,34.6,19265250.0
Romania,ROU,2021,69.1155037619615,65.7444313957273,72.6785952666858,57.1201071980925,71.9228765909043,68.6956280169997,37.4874601418254,83.5904265,119.123068432356,14908.0412813921,5.58735072538869,5.05232876096582,5.59,52.467,52.2321512130811,99.1600036621094,33.9,19122059.0
Romania,ROU,2022,,,,,,,,85.50309124,121.14194294167,15503.4691366242,4.18771305104109,13.7954887432521,5.614,52.637,52.1634832477272,,32.3,19048502.0
Romania,ROU,2023,,,,,,,,89.20335498,123.252482585042,18244.4186876321,2.25773416555121,10.3971874764996,5.589,51.739,52.1645747011867,,29.8,19061062.0
Romania,ROU,2024,71.3366719002898,69.8503015757801,72.9467014858712,55.4182775439009,85.6315207171153,69.4744285129607,41.029929138885,91.29048551,119.804862328273,20080.2096215595,0.916003764382594,5.72140574354439,5.4,51.461,52.1674778928768,,,19051804.0
Russian Federation,RUS,2011,48.1784884899677,47.7032339699392,48.7808673835128,40.3803436350401,32.8140302361327,51.8357321869112,24.1929948892261,58.0,141.451225637367,14305.33203125,4.30002918604238,8.4404648593257,6.571,62.939,73.8534851074219,,39.7,143018195.0
Russian Federation,RUS,2012,,,,,,,,66.0,144.198197519265,15401.8515625,4.0240861571798,5.07474300799149,5.484,62.964,73.97265625,,40.7,143378447.0
Russian Federation,RUS,2013,,,,,,,,67.97,150.964167004451,15941.4482421875,1.75542214916291,6.75466833903486,5.513,62.866,74.0762949770228,,40.9,143805638.0
Russian Federation,RUS,2014,67.3830915085391,70.1926594732869,63.7995263903731,63.193370344131,54.435395814334,69.8901212915978,35.0038995241541,70.5175682574413,152.512941154001,14055.47265625,0.736267221403651,7.82016970013845,5.212,62.837,74.1776476748791,,36.9,144237223.0
Russian Federation,RUS,2015,,,,,,,,70.0992412263947,156.4185651494,9277.7138671875,-1.9727192264298,15.5343959935701,5.615,62.704,74.275919065527,,36.5,144640716.0
Russian Federation,RUS,2016,,,,,,,,73.091434617897,157.173982310184,8663.158203125,0.193671130698817,7.04243725413707,5.591,62.872,74.3703138709243,,36.7,145015460.0
Russian Federation,RUS,2017,75.7588881016081,76.1313651837693,75.3035306840176,70.2362145633353,66.9292945195195,77.5269064636933,56.3674799648078,76.0081385339105,155.485765168167,10658.9130859375,1.82670527549192,3.68333072334495,5.238,62.496,74.460036813029,,35.5,145293260.0
Russian Federation,RUS,2018,,,,,,,,80.8647218726954,156.682905991229,11211.8876953125,2.80634082046656,2.87831382614981,4.871,62.445,74.5442926137992,,35.3,145398106.0
Russian Federation,RUS,2019,,,,,,,,82.6421618670668,163.646302441755,11447.701171875,2.19807571381982,4.47202631837903,4.513,61.698,74.6222859951926,,35.7,145453291.0
Russian Federation,RUS,2020,,,,,,,,84.99466978,163.101112466044,10108.3271484375,-2.65365449695453,3.38219796948068,5.62,61.389,74.6932216791674,,33.7,145245148.0
Russian Federation,RUS,2021,89.7193266222482,90.1117314127973,89.2579846288031,85.8112011007402,93.4904659268054,89.0201998593646,82.2854665234015,88.21384578,169.07261384221,12425.029296875,5.866491772979,6.69445891957612,4.749,61.966,74.7516840220252,99.9300003051758,35.1,144746762.0
Russian Federation,RUS,2022,,,,,,,,90.41799163,168.475831268436,15625.6328125,-1.43537063467896,13.7436797398232,3.867,61.936,74.8544893625017,,33.9,144236933.0
Russian Federation,RUS,2023,,,,,,,,92.24496346,180.841776534047,13986.9951171875,4.06661395813023,5.86571931748967,3.076,62.135,74.9805047873279,,33.0,143826130.0
Russian Federation,RUS,2024,79.3421267068262,77.2673546557224,81.6495846664745,70.6261391166153,88.4517352052366,77.977678819665,62.7570684172578,94.36495368,186.103787309059,14961.8974609375,4.92167966203073,8.43486410496723,2.43,61.824,75.1119136177067,,,143669648.0
Rwanda,RWA,2011,32.7638222447295,28.2467125980262,37.5087208412817,31.1402444330775,17.8143700889861,39.8800620927843,30.807629467102,7.0,42.049425685328,643.356138618166,7.95838869909085,3.0801706924026,11.756,60.927,16.9323586881273,,,10573733.0
Rwanda,RWA,2012,,,,,,,,8.023900032,52.5466576287262,697.760143509565,8.64150815708138,10.2710182318876,11.671,60.854,16.9410248882148,68.3300018310547,,10829901.0
Rwanda,RWA,2013,,,,,,,,9.0,60.2988640030865,695.397140963607,4.71984856950924,5.92426867984854,11.768,60.784,17.0742206053612,,45.1,11093340.0
Rwanda,RWA,2014,42.1169125765165,35.3219449796634,49.0436314215039,17.0873461948595,23.326549828575,50.8827780272582,39.6176283083084,10.60000038,68.1670448387062,715.36808783393,5.66845354233575,2.35449052820358,11.837,60.714,17.5020716539756,70.8000030517578,,11364757.0
Rwanda,RWA,2015,,,,,,,,12.45600033,75.2543165296423,725.691418696952,8.87036752872743,2.52850284192421,11.831,60.64,18.1953149858416,,,11640022.0
Rwanda,RWA,2016,,,,,,,,14.63710022,74.8502057565523,721.258515833094,5.65874584202778,7.17434301982009,11.788,60.556,19.1213951786548,,43.7,11919183.0
Rwanda,RWA,2017,50.019793696102,44.9605015327419,55.7454646924848,38.6518463317563,41.4591328885259,54.3657973438239,47.0031938255034,17.2,72.2764598764471,751.049039527547,4.70393439751061,8.27953672260832,11.875,60.461,20.2477568101111,,,12202060.0
Rwanda,RWA,2018,,,,,,,,19.16659927,77.679469147812,772.754982959354,8.07084254621641,-0.311210160390699,10.759,60.378,21.5418444579064,73.2200012207031,,12487996.0
Rwanda,RWA,2019,,,,,,,,21.3579998,75.5985451901883,823.355304065304,9.28613387454543,3.34787655037648,11.236,58.451,22.9711026997362,,,12776103.0
Rwanda,RWA,2020,,,,,,,,23.8,81.2378724761376,802.638686936204,-2.77710485515125,9.85039902274207,11.829,62.66,24.5029761132966,80.0500030517578,,13065837.0
Rwanda,RWA,2021,,,,,,,,24.4416008,81.6381635400584,842.581492947672,8.41140448646523,-0.391346748300791,15.775,58.197,26.1049092762833,,,13355260.0
Rwanda,RWA,2022,,,,,,,,28.01679993,80.5952224850433,1007.05989322914,9.82497394651698,17.6892095588153,15.084,60.164,27.7806702737761,78.7600021362305,,13651030.0
Rwanda,RWA,2023,,,,,,,,28.80579948,91.4622704078141,1061.05788154076,8.55964292914153,19.789546746467,12.352,63.664,28.8555310645477,,39.4,13954471.0
Rwanda,RWA,2024,,,,,,,,31.70330048,93.201462876722,1059.93709298801,7.22717103344534,1.77029240198635,11.331,63.521,29.8849714294083,,,14256567.0
Samoa,WSM,2011,,,,,,,,11.0,,3821.50678264479,3.84907794660396,5.23541591478434,5.68,54.774,19.6174273708146,98.9700012207031,,194713.0
Samoa,WSM,2012,,,,,,,,12.92249966,51.0447943490519,3934.60320799981,-3.73213020890266,2.0490188352116,8.752,54.872,19.478718368689,,,196498.0
Samoa,WSM,2013,,,,,,,,15.30000019,50.3797889725019,4023.5254013825,0.107293276488932,0.61008572090503,8.772,54.869,19.3865949620667,,38.7,198268.0
Samoa,WSM,2014,,,,,,,,21.20000076,53.2521483525548,3982.68080202084,0.659923768782861,-0.40681608842489,8.72,54.838,19.3126679480432,,,200037.0
Samoa,WSM,2015,,,,,,,,,59.7263383255196,4084.36083819933,3.8503618166494,0.724470134874729,8.901,54.71,19.2340105383551,,,201782.0
Samoa,WSM,2016,,,,,,,,,74.2057700529241,4147.07097674888,7.9838628784713,1.30471869303179,9.063,54.498,19.126462366749,99.4000015258789,,203499.0
Samoa,WSM,2017,,,,,,,,,60.4683202297787,4307.59381964907,1.40628239971301,1.74989677484705,9.4,54.432,18.9657191879831,99.7071903264793,,205415.0
Samoa,WSM,2018,,,,,,,,,48.1737337534083,4231.81409469194,-0.609647103380141,4.19745888663752,8.649,52.348,18.7241267935467,,,207582.0
Samoa,WSM,2019,,,,,,,,,40.0419487081705,4351.94234943706,4.45185891688691,0.982326569888117,7.858,50.147,18.4147344481283,97.9899978637695,,209780.0
Samoa,WSM,2020,,,,,,,,,32.5557694485336,4099.59660548583,-3.10864485863991,-1.56891247740895,7.467,47.572,18.0516608994722,,,211944.0
Samoa,WSM,2021,,,,,,,,,32.2763227445165,4021.55934894283,-5.04350589708287,3.13320473174494,6.664,45.59,17.5672426452007,,,213779.0
Samoa,WSM,2022,,,,,,,,,62.398669522115,4132.44717734444,2.26705310780669,10.9618822286844,5.048,43.733,17.5007949951039,,,215261.0
Samoa,WSM,2023,,,,,,,,,,4822.74084650019,15.233606465518,7.92164684826777,4.92,43.438,17.5012799804602,,,216663.0
Samoa,WSM,2024,,,,,,,,,,5392.87761915762,4.7483863916535,2.17245530514377,4.855,43.084,17.5029115108018,,,218019.0
San Marino,SMR,2011,,,,,,,,49.6,110.245888899251,55601.4008139955,-8.3147735708983,2.89979584300123,,,97.0999984741211,,,32620.0
San Marino,SMR,2012,,,,,,,,,107.568649714644,47945.8917557105,-7.04453441295546,2.8273322422258,,,97.0999984741211,,,33469.0
San Marino,SMR,2013,,,,,,,,,109.399167162403,50807.8206340193,-0.78397212543554,1.60439298078082,,,97.0999984741211,,,33041.0
San Marino,SMR,2014,,,,,,,,,111.489992587102,51260.4804236805,-0.702370500438988,1.11296303373851,,,97.0999984741211,,,32655.0
San Marino,SMR,2015,,,,,,,,,108.032211439191,43146.8035302005,2.29150309460655,0.145686073241066,,,97.0999984741211,,,32897.0
San Marino,SMR,2016,,,,,,,,55.0,107.051901290946,44359.4574206971,2.34441211810459,0.644075340346552,,,97.0999984741211,,,33101.0
San Marino,SMR,2017,,,,,,,,60.18230057,110.535807784048,45192.0530047599,0.258259899709444,1.01413313194508,,,97.0999984741211,,,33825.0
San Marino,SMR,2018,,,,,,,,,111.500477859191,47950.7076296808,1.49390399796074,1.16333522293158,,,97.0999984741211,,,34522.0
San Marino,SMR,2019,,,,,,,,67.85070038,111.822930193634,46626.9998571568,2.06569082920953,0.472651967352852,,,97.0999984741211,,,34663.0
San Marino,SMR,2020,,,,,,,,77.94999695,112.168886076677,44426.6259613672,-6.64791226034481,-0.133368898372915,,,97.0999984741211,,,34770.0
San Marino,SMR,2021,,,,,,,,81.66999817,115.700566932778,54168.9744311193,13.8977857594089,1.61551411551421,,,97.1035668453272,,,34252.0
San Marino,SMR,2022,,,,,,,,97.32790375,120.269873863303,54264.5837022908,7.89844678230362,5.32545321311365,,,97.1141889380465,99.9100036621094,,33755.0
San Marino,SMR,2023,,,,,,,,97.33640289,,59871.3288101478,0.401932371532837,5.93190858629403,,,97.1317310361655,,,33860.0
San Marino,SMR,2024,,,,,,,,97.35220337,,,,1.24216507945569,,,97.1560555881096,,,33977.0
Sao Tome and Principe,STP,2011,,,,,,,,20.16119957,61.9653216553819,1219.80189089671,1.99943210333259,14.3271667616801,14.229,24.01,66.7275977610702,,,185649.0
Sao Tome and Principe,STP,2012,,,,,,,,21.57239914,64.4914721889368,1210.7926479817,2.94294277416023,10.6379353431628,13.59,24.011,67.0335889448132,90.1399993896484,,189439.0
Sao Tome and Principe,STP,2013,,,,,,,,23.0,64.8875473729989,1382.5757842916,5.11967735428513,8.10583270875476,12.476,24.025,67.1306686401367,,,193148.0
Sao Tome and Principe,STP,2014,,,,,,,,24.40999985,65.3056660923834,1489.67633417608,4.90621048664867,6.99849943966421,11.428,24.023,67.2606735229492,,,196767.0
Sao Tome and Principe,STP,2015,,,,,,,,25.81999969,92.3511291071491,1298.10946596396,1.5397042826735,5.24587835022454,10.591,23.999,67.3915710449219,,,200291.0
Sao Tome and Principe,STP,2016,,,,,,,,28.0,87.4112004084658,1434.87018050521,5.17682468684113,5.43051966119156,9.684,23.951,67.5218887329102,,,203689.0
Sao Tome and Principe,STP,2017,,,,,,,,32.61640167,84.0522781079383,1555.79477812888,4.11297966281954,5.6902961992902,8.808,23.88,67.6520004272461,,40.7,206970.0
Sao Tome and Principe,STP,2018,,,,,,,,37.99380112,77.3644421396185,1825.59971753966,4.37812808264972,7.86859628873909,8.712,23.794,67.7828826904297,,,210187.0
Sao Tome and Principe,STP,2019,,,,,,,,44.25790024,77.6791069955762,1935.2931816596,2.01431672129407,7.72024525213248,8.835,23.693,67.9129943847656,87.4400024414062,,213392.0
Sao Tome and Principe,STP,2020,,,,,,,,51.55469894,80.1172764274381,2167.22001796925,2.62485949543812,9.81932791540146,9.679,23.123,68.0436706542969,,,217435.0
Sao Tome and Principe,STP,2021,,,,,,,,54.94950104,85.2577705092336,2362.58827248102,1.89929891337832,8.13777038378732,9.563,23.308,68.1738967895508,,,221961.0
Sao Tome and Principe,STP,2022,,,,,,,,58.56779861,86.7784626941517,2389.73729784737,0.168698492216564,18.0056351122841,8.964,23.509,68.3720919798341,,,226305.0
Sao Tome and Principe,STP,2023,,,,,,,,58.70130157,63.4540500972405,2990.6606143535,0.372252775001456,21.2589138473,9.032,23.445,68.6043921103568,,,230871.0
Sao Tome and Principe,STP,2024,,,,,,,,59.11759949,62.4367400312479,3502.6176807171,1.47888850952698,14.3519273571008,9.057,23.391,68.8710170184884,,,235536.0
Saudi Arabia,SAU,2011,46.4206603178861,15.2330073135543,72.7211414647235,32.7748606226054,26.6778753784091,56.8276433532766,38.9706146059157,47.5,206.851813084871,27126.7498747702,11.758820686671,5.8262163739404,5.77,53.37,82.2543876159947,,,25091867.0
Saudi Arabia,SAU,2012,,,,,,,,54.0,195.843368612361,28733.4375513452,5.76157382270968,2.86627029905053,5.622,55.395,82.4311918025358,,,26168861.0
Saudi Arabia,SAU,2013,,,,,,,,60.5,189.475618447684,27865.465604962,2.94563789152025,3.51104209799866,5.6,57.152,82.6071884619102,94.4300003051758,,27624004.0
Saudi Arabia,SAU,2014,69.4095879290349,61.1496126076582,75.3258805251461,64.8242607727126,64.5375242455736,70.8916152184033,64.1621089555651,64.713657369019,181.856566741136,27805.4850319422,4.02467158380668,2.24185348779063,5.877,58.409,82.7822571294871,,,28309273.0
Saudi Arabia,SAU,2015,,,,,,,,69.6162358014004,176.134029034522,23256.1549553531,4.65512316652699,1.22269318552328,5.6,59.749,82.9562773406163,,,29816382.0
Saudi Arabia,SAU,2016,,,,,,,,74.8792746891625,156.041476006361,22267.7217050387,1.70404739202878,2.05347076823965,5.6,60.685,83.129128630626,,,30954198.0
Saudi Arabia,SAU,2017,71.6981165899467,58.170104952489,80.5369827487457,64.563701134651,54.4192051241972,76.0052639015842,65.0193615551632,94.1755996113911,130.629718239662,23929.2907135982,1.18210705878283,-0.834845735027162,5.89,58.99,83.300690534822,95.3300018310547,,30977355.0
Saudi Arabia,SAU,2018,,,,,,,,93.3100018480347,136.046169550913,29360.0658968566,3.2269508901591,2.46594308994843,6.029,59.418,83.4708425884849,,,30196281.0
Saudi Arabia,SAU,2019,,,,,,,,95.7247355953812,135.526154774497,29566.7933827436,1.65158925617395,-1.19298644533328,5.636,61.203,83.6394643268678,,,30063799.0
Saudi Arabia,SAU,2020,,,,,,,,97.8623325,139.444194606554,24338.8307301067,-3.80478901996312,3.37234961012303,7.66,62.414,83.8064352851942,97.5899963378906,,31552510.0
Saudi Arabia,SAU,2021,74.320746724648,63.4868326016391,81.6740905405486,66.6106333256267,70.5175566329956,75.3040673314602,76.8009341415257,100.0,145.003757775499,31920.7653655643,6.51959698325419,3.06328988941548,6.621,63.511,83.9716349986538,,,30784383.0
Saudi Arabia,SAU,2022,,,,,,,,100.0,149.79788255308,38510.2276211037,12.0005874752929,2.47407371925372,5.589,63.801,84.1349430023993,,,32175224.0
Saudi Arabia,SAU,2023,,,,,,,,100.0,157.775388696083,36156.8562500172,0.542592439393161,2.32708518362706,4.008,65.336,84.2962388315415,,,33702731.0
Saudi Arabia,SAU,2024,78.8409517231945,73.461901464919,81.8127654266595,74.6153434071134,64.8997344303063,82.3060142042717,66.6383140653873,100.0,159.541370566589,35527.786181866,2.64893068308965,1.68792112375809,3.518,65.201,84.4554020211443,97.9300003051758,,35300280.0
Senegal,SEN,2011,5.82114104684157,,,,,,,9.800000191,72.1733338879073,1374.67591873844,1.33409107961258,3.40322829786971,2.853,47.487,44.0689668509475,51.810001373291,40.3,12958897.0
Senegal,SEN,2012,,,,,,,,10.80000019,86.1774562103062,1326.83798848379,4.00299555090457,1.41822871177854,3.896,46.986,44.5359772452989,,,13310495.0
Senegal,SEN,2013,,,,,,,,13.10000038,95.7910921489982,1379.83196553924,2.41238527605579,0.710245486695176,5.012,46.485,45.0398750539456,43.5299987792969,,13710849.0
Senegal,SEN,2014,15.4245720927038,11.3995503750679,19.9265014425026,4.39199935748873,6.7508113449652,19.9401460898221,11.2216805099321,17.70000076,101.608432443463,1398.89137601382,6.22407443790986,-1.09025507446895,5.849,45.985,45.6020905341588,,,14152102.0
Senegal,SEN,2015,,,,,,,,21.70000076,102.508995376039,1218.00613555438,6.36704365066983,0.135211933635165,6.757,45.486,46.2747669629858,43.5900001525879,,14593331.0
Senegal,SEN,2016,,,,,,,,25.66480064,101.010767153806,1266.43957151587,6.35606857208136,0.837284942557434,4.455,50.116,47.0553579909929,46.0999984741211,,15034521.0
Senegal,SEN,2017,42.3440153574227,38.4496103387527,46.7249590495597,34.4888347107049,34.4454577099133,46.5296563939329,37.6302629545466,29.64310074,101.831108002442,1354.77007193387,7.40748618589598,1.31815314847789,4.078,46.002,47.9338349639053,51.9000015258789,,15475002.0
Senegal,SEN,2018,,,,,,,,35.29999924,104.055698143919,1452.55612562445,6.20924103388887,0.460985642464188,3.453,48.353,48.9001692274485,46.6100006103516,38.3,15914498.0
Senegal,SEN,2019,,,,,,,,43.37969971,109.341890091569,1431.18128932159,4.6136280976221,1.76011151192939,2.863,50.712,49.9443321273477,46.8300018310547,,16352922.0
Senegal,SEN,2020,,,,,,,,53.30879974,113.638091206029,1461.08720350553,1.34207377285524,2.54314685681662,3.432,50.716,51.0562950093282,,,16789219.0
Senegal,SEN,2021,55.9644071481718,50.2954307722249,62.3053673015685,48.1770202506046,47.8284441356774,60.137013396539,51.2925390162684,55.04040146,115.325093678501,1598.10676952274,6.5440010991951,2.18032278088147,3.436,51.681,52.2260292191155,,36.2,17220867.0
Senegal,SEN,2022,,,,,,,,56.82830048,118.150293497239,1574.0281059306,3.85043193752725,9.69681899081073,2.837,51.946,53.4435061024348,,,17651103.0
Senegal,SEN,2023,,,,,,,,59.18740082,123.911572643075,1698.03387300843,4.25743083300657,5.93947798773215,2.784,51.881,54.6992276190794,50.3600006103516,,18077573.0
Senegal,SEN,2024,76.4609257473503,73.5941345823606,79.6122559003812,68.994436090772,63.2600737309056,82.7972700681902,73.6146089346462,60.11780167,123.894453697506,1738.73223822106,6.46220577412338,0.804503298792438,2.788,51.85,55.2368169057304,,,18501984.0
Serbia,SRB,2011,62.2162232690715,62.3158353483039,62.1052459971203,48.6546354731608,28.9301684002995,67.5795803680016,40.1635837613956,42.2,141.043436487447,7082.2861666075,0.0542724836581954,11.1373976342129,22.959,49.749,59.4349187787267,97.9599990844727,,7236519.0
Serbia,SRB,2012,,,,,,,,48.09999847,127.199184289925,6263.04086072815,-0.443956070983248,7.33038589596646,24.0,50.154,59.3468437194824,,39.9,7201497.0
Serbia,SRB,2013,,,,,,,,53.450364175,128.668140961621,7040.41812068781,0.451578805330726,7.69426362896655,22.154,51.154,59.6111068725586,,39.4,7166553.0
Serbia,SRB,2014,83.0923382955528,82.9673999489789,83.2286463404607,82.5158402324878,77.762666431918,83.8909699707446,75.5257262404531,62.0750804639377,131.35311754636,6886.67809068704,-1.80427041681132,2.08244793880154,19.223,51.602,59.8779373168945,,40.4,7131787.0
Serbia,SRB,2015,,,,,,,,65.3170254003801,129.383588087229,5820.3215576888,1.2957386351958,1.39235822000187,17.66,51.222,60.1388092041016,,40.5,7095383.0
Serbia,SRB,2016,,,,,,,,67.0568413716938,129.17749484679,5982.37030126471,2.97519807160826,1.12231397417769,15.257,52.972,60.3853870034026,98.8399963378906,38.8,7058322.0
Serbia,SRB,2017,71.4410464962513,70.1270028763916,72.87622705274,64.5292731301634,33.3447530461822,76.9251144712185,51.4843903923587,70.3308355269141,123.142754551775,6548.03653824187,2.3634031250553,3.13106248590115,13.477,53.554,60.621208190918,,36.1,7020858.0
Serbia,SRB,2018,,,,,,,,73.360709154564,121.074823902706,7559.86165747394,4.64935035491007,1.95984076293801,12.733,53.962,60.8433609008789,,35.0,6982604.0
Serbia,SRB,2019,,,,,,,,77.4167736219802,122.047741314232,7755.632986437,4.75020793899014,1.84922984511086,10.395,54.063,61.0492248535156,99.4800033569336,34.5,6945235.0
Serbia,SRB,2020,,,,,,,,78.36804864,120.216859464106,8098.70955668849,-0.950023991851594,1.57553290083415,9.011,53.373,61.223201751709,,35.0,6899126.0
Serbia,SRB,2021,89.4157368417161,89.8283418670885,88.9921226811025,84.2813624706244,69.3964457177662,92.1475532010786,80.4249166689867,81.16588116,125.075587327252,9680.52798074468,7.94905650472278,4.08510285335102,9.843,56.178,61.363899230957,,33.1,6834326.0
Serbia,SRB,2022,,,,,,,,83.53825397,129.813149647571,10024.8191112596,2.70347705543654,11.9815117344703,8.439,57.066,61.9013813540396,99.3399963378906,32.8,6664449.0
Serbia,SRB,2023,,,,,,,,85.35746686,128.471147595832,12281.707946167,3.74793303561771,12.3719043552519,8.268,58.095,62.1434649229738,,32.8,6623183.0
Serbia,SRB,2024,83.2544458500274,81.0618186013879,85.6546923214992,75.1389893523283,37.8955351327888,90.109561403005,60.3410362424749,87.69071294,123.822194984291,13677.7794863909,3.94992622592932,4.6705297488997,7.24,59.162,62.3830029804177,,,6586476.0
Seychelles,SYC,2011,,,,,,,,43.16400146,130.476995382586,12110.0937461973,9.5097833517957,2.55926772230953,,,42.6739844860866,,,87441.0
Seychelles,SYC,2012,,,,,,,,47.07600021,137.106577057151,12337.1554669388,3.1106784939243,7.11037062326403,,,42.7261758463169,,,88303.0
Seychelles,SYC,2013,,,,,,,,50.40000153,133.985679723389,14821.2921476077,1.25373496242949,4.33893848329099,,,42.815069634181,,46.8,89949.0
Seychelles,SYC,2014,,,,,,,,51.25469971,144.60603512527,15188.1902175113,4.0636918123521,1.38583454581263,,,42.9386256186342,,,91359.0
Seychelles,SYC,2015,,,,,,,,54.25960159,138.248624452112,15333.1051727105,8.9140088750469,4.04194410725617,,,43.094803568632,,,93419.0
Seychelles,SYC,2016,,,,,,,,56.51470184,138.276832299833,16566.9946042294,12.1175272453913,-1.01548191697626,,,43.2815632531296,,,94677.0
Seychelles,SYC,2017,,,,,,,,62.55310059,148.791660366282,17480.3651911372,6.95416218794271,2.85679575568437,,,43.4968644410824,,,95843.0
Seychelles,SYC,2018,,,,,,,,69.23660278,155.551112656467,18440.2340460932,4.93947272254312,3.70291839111568,,,43.7386669014459,,32.1,96762.0
Seychelles,SYC,2019,,,,,,,,76.63420105,164.617084572886,19141.5118743615,5.5142920737342,1.80709400809982,,,44.0049304031754,,,97625.0
Seychelles,SYC,2020,,,,,,,,79.25170135,152.5450781854,14041.4754074575,-11.7398608281732,1.20266463987123,,,44.2936147152263,,,98462.0
Seychelles,SYC,2021,,,,,,,,81.99530029,149.479213250181,14982.9111487767,0.552281631207279,9.76909936973542,,,44.6026796065539,,,99258.0
Seychelles,SYC,2022,,,,,,,,84.83380127,163.429518331448,16682.6990711785,9.88048366355446,2.6260363285129,,,44.9108209981157,,,119878.0
Seychelles,SYC,2023,,,,,,,,86.001297,129.24400747161,18130.5297135548,5.17980996672414,-1.03530088431952,,,45.0971081321658,,,119773.0
Seychelles,SYC,2024,,,,,,,,87.81800079,125.616862703001,18364.5259678223,3.34667429007052,0.311726050919668,,,45.2898622460415,,,121354.0
Sierra Leone,SLE,2011,15.3417553850215,12.8025352125246,18.0477929654683,,10.7838614489016,17.5020603262871,5.56574051134449,0.899999976,33.4572729332228,761.146365577281,8.10065518714917,6.79138291952621,4.388,59.779,39.0472153491602,,34.0,6387251.0
Sierra Leone,SLE,2012,,,,,,,,2.5,33.7348956202641,937.504428180231,10.578331663387,6.58776239392585,4.378,58.842,39.4644094876975,,,6551080.0
Sierra Leone,SLE,2013,,,,,,,,4.0,59.5765507292095,1117.47183075115,14.6633238075229,5.52412877994266,4.376,57.898,39.8916422780075,,,6714051.0
Sierra Leone,SLE,2014,15.5800105420148,12.4985904011303,18.9305741634964,,6.42272746863501,19.956571298855,16.2506520415766,6.057300091,69.1758823858757,1117.7586465721,-7.81501512457241,4.63931171409667,4.678,56.948,40.3272406886245,44.3698913332904,,6876385.0
Sierra Leone,SLE,2015,,,,,,,,6.344399929,80.3818885694169,964.575980888989,-4.36333262093788,6.68943562498681,4.483,56.193,40.7669565187099,49.4000015258789,,7037655.0
Sierra Leone,SLE,2016,,,,,,,,7.680099964,87.1475941136892,844.416411175476,6.43743652764257,10.8860609413903,4.182,55.435,41.229411538771,,,7205328.0
Sierra Leone,SLE,2017,19.808760638724,15.3589748497994,24.7719048747418,12.9209833880218,19.0533010601717,20.164048814582,12.7323904704324,9.297100067,89.7781754066341,779.186007841728,3.20786087715987,18.2215094003386,3.656,54.675,41.7106682105058,44.8300018310547,,7379299.0
Sierra Leone,SLE,2018,,,,,,,,14.42230034,84.1233437327877,845.914540460932,2.8938564123677,16.0295447693699,3.192,53.912,42.2011025267803,48.8143667728528,35.7,7554563.0
Sierra Leone,SLE,2019,,,,,,,,15.71370029,87.0384355077496,843.71251730417,5.50270937378153,14.8049990906021,3.204,53.81,42.7018444914441,43.5800018310547,,7731991.0
Sierra Leone,SLE,2020,,,,,,,,17.12080002,87.0034823125467,845.277558236182,-1.2533490322766,13.4468711101052,3.509,53.299,43.2129659123546,,,7912558.0
Sierra Leone,SLE,2021,28.8466044614564,24.7575759889273,33.3487822396575,20.6725918989125,24.9247552313526,30.946349378226,20.7155241345507,18.65390015,101.636782141976,885.396401613729,5.8968527047094,11.8739588840234,3.551,53.612,43.7345385973699,,,8094602.0
Sierra Leone,SLE,2022,,,,,,,,21.50880051,107.882000873042,860.371067874555,5.3135546141915,27.2082883814653,3.137,53.665,44.2666343543487,,,8276807.0
Sierra Leone,SLE,2023,,,,,,,,23.71360016,,758.329137301888,5.7100218981806,47.6428733253179,3.092,53.633,44.809324991151,,,8460512.0
Sierra Leone,SLE,2024,38.6205210606339,35.9347203423534,41.4790318962968,27.4565690881933,36.4963361773313,39.8267675331028,26.659190137757,25.10499954,,806.654650274255,4.29322334404611,28.6337500014115,3.103,53.584,45.3626823156371,,,8642022.0
Singapore,SGP,2011,98.221892306584,98.2117918109462,98.2323412520886,,94.7077487910268,98.9549563388416,94.3628519792978,71.0,150.404101393239,53891.4570264372,6.21493416858989,5.25115624639373,3.89,67.376,100.0,96.1900024414062,,5183688.0
Singapore,SGP,2012,,,,,,,,72.0,152.410387392459,55547.5553077786,4.43549759378537,4.58084479423094,3.72,67.943,100.0,96.370002746582,,5312437.0
Singapore,SGP,2013,,,,,,,,80.90209961,156.679270675737,56967.4257940383,4.81763099120676,2.36439793742726,3.86,67.768,100.0,96.5500030517578,,5399162.0
Singapore,SGP,2014,96.3525997735924,96.0721173983754,96.6438153798121,96.2746371408949,92.9417797125114,97.0340159458897,94.5839797077369,79.0292358633435,148.478352479892,57564.8023114977,3.93554027709007,1.03316955857629,3.74,68.556,100.0,96.7200012207031,,5469724.0
Singapore,SGP,2015,,,,,,,,79.0129570025584,149.006215002154,55645.6068614606,2.97679931634806,-0.521975611895763,3.79,69.53,100.0,96.8300018310547,,5535002.0
Singapore,SGP,2016,,,,,,,,84.4522678893074,151.681717052742,57204.0340105222,3.91095306322606,-0.529809760375464,4.08,69.244,100.0,97.0500030517578,,5607283.0
Singapore,SGP,2017,97.9311709923804,96.3129279702455,99.6826658510543,96.3782491376971,97.8384869764688,97.9472153627234,93.1935820038032,84.4522678893074,149.567868255938,61436.1325502558,4.32679370770501,0.576763191179996,4.2,68.943,100.0,97.1999969482422,,5612253.0
Singapore,SGP,2018,,,,,,,,88.1656360313447,152.07381696158,67032.8225769734,3.18660848474074,0.438784215129623,3.613,68.581,100.0,97.3399963378906,,5638676.0
Singapore,SGP,2019,,,,,,,,88.9492526850762,159.347378272364,66068.7003106378,1.15877947300108,0.567829988405447,3.1,68.986,100.0,97.4800033569336,,5703569.0
Singapore,SGP,2020,,,,,,,,92.00434653,150.259334715266,61772.5036492256,-3.61084281729929,-0.172111865925382,4.1,68.712,100.0,97.129997253418,,5685807.0
Singapore,SGP,2021,97.5498512325819,96.8741867420659,98.2695919614807,95.548901604297,94.3596986792016,98.0690582541603,92.4400040921361,96.92468156,157.977675166643,80884.8565369236,10.1410845197192,2.31610315765146,4.64,70.686,100.0,97.6500015258789,,5453566.0
Singapore,SGP,2022,,,,,,,,95.95386476,173.005291258141,91227.6970426492,4.01027884472296,6.13095418919732,3.591,69.734,100.0,,,5637022.0
Singapore,SGP,2023,,,,,,,,94.28518987,173.199932977376,86382.5900499252,1.45026775889565,4.83372362825798,3.444,69.394,100.0,,,5917648.0
Singapore,SGP,2024,97.9718288419762,97.6078339751686,98.3229188456466,95.7614657643224,98.866297394825,97.8386326106801,87.6332291567375,94.37757178,170.78256295407,94896.5621495988,5.3435120192366,2.38951123595017,2.737,69.202,100.0,,,6036860.0
Sint Maarten (Dutch part),SXM,2011,,,,,,,,,,27317.5178881974,4.60000341415395,4.58475435650401,,,100.0,,,34267.0
Sint Maarten (Dutch part),SXM,2012,,,,,,,,,196.556548553808,28149.0997855041,1.39054456773131,4.01518421081576,,,100.0,,,35023.0
Sint Maarten (Dutch part),SXM,2013,,,,,,,,,,28529.7324687053,1.30673103459678,2.5286478853837,,,100.0,,,35854.0
Sint Maarten (Dutch part),SXM,2014,,,,,,,,,,37134.912423099,1.58038221539113,1.88675466275266,,,100.0,,,36672.0
Sint Maarten (Dutch part),SXM,2015,,,,,,,,,,37839.6283815163,0.105813149997005,0.330027165141066,,,100.0,,,37471.0
Sint Maarten (Dutch part),SXM,2016,,,,,,,,,,37308.6147795736,0.96775836306881,0.111682655737579,,,100.0,,,38249.0
Sint Maarten (Dutch part),SXM,2017,,,,,,,,,,34701.3058494468,-7.53521399882428,2.19201010962985,,,100.0,,,38996.0
Sint Maarten (Dutch part),SXM,2018,,,,,,,,,,31708.3110124742,-6.85698299227944,,,,100.0,,,39712.0
Sint Maarten (Dutch part),SXM,2019,,,,,,,,,,34861.469528968,10.9650009352392,,,,100.0,,,40385.0
Sint Maarten (Dutch part),SXM,2020,,,,,,,,,,30150.8998380477,-13.3167887221567,,,,100.0,,,41008.0
Sint Maarten (Dutch part),SXM,2021,,,,,,,,,,32548.4366854902,4.57759677933345,,,,100.0,,,41571.0
Sint Maarten (Dutch part),SXM,2022,,,,,,,,,205.372695128029,37793.1283815826,13.9000012614164,,,,100.0,,,42139.0
Sint Maarten (Dutch part),SXM,2023,,,,,,,,,,39451.822911732,3.79999769985537,,,,100.0,,,42749.0
Sint Maarten (Dutch part),SXM,2024,,,,,,,,,,41472.5870367865,3.00000089532888,,,,100.0,,,43350.0
Slovak Republic,SVK,2011,79.5830117600274,78.9183688554239,80.3315277021989,72.7878020063789,59.4804478008994,83.4787956524248,49.244593288676,74.4399971746757,110.836202084841,18469.4354316836,2.56242473215553,3.91928599146291,13.634,58.801,54.4167387988534,,26.5,5398384.0
Slovak Republic,SVK,2012,,,,,,,,76.7099901181121,112.758768895687,17516.9691054078,1.56917104702706,3.6061026352289,13.966,59.183,54.2764528316182,,26.1,5407579.0
Slovak Republic,SVK,2013,,,,,,,,77.8826,114.749126777911,18312.7805149823,0.703323545247201,1.40047368963025,14.226,59.248,54.1384024098892,,28.1,5413393.0
Slovak Republic,SVK,2014,77.2413960546946,79.9728375441257,74.2857070444842,69.8665688250352,37.6377610782755,84.9239582018829,24.044581757919,79.9843017656729,117.780685215586,18770.9289896545,2.70795151449488,-0.0761653295419871,11.536,59.787,54.0029125499893,,26.1,5418649.0
Slovak Republic,SVK,2015,,,,,,,,77.6346820339875,123.158867497202,16442.0760860018,5.17687909722133,-0.325219777427765,11.492,59.625,53.8700628001622,,26.5,5423801.0
Slovak Republic,SVK,2016,,,,,,,,80.475857275668,128.792489910653,16636.0769133073,1.94781841524558,-0.520010196278358,9.679,60.008,53.7399327086517,,25.2,5430798.0
Slovak Republic,SVK,2017,84.1815883374591,83.1339925366358,85.320025053479,77.9373919425316,54.5818735334808,89.5882662892459,49.1810563604358,81.6256675172655,130.944551759663,17645.5298716761,2.87473327453695,1.31194588223247,8.142,59.893,53.6126018237016,,23.2,5439232.0
Slovak Republic,SVK,2018,,,,,,,,80.4489224826099,133.040480361667,19573.3717031314,4.06211981896483,2.51403712883803,6.544,59.727,53.4881496935559,,25.0,5446771.0
Slovak Republic,SVK,2019,,,,,,,,82.8536605021784,135.755672834643,19406.0589683582,2.27589910019393,2.6645613342544,5.761,59.556,53.3666558664583,,23.2,5454147.0
Slovak Republic,SVK,2020,,,,,,,,89.92090413,133.632904273198,19735.4858280801,-2.58551241733207,1.93694126694223,6.719,58.906,53.2481998906526,,24.2,5458827.0
Slovak Republic,SVK,2021,95.6196968335478,94.010055220096,97.3555491059771,90.8304832985294,96.0540929304771,95.558764720552,70.752745965113,88.92560523,135.268252737261,22123.3342114545,5.6558588065555,3.1496062992126,6.894,60.201,53.1901479870605,,24.1,5447247.0
Slovak Republic,SVK,2022,,,,,,,,89.06766196,136.029289645522,21317.7943982363,0.544591632137454,12.7741463637611,6.143,61.157,53.1902831072528,,24.1,5431752.0
Slovak Republic,SVK,2023,,,,,,,,87.2131343,138.232946210214,24614.8734642794,2.11263633214959,10.5319476645211,5.843,61.172,53.190805019646,,23.8,5426740.0
Slovak Republic,SVK,2024,92.2151184719611,91.0941403563605,93.4077744964987,87.0148493589641,81.0967509510098,93.6161555658433,50.41462849814,89.82507032,139.967676092657,25992.6748502048,1.93867445549446,2.75760909424279,5.3,60.798,53.1919702985684,,,5422069.0
Slovenia,SVN,2011,97.1437132691175,98.1096050306048,96.061803525284,94.7871884080794,98.4530486187342,96.873784300697,94.5124932134491,67.3399948092396,105.844580545528,24940.6284841605,0.655438128379743,1.8028517194191,8.166,58.157,49.9463818748723,,24.9,2052843.0
Slovenia,SVN,2012,,,,,,,,68.3499745287825,109.148058194505,22442.1417859955,-2.91553782040462,2.59741386039003,8.841,57.83,49.7619476318359,,25.6,2057159.0
Slovenia,SVN,2013,,,,,,,,72.6756,111.044907196462,23236.9655321695,-0.823776417691676,1.76920085881897,10.103,57.628,50.0466580754027,,26.2,2059953.0
Slovenia,SVN,2014,97.2445144482087,96.9777803514796,97.5273044751972,95.739909791847,91.4516692476267,98.071032139425,90.5536495278958,71.5862515855601,113.019086174171,24013.0682060959,2.76283327639742,0.199343826570844,9.668,57.853,50.983470916748,,25.7,2061980.0
Slovenia,SVN,2015,,,,,,,,73.0986599745829,114.271192414174,20697.2748530619,2.39330621338168,-0.525552285820783,8.962,57.591,53.6612160294144,,25.4,2063531.0
Slovenia,SVN,2016,,,,,,,,75.4985042610791,115.736307790972,21447.8377796036,3.03441486663654,-0.0549995416705683,8.0,56.843,53.647274017334,,24.8,2065042.0
Slovenia,SVN,2017,97.5334004118114,96.9392040327125,98.1551177999007,95.4606225381078,100.0,97.240878279833,94.4155820120413,78.8854263554775,118.461993493049,23303.077705959,5.17440215579958,1.42910743319306,6.564,58.552,55.2451133728027,,24.2,2066388.0
Slovenia,SVN,2018,,,,,,,,79.7499765956562,119.153401263409,25888.0481065655,4.37908347331195,1.7386086198818,5.108,58.945,55.1913430955675,,24.6,2073894.0
Slovenia,SVN,2019,,,,,,,,83.1083578026717,120.568876746571,25814.1687167572,3.50525332381912,1.63052260754335,4.446,58.383,55.4523277282715,,24.4,2088385.0
Slovenia,SVN,2020,,,,,,,,86.60130109,121.331428226248,25392.0651093612,-4.08500094942896,-0.05485681576061,4.971,57.811,55.384391784668,,24.0,2102419.0
Slovenia,SVN,2021,99.0496614015272,98.1532130683311,100.0,97.6174084678853,100.0,98.9550142547279,96.811026568068,89.00399524,123.362924143622,29192.8401933019,8.41686457725321,1.91706506089269,4.744,58.38,55.3046289429588,,24.3,2108079.0
Slovenia,SVN,2022,,,,,,,,88.91248552,126.45918075971,28360.3041467268,2.66850555542486,8.83369886749452,4.011,59.053,55.3377817873563,,24.3,2112076.0
Slovenia,SVN,2023,,,,,,,,90.37794678,129.227963043737,32660.4753581346,2.3758326648385,7.44687717385846,3.652,58.057,55.5378927789875,,24.7,2120461.0
Slovenia,SVN,2024,98.7472573239817,98.9427575733679,98.5393342994632,98.0833524484911,98.6279613931479,98.7607595190406,98.6317804316182,90.76355487,130.86090177123,34301.0318686594,1.73139722479493,1.96562656432505,3.7,57.953,55.7577708405917,,,2127400.0
Solomon Islands,SLB,2011,,,,,,,,6.0,49.7105498738573,1924.05795643133,7.43023752099302,7.34270706018,1.292,84.239,20.7284892962955,,,552945.0
Solomon Islands,SLB,2012,,,,,,,,6.997399807,52.6750068862599,2066.25738638356,2.46591837712438,5.91200602491155,0.984,84.305,21.3906964219987,,37.1,573606.0
Solomon Islands,SLB,2013,,,,,,,,8.0,54.3083814470245,2161.38627543917,5.23744704670068,5.3913638858756,0.694,84.273,22.1027262484765,,,594945.0
Solomon Islands,SLB,2014,,,,,,,,9.0,61.0619411646469,2164.95289873002,1.18945509547778,5.16590237925171,0.73,84.367,22.8612778264703,,,616908.0
Solomon Islands,SLB,2015,,,,,,,,10.00049973,66.42196382631,2045.47721526649,1.67578612030815,-0.57446928635949,0.736,84.427,23.6630502067213,,,639415.0
Solomon Islands,SLB,2016,,,,,,,,11.00090027,62.8902788282841,2082.62383124213,5.55494348257992,0.512485626268792,0.736,84.34,24.5047424399707,,,662379.0
Solomon Islands,SLB,2017,,,,,,,,15.14840031,67.8649558389434,2143.57670489272,3.07546176144591,0.488686760261083,0.727,84.32,25.3830535769599,,,685672.0
Solomon Islands,SLB,2018,,,,,,,,20.8593998,67.9774813460988,2278.19908624102,2.74585244829055,3.46147484973729,0.722,84.304,26.2946826684302,,,709101.0
Solomon Islands,SLB,2019,,,,,,,,22.48880005,65.6620160489572,2223.65890942466,1.74925244485951,1.63485544012247,0.746,84.313,27.275106750276,,,728147.0
Solomon Islands,SLB,2020,,,,,,,,24.1984005,63.6670615636308,2063.32780991967,-3.38125925839405,2.96354992076065,0.868,83.518,28.0327555150022,,,744498.0
Solomon Islands,SLB,2021,,,,,,,,26.03790092,62.1565164026326,2043.44413170658,-0.227975292792024,-0.115437894412839,0.879,83.907,28.6889396820578,,,762591.0
Solomon Islands,SLB,2022,,,,,,,,28.01729965,62.0734995506142,1877.78104490956,-2.58448361755723,5.51812928576938,1.475,84.284,29.3511689856806,,,781066.0
Solomon Islands,SLB,2023,,,,,,,,28.67239952,,1882.64394148042,2.84111851154807,5.88585897042164,1.443,84.28,30.0088821088389,,,800005.0
Solomon Islands,SLB,2024,,,,,,,,29.04070091,,1933.55538435227,2.99755987604104,4.32183948388033,1.444,84.276,30.6617188562194,,,819198.0
"Somalia, Fed. Rep.",SOM,2011,,,,,,,,1.25,14.5762796961332,235.325945610434,6.69435192567755,,18.761,34.336,39.380318284448,,,12348830.0
"Somalia, Fed. Rep.",SOM,2012,,,,,,,,1.376700044,18.457350680033,350.261946720512,6.69435192556698,,18.771,34.232,40.2722730087349,,,12461160.0
"Somalia, Fed. Rep.",SOM,2013,,,,,,,,1.5,40.2732207402969,393.398703952979,10.9592986164311,,18.655,34.2,41.2593474250273,,,12869594.0
"Somalia, Fed. Rep.",SOM,2014,38.6603281288684,33.662557005539,43.5679330453218,27.3565617513371,42.6956269558277,37.1154106413166,33.107242961606,1.629999995,41.2309585125849,429.431656725102,8.97800590574617,,18.595,34.178,42.3515167236328,,,13339491.0
"Somalia, Fed. Rep.",SOM,2015,,,,,,,,1.75999999,42.2685278435236,445.583080073396,10.4621881235147,,18.495,34.157,43.8618107408479,,,13806963.0
"Somalia, Fed. Rep.",SOM,2016,,,,,,,,1.879999995,46.366719307758,460.928490585175,7.03487260042162,,18.611,34.135,45.942842729174,,,14348740.0
"Somalia, Fed. Rep.",SOM,2017,,,,,,,,,47.725260177752,510.939952317726,14.7357956045195,,18.455,34.102,48.3639630032265,,,14916629.0
"Somalia, Fed. Rep.",SOM,2018,,,,,,,,,49.5262671956948,509.497273804534,2.05431507261069,,18.7,34.062,50.9506215336872,,,15452487.0
"Somalia, Fed. Rep.",SOM,2019,,,,,,,,2.731400013,51.3194116563494,539.954816211694,2.80033312513012,,18.828,34.03,51.6421170703225,63.6579378279423,,16030971.0
"Somalia, Fed. Rep.",SOM,2020,,,,,,,,15.02369976,53.1133178401473,518.16113333875,-2.76455696202532,,19.414,33.707,52.286318011754,,,16651191.0
"Somalia, Fed. Rep.",SOM,2021,,,,,,,,23.87479973,51.2059481348129,549.056994756254,3.44719850031242,,19.662,33.733,52.9060649733324,,,17271431.0
"Somalia, Fed. Rep.",SOM,2022,,,,,,,,27.6,49.6800986995936,573.141165798229,2.71821202053759,,19.112,33.922,53.5010115886789,54.1199989318848,,17801897.0
"Somalia, Fed. Rep.",SOM,2023,,,,,,,,26.12010002,53.9579646939598,596.885985135589,4.17524257571303,,18.96,33.909,54.0714435506882,,,18358615.0
"Somalia, Fed. Rep.",SOM,2024,,,,,,,,27.94020081,,629.538899449007,4.11139335779471,,18.949,33.9,54.6176465524521,,,19009151.0
South Africa,ZAF,2011,53.6450756317438,51.0233654425798,56.3800355322416,39.5546828479061,40.7610328914341,59.0952563517894,42.5505861590958,33.97,120.765642853915,8646.05571071635,3.16855627858818,5.0008533879502,24.639,52.171,62.850627754452,93.0999984741211,,52995205.0
South Africa,ZAF,2012,,,,,,,,41.0,127.16760060932,8076.97678479741,2.39623238465745,5.73797139141739,24.727,52.507,62.9616560303263,93.7300033569336,,53782567.0
South Africa,ZAF,2013,,,,,,,,46.5,140.576037974212,7331.65467384919,2.48546800826588,5.78016910069176,24.561,53.078,63.0524024097034,,,54678791.0
South Africa,ZAF,2014,70.3174554981439,70.3621796047968,70.2676028219972,56.3528868460195,53.5005379895673,77.0393774769313,60.6584879453424,49.0,142.60448245213,6856.73137092522,1.41382645223793,6.13282953059149,24.89,53.314,63.1352327065742,94.1399993896484,59.6,55594838.0
South Africa,ZAF,2015,,,,,,,,51.91910172,155.137526067883,6112.27382485974,1.32186223678229,4.51869094892506,25.149,54.591,63.2096349937231,94.370002746582,,56723537.0
South Africa,ZAF,2016,,,,,,,,54.0,143.92861725374,5651.20585165749,0.664552307858116,6.60290842394872,26.536,54.714,63.2750973439347,91.7399978637695,,57259551.0
South Africa,ZAF,2017,69.2184941645761,69.9898100072638,68.3953270719118,62.6352807673446,62.8989822895863,71.6772307886876,63.9982858972253,56.16740036,153.547950468153,6618.33508255701,1.15794695181735,5.18618655524149,27.035,55.359,63.3311078299936,,,57635162.0
South Africa,ZAF,2018,,,,,,,,62.40000153,157.691905248121,6914.1780318076,1.55678384721676,4.50987264867388,26.906,55.161,63.3771545246841,,,58613001.0
South Africa,ZAF,2019,,,,,,,,69.69689941,162.73854828041,6533.71121032856,0.25993557687633,4.10285075461156,28.468,55.267,63.4127255007908,95.0199966430664,,59587885.0
South Africa,ZAF,2020,,,,,,,,72.1128006,158.447269436121,5580.60383075189,-6.1689177146757,3.23238831615113,29.217,50.548,63.4373088310982,,,60562381.0
South Africa,ZAF,2021,85.378111952418,86.1807916848531,84.5623928616066,77.8222270190467,79.0614558235815,87.3003778535353,76.0165888151312,74.96859741,163.12806305125,6828.75624590017,4.85864865060148,4.61874544887136,34.007,52.024,63.4503925883909,90.0,,61502603.0
South Africa,ZAF,2022,,,,,,,,78.29319763,160.728511675754,6534.24867783397,2.05813661692193,7.03987272546482,33.268,53.499,63.4766699210327,,54.1,62378410.0
South Africa,ZAF,2023,,,,,,,,78.33670044,171.508619260428,6034.27208964673,0.80610455095804,6.0752438457966,32.098,55.02,63.5823705163545,,,63212384.0
South Africa,ZAF,2024,81.1259662052011,80.9924154358395,81.2787434862317,74.2156414653987,66.6012889257954,85.7841303666205,63.720981851365,78.35759735,179.336329840585,6267.186814093,0.534843531905139,4.36115246518962,32.279,55.57,63.6917984858172,91.1500015258789,,64007187.0
South Sudan,SSD,2011,,,,,,,,,17.4959266080871,1448.98435006408,-4.64031673600859,46.8521757193597,12.585,73.622,17.7817678106789,,,10288109.0
South Sudan,SSD,2012,,,,,,,,1.5,21.3829367883201,1109.26050083408,-46.0821223743007,45.5258978371706,12.803,73.565,18.0321885447664,,,10756240.0
South Sudan,SSD,2013,,,,,,,,2.200000048,25.5521917559795,1650.18943353528,13.1297311406943,-0.0580909784225664,12.665,73.553,18.2868996493633,,,11166275.0
South Sudan,SSD,2014,,,,,,,,2.599999905,25.599272919722,1242.73450181032,3.37364847715736,1.6742990629552,12.561,73.69,18.5459183719929,,,11235073.0
South Sudan,SSD,2015,,,,,,,,3.0,26.0993389998038,1080.14718624765,-10.7933646271143,52.7663304192143,12.464,73.829,18.8092619601773,,,11107561.0
South Sudan,SSD,2016,,,,,,,,3.5,24.930513119821,,,379.999585624026,12.854,73.978,19.0769476614377,,44.0,10830102.0
South Sudan,SSD,2017,8.57000393149026,,,,,,,4.1,27.1848244017002,,,187.851630279442,12.983,74.269,19.3489927232944,,,10259154.0
South Sudan,SSD,2018,,,,,,,,4.800000191,18.9297575209348,,,83.5015294922,12.853,74.238,19.6254143932663,,,10122977.0
South Sudan,SSD,2019,,,,,,,,6.671000004,21.3171365460584,,,87.2413641500032,12.656,73.937,19.9062299188719,,,10423384.0
South Sudan,SSD,2020,,,,,,,,,,,,29.6758435538572,14.246,73.234,20.1914565476286,,,10698467.0
South Sudan,SSD,2021,5.8314074673825,,,,,,,,30.151042999214,,,10.5167158294358,13.95,73.504,20.4811115270532,,,10865780.0
South Sudan,SSD,2022,,,,,,,,,48.4888320004297,,,-6.68732094212668,12.475,73.536,20.7752121046616,,,11021177.0
South Sudan,SSD,2023,,,,,,,,,46.6152369503945,,,2.38280434813754,12.374,73.408,21.0737755279692,,,11483374.0
South Sudan,SSD,2024,,,,,,,,,,,,91.4408220769046,,,21.3768190444906,,,11943408.0
Spain,ESP,2011,93.2776030316529,91.6614745497223,95.2049237957457,91.8815404027193,78.3849193835151,95.6390456553058,87.5866287192767,67.0899993926581,111.899355043358,31824.6219134777,-0.639920636520344,3.19610188833792,21.39,59.373,78.695397956495,97.7799987792969,35.7,46742697.0
Spain,ESP,2012,,,,,,,,69.8099999420024,107.756074158579,28456.4438151477,-2.86511368637748,2.44612782366809,24.789,59.403,78.8455680301618,97.8899993896484,35.4,46773055.0
Spain,ESP,2013,,,,,,,,71.635,107.038567264134,29228.846559842,-1.42732224757626,1.40858109183009,26.094,59.131,78.9858086902112,98.0800018310547,36.2,46604197.0
Spain,ESP,2014,97.5753065847114,97.5683784285804,97.5823196056129,96.6352023334976,84.6662138438687,98.7240906936167,93.1686170778983,76.1867089778712,108.745818831037,29707.765509467,1.52048593647231,-0.151114837527235,24.441,58.733,79.1196713833488,98.0899963378906,36.1,46460733.0
Spain,ESP,2015,,,,,,,,78.6896318703515,109.391040801705,25982.4416197775,4.06086672473866,-0.500365709903243,22.057,58.623,79.2454892743023,98.1399993896484,36.2,46422303.0
Spain,ESP,2016,,,,,,,,80.5613329432179,110.247061960011,26755.6061149398,2.91515598595787,-0.202598000426358,19.635,58.325,79.3615955277997,98.25,35.8,46458139.0
Spain,ESP,2017,93.7557046938372,91.6412496905249,95.8810412131674,93.0887590604331,65.3188166359585,97.9936898020091,89.0226902313147,84.6022457016524,112.030085134191,28381.3425596906,2.89604207865007,1.95607633363954,17.224,58.047,79.4663233085683,,34.7,46571232.0
Spain,ESP,2018,,,,,,,,86.107235525659,115.009066880916,30602.4212881113,2.39541124478878,1.67498136863799,15.255,57.634,79.5580057813361,98.4400024414062,34.7,46782011.0
Spain,ESP,2019,,,,,,,,90.718665325267,116.69612128516,29786.5245689007,1.96117850841711,0.699518994458648,14.104,57.626,79.6349761108307,,34.3,47118501.0
Spain,ESP,2020,,,,,,,,93.20564892,116.712041523767,27233.9426461608,-10.9400706350371,-0.322753017299649,15.532,56.401,79.6955674617799,98.5899963378906,34.9,47359424.0
Spain,ESP,2021,98.2984394535205,97.4892592793127,99.1052267335996,97.9309095826759,96.8415237753361,98.4932443499242,96.36803462348,93.89752157,118.999806936801,30799.4775937775,6.68314420473001,3.09313511976402,14.914,57.272,79.7846242983598,99.6999969482422,33.9,47443821.0
Spain,ESP,2022,,,,,,,,94.4855432,123.399528756795,30319.4987196616,6.37031712129601,8.39057634118637,13.033,57.571,79.9548794567814,,33.6,47786102.0
Spain,ESP,2023,,,,,,,,95.44564516,127.715490236713,33493.2225409111,2.46085796805582,3.53236133492433,12.179,57.588,80.128491001856,,33.4,48352528.0
Spain,ESP,2024,98.3807416463989,97.8029322469363,98.9857786260021,98.7573470200723,100.0,98.1823618429106,97.63025953601,95.7574516,130.260997343256,35326.7683069278,3.45525405630191,2.747147886618,11.4,57.843,80.315199821207,,,48848840.0
Sri Lanka,LKA,2011,68.5261646815342,67.2384213489121,69.9869884867952,59.1345855965433,68.7159055747569,68.4714793547106,62.8812918981146,7.956399918,87.1978920701214,3224.95745082305,8.66948301160571,6.7167684358854,4.118,52.867,17.7881192817964,,,21009048.0
Sri Lanka,LKA,2012,,,,,,,,9.00039959,91.3242275735165,3327.77612404326,8.6321813769906,7.54291373239437,3.88,52.57,18.2617686748284,,38.7,21169458.0
Sri Lanka,LKA,2013,,,,,,,,10.04440022,95.1136033828075,3739.43182292825,4.0517463303875,6.90845034828452,4.186,52.053,18.4323136480916,,,20585000.0
Sri Lanka,LKA,2014,82.6913822678001,83.1084370513634,82.2261167850048,78.6991790425862,85.1960186626415,81.9884566646781,73.9958745411425,10.5000026214106,102.671053139637,3972.04377042271,6.37797889684965,3.1790022823606,4.157,51.599,18.6153877203724,92.5346618196112,,20778000.0
Sri Lanka,LKA,2015,,,,,,,,15.26249981,109.984693490847,4057.71582716521,4.20595547501601,3.76836783062096,4.519,53.669,18.796256612131,92.5537849020454,,20970000.0
Sri Lanka,LKA,2016,,,,,,,,22.19,117.737517418373,4149.19189391879,5.05362488993089,3.9588884659307,4.242,53.725,18.9747679368162,92.3899993896484,39.3,21209000.0
Sri Lanka,LKA,2017,73.6464607816492,73.4420706174106,73.8885926245093,70.5842200091925,76.6144989205749,72.9011316873123,62.4324616772491,25.07550049,127.669744935625,4398.88828786059,6.46068127080994,7.70413767850602,4.046,53.991,19.1507693078088,91.9000015258789,,21453000.0
Sri Lanka,LKA,2018,,,,,,,,28.33620071,136.084228735946,4358.56095905888,2.31008425504933,2.135037737132,4.318,51.721,19.3241083384127,91.7099990844727,,21670000.0
Sri Lanka,LKA,2019,,,,,,,,32.02090073,126.514451763616,4081.94772178134,-0.220483886824823,3.52839358231811,4.67,52.249,19.4946326418437,92.25,37.7,21803000.0
Sri Lanka,LKA,2020,,,,,,,,36.18473435,131.773421339878,3847.60136741182,-4.62451503712715,6.15394508391738,5.364,50.495,19.6621898312161,92.379997253418,,21919000.0
Sri Lanka,LKA,2021,89.2707132323262,89.2774734204631,89.2634183556022,87.0790314179909,86.4015210755849,90.0525742987248,76.9279071770383,44.45308724,135.522602889503,3996.96240531688,4.2074764950026,7.01478071238195,4.981,49.836,19.8266275195269,92.4300003051758,,22156000.0
Sri Lanka,LKA,2022,,,,,,,,48.3,151.72675762805,3342.63650438046,-7.34919311146656,49.7211021114327,4.528,49.727,19.9877933196367,92.4899978637695,,22181000.0
Sri Lanka,LKA,2023,,,,,,,,51.2,142.277402587724,3815.41531767474,-2.0289296690344,16.5411742279832,4.528,47.4,20.1455348442463,92.6600036621094,,22037000.0
Sri Lanka,LKA,2024,81.6921293527248,80.201889490679,83.3833352312595,80.186232208266,75.0641243872534,83.4123614729863,75.6525964851497,54.59,132.548743018664,4545.36006870612,4.99241614398109,-0.42936004906973,4.239,48.6,20.2996997058686,92.7399978637695,,21916000.0
St. Kitts and Nevis,KNA,2011,,,,,,,,63.20000076,164.228127799343,17832.4572919975,1.61660730423688,5.8351651957086,,,31.2000648379646,,,46886.0
St. Kitts and Nevis,KNA,2012,,,,,,,,64.0,161.588671783641,17532.0559008608,-0.737636737448398,0.816089281562459,,,31.2035138804223,,,47033.0
St. Kitts and Nevis,KNA,2013,,,,,,,,64.59999847,163.589623743865,18580.1301949935,5.72728087234704,1.10698554000129,,,31.2131485582887,,,47069.0
St. Kitts and Nevis,KNA,2014,,,,,,,,65.38179779,138.036484104568,20219.3954237956,7.57696602328922,0.247865392364942,,,31.2290015317909,,,47089.0
St. Kitts and Nevis,KNA,2015,,,,,,,,66.17310333,155.051288041285,20328.8003530109,0.694135527876625,-2.30187563045616,,,31.2513929695583,,,47087.0
St. Kitts and Nevis,KNA,2016,,,,,,,,66.97389984,162.682952734997,21387.5415511103,3.93270319273282,-0.687037123294039,,,31.2806171906169,,,47075.0
St. Kitts and Nevis,KNA,2017,,,,,,,,67.78440094,163.396386822529,22464.9899633959,0.220941147299996,0.694916711613604,,,31.3169642505921,,,47050.0
St. Kitts and Nevis,KNA,2018,,,,,,,,68.60479736,152.301735874745,22901.3816403197,2.00352549800972,-1.03712214131572,,,31.3607229995076,,,47008.0
St. Kitts and Nevis,KNA,2019,,,,,,,,69.43499756,138.916340092009,23595.4923231291,2.93824658056356,-0.329562063663977,,,31.4121818392285,,,46952.0
St. Kitts and Nevis,KNA,2020,,,,,,,,70.27529907,133.400896095584,18859.0190361046,-15.3018891740649,-1.16724501769353,,,31.4716289738952,,,46870.0
St. Kitts and Nevis,KNA,2021,,,,,,,,74.37159729,121.256121292475,18361.1449697886,0.367606879216311,1.195688870384,,,31.5393525093972,,,46763.0
St. Kitts and Nevis,KNA,2022,,,,,,,,75.76229858,116.923933289088,21011.5744209816,10.4804941546807,2.66817533111249,,,31.6156404983167,,,46709.0
St. Kitts and Nevis,KNA,2023,,,,,,,,76.58950043,118.893023653706,22576.9248439166,3.02127526129283,3.55711230848243,,,31.7007809622822,,,46758.0
St. Kitts and Nevis,KNA,2024,,,,,,,,76.88400269,,23960.6534357084,0.312226855858171,,,,31.795061903951,,,46843.0
St. Lucia,LCA,2011,,,,,,,,34.0,126.035354858237,9128.99442011613,4.32694280532142,2.76940794144093,18.86,67.07,18.4743479557314,,,171801.0
St. Lucia,LCA,2012,,,,,,,,45.865,125.154270020338,9260.30006551714,-0.108756148262358,4.17763587102515,19.06,69.03,18.6193081275177,,,172587.0
St. Lucia,LCA,2013,,,,,,,,49.3871994,122.318869001955,9577.21733754358,-1.81877603735991,1.46856511035428,22.21,69.25,18.9258370999948,,,173369.0
St. Lucia,LCA,2014,,,,,,,,53.17969894,108.161917559637,10044.8218377677,1.32809022110105,3.51695551369241,21.583,69.28,19.3915445904726,,,174138.0
St. Lucia,LCA,2015,,,,,,,,57.26330185,107.338841085161,10334.9860823918,0.101917836412952,-0.983600952696996,20.84,69.31,20.0204288176073,,43.7,174905.0
St. Lucia,LCA,2016,,,,,,,,58.22259903,100.570465595573,10638.1269396653,3.42787214525211,-3.07821765676927,19.932,69.339,20.8164880000551,,,175646.0
St. Lucia,LCA,2017,,,,,,,,59.16009903,100.199612117363,11333.1123822102,3.37982617272246,0.104262078958441,19.136,69.369,21.783720356472,,,176342.0
St. Lucia,LCA,2018,,,,,,,,60.11259842,104.478100973353,11642.6984727769,2.88677902171601,1.93561893150602,19.329,69.88,22.9261241055144,,,177017.0
St. Lucia,LCA,2019,,,,,,,,61.08050156,83.1865181441059,11764.3944032403,-1.0293678947917,0.539087559191757,15.613,68.799,24.2476974658382,,,177661.0
St. Lucia,LCA,2020,,,,,,,,62.06399918,81.8687237026648,8537.11495506727,-22.9005138634176,-1.75580833517594,25.224,53.739,25.7524386560998,,,178250.0
St. Lucia,LCA,2021,,,,,,,,63.06330109,96.2374385229832,10481.1233971786,11.1466993240856,2.41070312174393,20.514,65.499,27.4443458949551,,,178522.0
St. Lucia,LCA,2022,,,,,,,,66.95159912,98.6676436534083,12976.1489693474,19.3456795355342,9.65268564265764,15.934,69.156,29.097678526676,,,178781.0
St. Lucia,LCA,2023,,,,,,,,67.44390106,,13616.6397593734,3.90774802925928,3.81914546156358,12.094,68.564,29.0976313248036,,,179285.0
St. Lucia,LCA,2024,,,,,,,,68.20500183,,14493.658470648,4.76890217855616,-0.674240853418779,10.199,68.23,29.0973354237452,,,179744.0
St. Martin (French part),MAF,2011,,,,,,,,,,20930.5821177758,,,,,100.0,,,37069.0
St. Martin (French part),MAF,2012,,,,,,,,,,,,,,,100.0,,,37276.0
St. Martin (French part),MAF,2013,,,,,,,,,,,,,,,100.0,,,37419.0
St. Martin (French part),MAF,2014,,,,,,,,,,20638.7705882379,,,,,100.0,,,37450.0
St. Martin (French part),MAF,2015,,,,,,,,,,,1.0,,,,100.0,,,37369.0
St. Martin (French part),MAF,2016,,,,,,,,,,,5.0,,,,100.0,,,37175.0
St. Martin (French part),MAF,2017,,,,,,,,,,,-8.00000324038295,,,,100.0,,,36837.0
St. Martin (French part),MAF,2018,,,,,,,,,,,-7.99999506898229,,,,100.0,,,36012.0
St. Martin (French part),MAF,2019,,,,,,,,,,19033.0649634889,6.50000363700821,,,,100.0,,,34267.0
St. Martin (French part),MAF,2020,,,,,,,,,,,-12.500002246731,,,,100.0,,,31786.0
St. Martin (French part),MAF,2021,,,,,,,,,,21668.3776525323,4.89999967133534,,,,100.0,,,29961.0
St. Martin (French part),MAF,2022,,,,,,,,,,,,,,,100.0,,,28870.0
St. Martin (French part),MAF,2023,,,,,,,,,,,,,,,100.0,,,27515.0
St. Martin (French part),MAF,2024,,,,,,,,,,,,,,,100.0,,,26129.0
St. Vincent and the Grenadines,VCT,2011,,,,,,,,36.70000076,120.539739732416,6527.68996854448,-0.60627665148327,3.1860311155246,20.006,66.618,46.18402928344,,,109349.0
St. Vincent and the Grenadines,VCT,2012,,,,,,,,40.0,116.789287816363,6713.80768643865,1.16911218376478,2.59844414147101,19.833,66.672,46.3063114823836,,,108736.0
St. Vincent and the Grenadines,VCT,2013,,,,,,,,43.5,115.945808480141,7072.46737188939,2.4624841721544,0.805127804267928,19.356,66.761,46.4319347036311,,,108135.0
St. Vincent and the Grenadines,VCT,2014,,,,,,,,47.4,106.957734691031,7168.82875342911,1.1457271877622,0.193858560794015,19.237,66.823,46.5579930468544,,,107535.0
St. Vincent and the Grenadines,VCT,2015,,,,,,,,49.40000153,105.99382946896,7353.73556054184,2.78509791763551,-1.73361194953959,19.135,66.906,46.6845638727475,,,106960.0
St. Vincent and the Grenadines,VCT,2016,,,,,,,,51.5,105.923892091134,7656.90042881178,4.1496810046981,-0.149641647633284,19.029,67.028,46.8116589511271,,,106349.0
St. Vincent and the Grenadines,VCT,2017,,,,,,,,53.70000076,109.635350122559,7988.04445019298,1.54810173239956,2.15333648840511,19.024,67.132,46.9392900518098,,,105663.0
St. Vincent and the Grenadines,VCT,2018,,,,,,,,56.0,107.164096601414,8428.12677153069,3.1756114423991,2.32414485367921,19.005,67.294,47.0674689446123,,,104926.0
St. Vincent and the Grenadines,VCT,2019,,,,,,,,59.57630157,92.5177839430914,8740.59425232061,0.668428481084234,0.91306972532459,19.248,67.433,47.1962073993512,,,104167.0
St. Vincent and the Grenadines,VCT,2020,,,,,,,,63.38100052,96.9437629194598,8351.20324040982,-4.26892434422649,-0.628131309354654,20.635,66.523,47.3255171858432,,,103526.0
St. Vincent and the Grenadines,VCT,2021,,,,,,,,68.83339691,95.5173520288601,8641.27904024443,2.09340124465459,1.57272932500558,20.356,66.756,47.4554100739049,,,102841.0
St. Vincent and the Grenadines,VCT,2022,,,,,,,,74.75479889,102.334241420536,9693.55867833025,3.1108330034352,5.66009779226552,19.277,67.55,47.585897833353,,,102046.0
St. Vincent and the Grenadines,VCT,2023,,,,,,,,75.53679657,101.631416361537,10582.3656725229,5.32636472098717,4.56457719814894,18.348,67.862,47.7169922340041,,,101323.0
St. Vincent and the Grenadines,VCT,2024,,,,,,,,76.19010162,108.354536057883,11501.2265187188,4.06183490050209,3.62770736940927,18.093,68.037,47.8487050456749,,,100616.0
Sudan,SDN,2011,6.89979785197721,,,,,,,,69.3293475524591,1332.6572265625,-3.21353209253371,18.0966171221351,17.44,48.786,32.9059760141986,,,36140806.0
Sudan,SDN,2012,,,,,,,,,74.908489729676,1019.22210693359,-17.0046884048945,35.5590574147024,16.973,47.835,33.1425561614901,,,36923178.0
Sudan,SDN,2013,,,,,,,,,73.1963836514564,1138.62780761719,1.95514463302422,36.5223449139154,16.273,46.806,33.4264777958103,,,37785849.0
Sudan,SDN,2014,15.2684332808943,9.98316105750736,20.223826520119,7.52743318203813,10.1231693886914,16.9699865641615,7.04773618772464,,71.597721245773,1275.43835449219,4.66137954229873,36.9066427863595,15.41,45.715,33.7624582408117,,34.2,38823318.0
Sudan,SDN,2015,,,,,,,,12.0,69.8036331859409,1292.37963867188,1.91017689052751,16.9095706050977,14.39,44.612,34.0914394628597,,,40024431.0
Sudan,SDN,2016,,,,,,,,14.0999999446534,67.3954575547604,1033.21594238281,3.46764218409288,17.750253831196,13.656,43.514,34.1881958841213,,,41259892.0
Sudan,SDN,2017,,,,,,,,18.60000038,67.0598253428254,966.505676269531,0.70925628476644,32.3516260968437,13.0,42.409,34.2872225663509,,,42714306.0
Sudan,SDN,2018,,,,,,,,,68.0533719238149,731.027465820313,-2.6809305497999,63.2925073455888,12.347,41.353,34.382054222005,,,44230596.0
Sudan,SDN,2019,,,,,,,,,72.4818502607404,709.975280761719,-2.17825104530091,50.9940515002965,11.697,40.373,34.4727685824236,,,45548175.0
Sudan,SDN,2020,,,,,,,,,75.2207425678785,577.795227050781,-3.62980082410752,163.257782355458,11.995,39.121,34.5594433789246,,,46789231.0
Sudan,SDN,2021,,,,,,,,,71.767230205952,712.122009277344,-1.8685204827207,359.093040778999,11.087,38.353,34.6421563427994,,,48066924.0
Sudan,SDN,2022,,,,,,,,,70.2084038614961,1046.24084472656,-0.957816591119183,138.80846024176,7.53,37.523,34.7209852053086,,,49383346.0
Sudan,SDN,2023,,,,,,,,,,797.283447265625,-29.4332716274387,,,,34.7960076976764,,,50042791.0
Sudan,SDN,2024,,,,,,,,,,984.607666015625,-13.9643378424022,,,,34.8673015510839,,,50448963.0
Suriname,SUR,2011,,,,,,,,32.0,95.9107913617333,7949.88867218383,5.84936767173009,17.7117796414558,7.54,53.335,66.3675227342307,,,556269.0
Suriname,SUR,2012,,,,,,,,34.68119812,101.14390730725,8851.24050668908,2.69034974668847,5.00686319367273,8.1,53.893,66.3132562693376,92.870002746582,,562633.0
Suriname,SUR,2013,,,,,,,,37.40000153,152.648413061052,9043.19281529222,2.9334416518612,1.92343604108305,6.6,54.45,66.2683575134509,,,569020.0
Suriname,SUR,2014,,,,,,,,40.08000183,161.251918320811,9108.18905406764,0.255503031645475,3.38341272749477,6.94,55.006,66.2249266178037,,,575373.0
Suriname,SUR,2015,,,,,,,,42.76380157,129.027366336157,8813.61705392067,-3.41304268067621,6.89390359168238,7.22,55.561,66.1828815074718,,,581627.0
Suriname,SUR,2016,,,,,,,,45.40000153,137.281393501056,5644.2061057532,-4.91166050905851,55.4123879763196,7.917,56.115,66.1426466980469,,,587757.0
Suriname,SUR,2017,,,,,,,,48.94520187,134.049784997128,6049.52128553675,1.56603782534897,21.9969430173304,7.905,56.138,66.1046467051207,,,593713.0
Suriname,SUR,2018,,,,,,,,55.10210037,125.480181413914,6665.74180472239,4.94827108468886,,7.817,56.302,66.0693060442846,,,599513.0
Suriname,SUR,2019,,,,,,,,62.03350067,134.34912375695,6629.66775248603,1.16758977233877,,7.755,56.308,66.0370492311305,,,605768.0
Suriname,SUR,2020,,,,,,,,,146.874739718153,4755.39221710693,-15.9751917148622,34.889784309078,8.973,52.653,66.00830078125,,,612317.0
Suriname,SUR,2021,,,,,,,,,146.654129497521,5029.84838543953,-2.43538583612838,59.1196626251977,8.706,53.245,65.9853973388672,,,617896.0
Suriname,SUR,2022,,,,,,,,,149.052255906952,6084.43876736445,2.40622235601218,52.446027276241,7.973,53.411,65.8985443115234,,39.2,623164.0
Suriname,SUR,2023,,,,,,,,87.4,157.24614636039,5521.97602122638,2.41659215006946,51.5873159600861,7.699,53.583,65.7562408447266,,,628886.0
Suriname,SUR,2024,,,,,,,,,142.122626416427,6961.78956060258,1.72095749127065,16.2296159130279,7.621,53.835,65.7641857200885,,,634431.0
Sweden,SWE,2011,98.9919498180313,99.0131199226451,98.9702495825474,98.030007638871,96.0769888729181,99.3204966935621,98.5240365506554,92.7699860554046,121.218520944341,60379.4814599322,3.16388567406926,2.9611507382214,7.804,63.531,85.3600748880524,,27.6,9449213.0
Sweden,SWE,2012,,,,,,,,93.1799880065108,124.465204900222,57749.5615420853,-0.414397702454409,0.888377506923735,7.976,63.527,85.6250668883122,,27.6,9519374.0
Sweden,SWE,2013,,,,,,,,94.7836,125.141584605994,60843.9888799369,1.13766671801426,-0.044292970148682,8.052,63.854,85.9249771259894,,28.8,9600379.0
Sweden,SWE,2014,99.719919448707,99.7582606300709,99.6808218988452,99.3418643459944,98.6217190463165,100.0,100.0,92.5236065037579,126.980024510044,59583.4584491714,2.29577238758284,-0.179638494114635,7.954,63.898,86.2563838747314,,28.4,9696110.0
Sweden,SWE,2015,,,,,,,,90.6101966398616,128.974452830716,51188.1652120493,4.38824673608589,-0.0467847449832812,7.432,63.922,86.6158654081858,,29.2,9799186.0
Sweden,SWE,2016,,,,,,,,89.6509476102355,126.401633330915,51703.5088332851,2.13117914731151,0.984269244577992,6.99,64.078,87.0,,29.6,9923085.0
Sweden,SWE,2017,99.742211618676,100.0,99.4812282398102,99.6675808828444,99.0895468696577,99.8532235394659,96.8513121309694,93.0062669652127,124.472904877796,53210.2233318965,1.88282184966646,1.79449904665599,6.718,64.391,87.237373786911,,28.8,10057698.0
Sweden,SWE,2018,,,,,,,,89.2469631588137,124.086284526267,54018.4554391861,1.7702553546772,1.95353530127028,6.365,64.5,87.4737430925296,,30.0,10175214.0
Sweden,SWE,2019,,,,,,,,94.4934434072202,125.456729050381,51648.9892820514,2.60823012869524,1.78415097403835,6.833,64.583,87.7088420242759,,29.3,10278887.0
Sweden,SWE,2020,,,,,,,,94.53943122,123.548656971054,52568.5726980146,-1.93379704032216,0.497367318853572,8.291,64.152,87.9424046895699,,28.9,10353442.0
Sweden,SWE,2021,99.6887646957821,100.0,99.3901450298169,99.2210691357652,100.0,99.6465114286116,100.0,94.6703163,124.96149481991,60647.5416365347,5.2258643028773,2.16319736447143,8.803,64.176,88.1741651958315,,29.8,10415811.0
Sweden,SWE,2022,,,,,,,,95.00970335,140.781664517726,54836.8907235124,1.25543620445816,8.36929098869189,7.417,64.558,88.4038576504809,,31.6,10486941.0
Sweden,SWE,2023,,,,,,,,95.70327461,140.265691285045,54950.2834725622,-0.204061304891439,8.5486248974891,7.611,64.931,88.631216160938,,29.3,10536632.0
Sweden,SWE,2024,98.5654945145745,97.6051609665946,99.501175617033,96.6188778443266,100.0,98.3527390555316,89.9102552437547,95.52930428,140.686673016562,57222.7100565003,1.01779633304398,2.83581658224034,8.4,64.735,88.8559748346228,,,10569709.0
Switzerland,CHE,2011,,,,,,,,85.1930281804854,127.39653885362,91910.3964565203,1.40766067483813,0.2313492076509,4.409,67.525,73.65058748615,,31.7,7912398.0
Switzerland,CHE,2012,,,,,,,,85.2,132.03116268359,87269.5594780124,1.12413575027705,-0.692552018105163,4.491,67.586,73.7522629583622,,31.6,7996861.0
Switzerland,CHE,2013,,,,,,,,86.34,136.551244178553,88851.2374497983,1.83612392927999,-0.217323155115673,4.747,67.602,74.1121384785551,,32.5,8089346.0
Switzerland,CHE,2014,97.9856448863505,96.6947856465924,99.3637064108259,98.8673307413619,94.0055476753537,98.5760624189996,95.6466191381604,83.6172512621702,136.137729869778,90511.6484558843,2.54342347675991,-0.0132025387515946,4.826,67.991,74.7402679059582,,32.5,8188649.0
Switzerland,CHE,2015,,,,,,,,87.4790555978675,135.723075533919,85265.06205193,1.45450336491099,-1.14390867228178,4.801,68.217,75.6044960143169,,32.3,8282396.0
Switzerland,CHE,2016,,,,,,,,89.1346877351392,134.235676338144,83432.4111596314,1.91159094214852,-0.434618664285815,4.918,68.663,76.6726675773771,,33.0,8373338.0
Switzerland,CHE,2017,98.4296664856118,98.8566501844866,97.9819135202356,97.4382332077034,89.4088348568327,99.8140655561946,96.7209854234417,89.6861476710225,131.169694242519,83610.248611484,1.42034612231261,0.533787839825876,4.797,68.538,77.9126273688843,,32.7,8451840.0
Switzerland,CHE,2018,,,,,,,,91.80000305,126.681143927488,87002.3382293532,3.32743256101493,0.936335464113572,4.713,68.575,79.2922201625844,,33.1,8514329.0
Switzerland,CHE,2019,,,,,,,,93.1460869535177,126.920635838501,85872.9702303454,1.11532187197474,0.362886179940674,4.394,68.323,80.7792907322229,,34.0,8575280.0
Switzerland,CHE,2020,,,,,,,,94.34999847,127.376373489656,87529.7016394892,-2.2552579425106,-0.725874933313403,4.817,67.984,82.3416838515457,,33.7,8638167.0
Switzerland,CHE,2021,99.491031115136,99.0179339713898,100.0,99.4864965297368,100.0,99.4374863429747,98.5396670294497,95.56937154,123.21236546636,96582.8687080693,6.17622836050151,0.581814168489856,5.013,67.736,84.2006477608879,,33.8,8704546.0
Switzerland,CHE,2022,,,,,,,,96.45279694,123.971228075124,97809.095567203,3.53430286842426,2.83502798644451,4.122,67.078,84.9206266284521,,33.8,8777088.0
Switzerland,CHE,2023,,,,,,,,97.34436623,130.221876609608,104449.75451772,0.825560934124624,2.13540088016387,4.043,67.454,85.1854212679815,,,8888822.0
Switzerland,CHE,2024,98.412309687795,97.6132030221954,99.2322131762524,98.2819631242269,98.0895176021602,98.4456652167333,100.0,97.3443985,129.471369643132,107702.065940312,1.39033363875791,1.06234041976595,4.343,67.103,85.4615370020764,,,9005582.0
Syrian Arab Republic,SYR,2011,23.2530858353611,19.5879996886851,26.7666466636967,23.7884233269882,22.246435784041,23.7488068461135,22.6816194847903,22.5,56.4601130740851,2952.14372909443,2.8502205980333,4.7531638888563,8.626,43.4,58.4817704183521,,,22878098.0
Syrian Arab Republic,SYR,2012,,,,,,,,24.30010033,57.0304708357464,1897.66115018696,-26.338904668983,36.7022953364139,13.8,39.2,65.0896662830335,,,22759763.0
Syrian Arab Republic,SYR,2013,,,,,,,,26.20000076,56.7277291919289,985.892669221634,-26.3002577493205,40.0318378290723,14.5,37.78,73.0620491886137,,,21666917.0
Syrian Arab Republic,SYR,2014,,,,,,,,28.09000015,69.2511845049776,1060.59105887433,-10.3103412087823,10.9271141804297,14.782,37.729,76.0,,,20273659.0
Syrian Arab Republic,SYR,2015,,,,,,,,29.97979927,73.6810937543276,847.731545352582,-4.17969204561759,38.4611429599733,14.244,37.705,75.7529067188542,,,19424618.0
Syrian Arab Republic,SYR,2016,,,,,,,,31.8696003,69.5528574436978,656.349017520952,-6.40568496867387,47.7051615298923,13.798,37.716,75.15400963398,,,19193834.0
Syrian Arab Republic,SYR,2017,,,,,,,,32.70000076,80.032591460097,851.501972646386,-0.723346297115341,18.0752696281771,13.603,37.742,74.5395596323392,,,19224668.0
Syrian Arab Republic,SYR,2018,,,,,,,,33.77000046,87.4952069545959,1098.06667935023,1.39323324059961,0.940983843906769,13.505,37.782,74.0612602381775,,,19577845.0
Syrian Arab Republic,SYR,2019,,,,,,,,,87.1297289207859,1109.53933821464,1.22072818348491,13.4175653228571,13.369,37.836,73.8248788261986,,,20353534.0
Syrian Arab Republic,SYR,2020,,,,,,,,,79.1482419784404,593.911771822527,0.954914586675713,,15.179,35.911,73.4125031102512,,,21049429.0
Syrian Arab Republic,SYR,2021,,,,,,,,,78.5558300193552,688.566109726934,1.7896919997567,,14.887,36.334,73.0125007629395,94.4199981689453,,21628839.0
Syrian Arab Republic,SYR,2022,,,,,,,,,78.6567844526885,1056.78264718197,-0.20247264200475,,13.245,37.327,72.6124992370605,,26.4,22462173.0
Syrian Arab Republic,SYR,2023,,,,,,,,,72.4405852977604,,,,13.27,37.132,72.1673803143204,,,23594623.0
Syrian Arab Republic,SYR,2024,,,,,,,,,71.2231424453527,,,,13.359,36.989,72.0761345758254,,,24672760.0
Tajikistan,TJK,2011,2.53485730790679,,,,,,,13.02999973,80.8201119902975,833.601978202852,7.40000059956711,12.4315490430406,7.04,41.703,26.4792213439941,,,7824785.0
Tajikistan,TJK,2012,,,,,,,,14.51000023,81.4565956633347,952.452819695469,7.49999946321525,5.83116601031462,7.022,41.301,26.4102249145508,,,8014084.0
Tajikistan,TJK,2013,,,,,,,,16.0,91.7287717099905,1028.19704279396,7.39999974700379,5.00964645344951,7.019,40.9,26.4883155822754,,,8216724.0
Tajikistan,TJK,2014,11.4592328535776,9.09066029188348,13.8953299160164,5.79231662987878,4.47427117278524,15.1123779735363,7.96731865899176,17.48999977,94.9385868130658,1081.54402932039,6.70000069016253,6.10442765129667,7.024,40.501,26.5633735656738,,,8425552.0
Tajikistan,TJK,2015,,,,,,,,18.97999954,98.2086665185843,956.916310930656,6.01930331771186,5.7145594964971,7.033,40.103,26.478832244873,,34.0,8643840.0
Tajikistan,TJK,2016,,,,,,,,20.46999931,106.027422075203,788.710481734485,6.89999999999999,6.00458082322139,7.036,39.706,26.3718509674072,,,8865631.0
Tajikistan,TJK,2017,47.0243971607939,42.1307962116515,52.0938082313705,38.4750118412012,49.3356705327008,45.9390374813256,39.1844199140174,21.95999908,109.003509375909,829.45714764957,7.10000041864309,,7.035,38.877,26.2731513977051,,,9085946.0
Tajikistan,TJK,2018,,,,,,,,32.59999847,107.442164151643,834.288404578801,7.5999988895536,,7.028,37.981,26.2338752746582,,,9307333.0
Tajikistan,TJK,2019,,,,,,,,22.68630028,115.372919483658,871.022372934846,7.40000016310556,,7.026,37.139,26.1300735473633,,,9529966.0
Tajikistan,TJK,2020,,,,,,,,27.54409981,62.2826230779409,834.311715460625,4.40000111553493,,7.576,36.787,26.1925442328719,,,9749310.0
Tajikistan,TJK,2021,39.4881617560099,39.4130052488885,39.5677218193456,38.2291252749162,18.0839801973922,46.647534055157,32.167739572579,36.70560074,64.0874682499327,896.748053372182,9.39999955037523,,7.687,37.071,26.1991525151375,,32.4,9966908.0
Tajikistan,TJK,2022,,,,,,,,48.91429901,63.8442080716763,1052.17949484894,8.00000033846364,,7.051,37.828,26.1957126615618,,39.5,10182222.0
Tajikistan,TJK,2023,,,,,,,,54.41550064,76.215892145748,1178.47990060249,8.29999921651935,,7.037,38.094,26.1890127571429,,38.0,10389799.0
Tajikistan,TJK,2024,54.5193771390539,46.9005362710827,62.5557724693504,49.9650557404033,29.7660846051287,63.7446312070468,43.5802725818182,55.79339981,,1362.02559981695,8.39999980983981,,7.041,38.347,26.1788063651548,,36.1,10590927.0
Tanzania,TZA,2011,17.2577675334801,13.8239817090313,20.7948508640975,8.76980754995267,13.4567030263669,19.3626113037512,7.41654645659887,3.200000048,55.7610427273527,775.392761230469,7.67215543486064,12.6909694699162,3.47,85.749,28.865726405543,,37.8,46029367.0
Tanzania,TZA,2012,,,,,,,,3.950000048,57.4558483868666,861.969909667969,4.50015356010131,16.0010938506338,3.223,85.174,29.4878764597911,78.0999984741211,,47374260.0
Tanzania,TZA,2013,,,,,,,,4.400000095,56.2075025692215,963.05712890625,6.78158560065316,7.87072364573959,2.93,84.58,30.0725108782502,,,48824128.0
Tanzania,TZA,2014,39.7794762771647,34.3341380343178,45.4474805229971,24.7676972672578,31.8718210989574,43.9079248440376,32.6300421684617,7.0,63.2804353521698,1022.74841308594,6.73246186832483,6.13161432988012,2.125,83.967,30.6443077170742,79.8949432291161,,50351512.0
Tanzania,TZA,2015,,,,,,,,10.0,76.2492627491202,939.127319335938,6.16062877406682,5.58816952959298,2.009,83.935,31.2061566592472,77.8899993896484,,52020962.0
Tanzania,TZA,2016,,,,,,,,13.5042328468919,74.3983656514054,953.0107421875,6.86711619644551,5.17476629301493,1.931,83.894,31.7577303242916,,,53824013.0
Tanzania,TZA,2017,46.7515639970681,42.1522209834672,51.5535709781617,37.2505178622464,45.6326636903664,47.3136449640868,41.0202530495649,14.46339989,71.7911684370749,986.674011230469,6.72726996832438,5.31871605228931,1.854,83.86,32.2987013317296,,,55652890.0
Tanzania,TZA,2018,,,,,,,,15.49069977,75.7301934140355,1023.10626220703,5.50267599384966,3.49445848856181,1.792,83.834,32.8287423010834,,40.5,57437145.0
Tanzania,TZA,2019,,,,,,,,16.59090042,80.5835569684446,1063.32250976563,5.79999999996723,3.46428057999021,1.735,83.811,33.3475258518752,,,59174891.0
Tanzania,TZA,2020,,,,,,,,19.48139954,84.0050558283384,1117.41528320313,1.99196460647855,3.29029062798325,1.792,82.837,33.8547246036273,82.2361019196766,,60972798.0
Tanzania,TZA,2021,52.4333347484758,46.0288815505263,59.3651895310364,39.015980118513,49.9024859712798,53.7774605653582,46.7012915082421,22.87540054,86.0162814148027,1159.85656738281,4.32138429480482,3.69091958802199,1.876,83.733,34.3500111758619,,,62830412.0
Tanzania,TZA,2022,,,,,,,,26.86059952,93.0159746238635,1207.52062988281,4.56600576430955,4.35027204269101,1.573,83.77,34.8234736377147,78.2099990844727,,64711821.0
Tanzania,TZA,2023,,,,,,,,28.43190002,105.40028112088,1224.00219726563,5.06952353203394,3.79923291384916,1.565,83.766,35.4748019434954,,,66617606.0
Tanzania,TZA,2024,59.8275253090773,54.9346318215236,65.3362469372565,50.8519090423491,53.1513813279097,63.0900519671686,54.1501416450898,31.16209984,126.559163217786,1192.60668945313,5.5263138305945,3.05694676312373,1.557,83.749,36.1684458862992,,,68560157.0
Thailand,THA,2011,72.6664359374049,72.637541514474,72.700074094978,64.5318357730121,59.3428902587325,75.442407171622,63.8449941339795,23.669925618731,112.233203232914,5373.6232832898,0.840132083053334,3.81191694558332,0.66,73.226,44.8048723557374,,37.5,69007208.0
Thailand,THA,2012,,,,,,,,26.46,122.431994954555,5725.52802835463,7.24279620249642,3.00948610403357,0.58,72.825,45.373565813715,,39.3,69436098.0
Thailand,THA,2013,,,,,,,,28.94,134.367308785551,6018.08244729255,2.68749556320556,2.18617704418967,0.249,69.97,45.8321343847773,93.6999969482422,37.8,69845114.0
Thailand,THA,2014,78.1365538281076,75.4402955725009,81.2429176119444,71.3588554049789,70.5503136099802,79.7637081061802,73.1996593546332,34.8860535783465,138.28115031927,5801.1978916205,0.984468863619426,1.89455652481545,0.576,69.794,46.3138799467897,,37.0,70216367.0
Thailand,THA,2015,,,,,,,,39.3161267365004,145.932577028654,5688.85335397884,3.13404724911635,-0.898143410569433,0.597,69.269,46.9521043776171,92.870002746582,36.0,70540795.0
Thailand,THA,2016,,,,,,,,47.5049656215909,168.88127084564,5833.57715617098,3.43515771692182,0.186235191075453,0.688,68.315,47.8801095551247,91.9800033569336,36.7,70859841.0
Thailand,THA,2017,81.5940008546208,79.7800999502411,83.6913751060084,77.5467094872071,73.3384072019096,83.1741812506476,77.0002508567832,52.8919293439676,170.783699598766,6413.09182530343,4.1776810321001,0.664415139830893,0.83,67.525,49.2311973571777,,36.4,71160187.0
Thailand,THA,2018,,,,,,,,56.8174809301456,175.266001933225,7099.77650081458,4.22287028746071,1.06683487370758,0.765,67.798,54.5843734741211,93.7699966430664,36.4,71376079.0
Thailand,THA,2019,,,,,,,,66.6524194587528,181.221874232713,7605.69657797759,2.11455779628278,0.705524801910317,0.716,66.94,55.9266166687012,91.2699966430664,34.9,71522271.0
Thailand,THA,2020,,,,,,,,77.84374066,162.327737376294,6983.03412836245,-6.09306312966953,-0.846087518861799,1.099,67.021,57.2358779907227,,35.0,71641484.0
Thailand,THA,2021,95.5769973139711,92.7033954124988,98.6060258016341,97.679691364534,96.9984931201374,95.2166392172407,93.469928883793,85.26956666,168.485285358167,7055.18760721422,1.55858232076893,1.23104516549814,1.215,66.952,58.5087776184082,,34.9,71727332.0
Thailand,THA,2022,,,,,,,,87.97724503,176.22279253783,6910.00995211206,2.63784213566305,6.07589952842433,0.94,67.18,59.742374420166,91.0999984741211,34.3,71735329.0
Thailand,THA,2023,,,,,,,,89.53525238,168.642808295144,7210.54130832685,2.24883437970568,1.22908986612448,0.733,67.814,60.9341926574707,,33.5,71702435.0
Thailand,THA,2024,91.8249814693343,92.7000685235119,90.918244759467,91.1856150388769,88.1285982399774,92.6185771040456,91.0017346016231,90.86718789,160.639312286761,7386.63615126055,2.94859986593323,0.398333333333422,0.781,67.129,61.8689338391321,,33.3,71668011.0
Timor-Leste,TLS,2011,,,,,,,,4.0,55.3186027470553,939.045241112693,5.95855605611087,13.499840238577,3.385,67.409,29.633352306451,,,1110207.0
Timor-Leste,TLS,2012,,,,,,,,7.0,54.7192006238518,1022.61903188429,4.86062186827468,11.8003096701544,3.47,67.262,29.6136082349605,,,1134885.0
Timor-Leste,TLS,2013,,,,,,,,11.0,56.0975925502397,1204.56841532931,3.10436683211147,11.0849085109954,3.57,67.163,29.5836906253246,,,1158695.0
Timor-Leste,TLS,2014,,,,,,,,17.5,116.401176746315,1224.74957758801,4.47249846569638,0.726275016139465,3.618,66.98,29.5463092024041,,28.7,1181903.0
Timor-Leste,TLS,2015,,,,,,,,18.60000038,114.23397124462,1319.59297370991,2.48004040218397,0.552796026277853,3.678,66.882,29.5043315008419,64.4499969482422,,1205131.0
Timor-Leste,TLS,2016,,,,,,,,21.20000076,121.477605038459,1335.54390089814,3.00993062553351,-1.33853876185163,4.657,66.823,29.4462907628171,65.7799987792969,,1228312.0
Timor-Leste,TLS,2017,,,,,,,,24.20000076,124.360491266698,1266.17767952941,-3.18241522489195,0.557215537430361,4.254,67.058,29.3600996787092,,,1251703.0
Timor-Leste,TLS,2018,,,,,,,,27.60000038,115.089356319443,1219.46598597604,-0.466502170658785,2.63647201015892,3.765,67.204,29.248617510057,,,1275959.0
Timor-Leste,TLS,2019,,,,,,,,28.00460052,109.555438546595,1562.36458881813,24.2128840085001,0.958812739703141,3.148,66.51,29.1148755245217,,,1300945.0
Timor-Leste,TLS,2020,,,,,,,,32.01269913,103.911005065408,1630.86935439232,31.7257416721413,0.495499215459571,2.808,65.922,28.9619049897647,,,1326053.0
Timor-Leste,TLS,2021,,,,,,,,35.04199982,102.668836319816,2684.92673717299,5.36980119392668,3.69792094666786,2.344,66.473,28.7927371734472,,,1350139.0
Timor-Leste,TLS,2022,,,,,,,,,108.158358863503,2343.24955542816,-20.5224802314812,7.00530945399787,1.537,66.56,28.5857292288968,69.4000015258789,,1369295.0
Timor-Leste,TLS,2023,,,,,,,,,112.647241971673,1502.4114958903,-18.1359049134472,8.42035103310377,1.525,66.577,28.595471832952,,,1384286.0
Timor-Leste,TLS,2024,,,,,,,,,116.382391453038,1331.9705130185,-9.10069289810397,2.06284153005468,1.523,66.763,28.6641074179574,,,1400638.0
Togo,TGO,2011,10.1852402521278,9.21766924099931,11.1866442660827,5.95267499247716,6.81264439119564,11.8729245985427,6.46430785117109,3.5,38.9697843149559,834.14671980279,5.82325622135289,3.5635147290396,1.982,58.184,37.9872305648732,60.4099998474121,46.0,6500582.0
Togo,TGO,2012,,,,,,,,4.0,46.6464180614517,813.611525037432,6.30271426865185,2.57718174055848,2.029,58.187,38.4194359598204,,,6653718.0
Togo,TGO,2013,,,,,,,,4.5,58.5138554393817,885.698522723929,5.82425069283059,1.82539475909162,2.084,58.179,38.8516767884103,,,6798848.0
Togo,TGO,2014,18.2514629953597,15.1125772794958,21.4943224834086,8.14145878012273,12.2872602895916,21.1615368053064,12.8459825082957,5.699999809,60.4368580586019,921.539748631461,5.63323739145223,0.19087507624975,2.141,58.162,39.2839506458368,,,6937644.0
Togo,TGO,2015,,,,,,,,7.119999886,63.3574638254671,813.894676975085,5.4680413807304,2.58500390801595,2.204,58.138,39.7162551272934,63.75,43.0,7071502.0
Togo,TGO,2016,,,,,,,,11.31000042,70.0588130571426,843.114204338675,4.21490387414525,1.28544847051417,2.968,58.109,40.1485878279739,,,7200884.0
Togo,TGO,2017,45.2893518838727,37.5931543657929,53.0494017243899,34.7435734037245,43.8808551923646,45.9606793962565,38.3642466556548,12.3602249692905,75.3357270694068,872.076408845752,4.00791259566937,-0.981889868943119,3.744,58.074,40.5809463430719,60.9537021917226,,7324386.0
Togo,TGO,2018,,,,,,,,15.5,74.3997114343066,942.480774393154,4.79518333086139,0.927755426457183,2.9,58.033,41.013328267781,,42.5,7458206.0
Togo,TGO,2019,,,,,,,,20.72730064,73.7224727486533,917.718016777619,4.91949260488683,0.674652770077525,2.036,57.987,41.445731197295,66.5400009155273,,7619925.0
Togo,TGO,2020,,,,,,,,29.02370071,75.164019137873,961.219781201934,2.15900131150536,1.69928463299399,2.231,57.436,41.8781527268075,,,7788054.0
Togo,TGO,2021,49.6056349278117,44.2989014704426,55.2160197413269,39.040293990828,42.3368219522507,53.0376713766382,42.2802899366706,30.33839989,70.4496733018494,1076.29520076949,5.13562929064506,4.1862150652352,2.344,57.713,42.3105904515122,,37.9,7936176.0
Togo,TGO,2022,,,,,,,,35.60749817,72.2147547047011,1071.61539220759,6.29443692019429,7.96757361617945,1.965,57.936,42.7332327975627,72.5999984741211,,8068616.0
Togo,TGO,2023,,,,,,,,37.57020187,75.7906769713952,1182.32951436696,6.19762969378132,5.48928568141131,1.942,57.921,43.2496853032436,,,8223850.0
Togo,TGO,2024,57.4329534151865,45.3494825153525,69.9999828165192,43.6513631462085,49.0469009088821,61.1008580906425,48.3004244617773,39.48320007,80.8035554767112,1266.08777721447,6.52651376797853,2.86262074089801,1.948,57.886,43.8148491605996,,,8406558.0
Tonga,TON,2011,,,,,,,,25.0,51.1294970716743,3849.99375750134,6.70369746238768,6.27075302995692,1.594,56.173,23.46075468367,99.3899993896484,,107570.0
Tonga,TON,2012,,,,,,,,30.0,52.1124139214591,4384.17058724217,0.919761024923076,1.14753853706055,1.638,55.894,23.4589062635692,,,107460.0
Tonga,TON,2013,,,,,,,,32.75400162,53.6991725657932,4219.24670113014,0.393922530137331,0.77562932236742,1.75,55.639,23.4170795020344,,,107078.0
Tonga,TON,2014,,,,,,,,35.95439911,63.7844834863848,4136.59010898445,1.99053769890816,2.51087633253696,1.914,55.364,23.3431040935971,,,106609.0
Tonga,TON,2015,,,,,,,,38.65129852,69.2709364249022,4123.90347238813,1.11374402398066,-1.05399831971283,2.022,55.04,23.2434422818439,,33.5,106095.0
Tonga,TON,2016,,,,,,,,39.95000076,75.8121375232175,3987.98618837043,6.59869879417958,2.57815515245081,2.048,54.687,23.1277038505921,97.1500015258789,,105524.0
Tonga,TON,2017,,,,,,,,46.20080185,102.450738448688,4365.92929788648,3.20231976224244,7.51706283551116,2.137,54.349,22.9711300654966,,,105356.0
Tonga,TON,2018,,,,,,,,48.80789948,102.245967016208,4675.04776047973,0.527828083180253,5.03209691984883,2.248,53.995,22.7017138925547,,,105567.0
Tonga,TON,2019,,,,,,,,51.56299973,58.772203768371,4788.83350468584,-0.285210784299821,1.17954334821801,2.165,53.468,22.3288155626206,91.0500030517578,,105669.0
Tonga,TON,2020,,,,,,,,54.47370148,58.6543555589192,4792.35872413906,1.80618715298932,-0.349737696727419,2.712,52.389,21.8766206823411,,,105704.0
Tonga,TON,2021,,,,,,,,57.549,60.9801876955162,4922.8015864044,-0.934919892094683,5.64051140636743,2.111,51.935,21.258003897665,,27.1,105490.0
Tonga,TON,2022,,,,,,,,61.60739899,61.7257858761257,5298.01942454298,-2.12854876486114,10.9713652903022,2.002,51.378,21.147219451842,,,105042.0
Tonga,TON,2023,,,,,,,,64.13140106,,5651.59357939286,2.79014715494606,6.35112980255182,1.652,50.601,21.147944541337,99.4800033569336,,104597.0
Tonga,TON,2024,,,,,,,,67.4417038,,6215.38990974121,1.71653807667747,3.18188924237472,1.965,50.196,21.1505271125521,,,104175.0
Trinidad and Tobago,TTO,2011,75.9220595177181,69.8558533979397,81.9860347399983,,80.3274876306981,74.3233735011241,63.9150519094813,55.2,130.911989608476,19151.0870229722,-0.294354409043763,5.1071328926456,3.425,62.783,53.9253615474727,,,1328019.0
Trinidad and Tobago,TTO,2012,,,,,,,,57.5,134.183710177097,20332.1389531925,6.71074625448722,9.26028137068292,3.718,63.622,53.9254053431618,,,1335194.0
Trinidad and Tobago,TTO,2013,,,,,,,,59.90000153,137.604422317441,21304.9777496628,3.36819291689019,5.19981740465611,2.683,63.669,53.9255789963372,,,1340557.0
Trinidad and Tobago,TTO,2014,,,,,,,,62.40000153,139.365477214979,21908.3014555644,3.67086851032413,5.68441814595659,2.477,63.902,53.9259699537793,,,1345343.0
Trinidad and Tobago,TTO,2015,,,,,,,,65.09999847,148.572056300501,19887.2327716498,-0.406283288730492,4.66121598098264,2.428,63.045,53.926665238022,,,1349667.0
Trinidad and Tobago,TTO,2016,,,,,,,,67.80000305,150.717314787624,17449.1538801956,-7.53636305379372,3.07066742464024,3.207,62.041,53.9277523084951,,,1353895.0
Trinidad and Tobago,TTO,2017,80.7833517134774,73.603040386489,88.2246322495833,77.0773853963408,66.9542026786174,83.9825479697151,79.1312720139602,70.59999847,140.503134035998,17566.0999700656,-4.87274946918724,1.88038440183532,3.389,61.563,53.9293186833833,,,1356633.0
Trinidad and Tobago,TTO,2018,,,,,,,,72.76029968,134.142866663312,17571.498737278,-0.945449700943314,1.01856930188822,3.497,61.148,53.9314518934907,,,1359193.0
Trinidad and Tobago,TTO,2019,,,,,,,,74.98670197,145.715788467056,17212.6128892163,0.467734528855885,1.00054293027237,3.523,60.685,53.9342394732739,,,1363985.0
Trinidad and Tobago,TTO,2020,,,,,,,,77.28130341,134.231180588566,15283.6270531554,-8.78879817831519,0.598986330824643,4.206,58.637,53.9377689584806,,,1366725.0
Trinidad and Tobago,TTO,2021,,,,,,,,84.36576986,134.221562299819,17712.5674104655,-0.716740625909793,2.05922746915458,4.446,57.632,53.9421278853848,,,1367558.0
Trinidad and Tobago,TTO,2022,,,,,,,,81.69760132,133.631989924602,20750.5202434652,0.86126082651883,5.82838638517959,4.383,58.35,53.9474037904998,,,1365805.0
Trinidad and Tobago,TTO,2023,,,,,,,,81.9681015,134.230557337258,18308.4536298575,1.46645947294053,4.62930242419968,3.361,59.27,53.9536842104572,,,1367510.0
Trinidad and Tobago,TTO,2024,74.5920641469519,73.2927431144278,75.869999628906,73.9723506545314,76.9727618121562,74.0234331516312,62.1396540853468,82.15989685,118.786668099235,18733.4110406494,2.50920813979569,0.526884625776839,3.318,58.153,53.961056681951,,,1368333.0
Tunisia,TUN,2011,,,,,,,,39.1,113.794012236779,4420.64772206537,-2.04663389535644,3.24002842009531,18.334,47.632,66.9191886197857,79.6500015258789,,10886035.0
Tunisia,TUN,2012,,,,,,,,41.4416008,116.660316175441,4297.26782454273,4.21667711535632,4.6118443220664,17.63,48.251,67.2098922729492,80.2200012207031,,11009647.0
Tunisia,TUN,2013,,,,,,,,43.79999924,114.100647129197,4369.79345826358,2.42993096446429,5.31623531326689,15.934,47.776,67.4999542236328,,,11141361.0
Tunisia,TUN,2014,27.4323115412138,20.7014709907983,34.2493346890334,14.808105167622,18.7671340848818,30.4182866902472,22.5150497174267,46.15999985,126.692106854109,4458.97895464547,3.09032803070775,4.62555099534031,14.259,47.614,67.7524643379101,79.0400009155273,,11274288.0
Tunisia,TUN,2015,,,,,,,,46.4999943435776,128.008569175385,4014.94773686432,0.967834205635981,4.437371273215,15.159,47.495,67.8807907104492,,32.8,11402264.0
Tunisia,TUN,2016,,,,,,,,49.5999948415756,123.883093580407,3847.80354448809,1.117231963992,3.62939937384381,15.557,47.719,68.0623356528248,,,11528674.0
Tunisia,TUN,2017,36.9065671682783,28.3634358024227,45.7311275395814,21.0496481993204,23.3242041917553,40.0200470951784,23.5212497090243,55.5001550633671,123.034053994945,3619.03247319953,2.25261437620587,5.30884839565844,15.33,47.488,68.2877807617188,,,11650498.0
Tunisia,TUN,2018,,,,,,,,64.1908102327387,125.532926143303,3628.10366464236,2.60696965356362,7.30759176031652,15.459,48.61,68.5485240272509,79.4800033569336,,11765514.0
Tunisia,TUN,2019,,,,,,,,66.6999983024144,124.386924181822,3528.87213306798,1.55009304966742,6.72007532863799,17.153,49.68,68.8206382576031,80.5500030517578,,11875081.0
Tunisia,TUN,2020,,,,,,,,68.55639648,124.041976750236,3548.65363663803,-8.97512622934723,5.63415115897625,17.651,45.506,69.1043166438476,,,11974057.0
Tunisia,TUN,2021,36.853236511337,28.7473240351555,45.1395341580702,32.0202962674491,24.3423961492063,39.9747756392746,29.2645264587375,68.31552226,129.846077003661,3906.93926319391,4.73603648206102,5.706350208307,16.632,45.228,69.3997523770568,83.6800003051758,33.7,12048622.0
Tunisia,TUN,2022,,,,,,,,,131.875365428496,3707.29283414381,2.75228761004381,8.30646124447623,15.3,46.404,69.707138648303,,,12119334.0
Tunisia,TUN,2023,,,,,,,,,132.653682480562,3951.11683376921,0.184015548469745,9.32899597507865,15.106,45.78,70.0266686486584,86.25,,12200431.0
Tunisia,TUN,2024,37.8444860328559,26.6074987294777,49.5665996567354,21.6558127729451,11.6592580347266,45.4756634966955,28.6065551972747,76.5,117.606816067203,4187.64079392362,1.61444564976986,7.20661657168794,15.341,45.486,70.3585355691955,,,12277109.0
Turkiye,TUR,2011,57.6014257729643,32.6799782387577,82.0568749699292,47.1064704384441,43.7528462749905,61.8999364027729,50.8865201622638,43.065710430925,88.0166628392838,11373.6355760885,10.9799625273598,6.471879671151,9.789,49.864,71.0028723528334,94.1100006103516,40.0,74223629.0
Turkiye,TUR,2012,,,,,,,,45.13,90.0040810031246,11776.7593362033,4.80762696633448,8.89156996512163,9.21,49.958,73.7788680234324,94.9199981689453,40.2,75175827.0
Turkiye,TUR,2013,,,,,,,,46.25,91.1758435342703,12635.5570016068,8.48825689298511,7.49309030547693,9.713,50.84,78.5218368384696,95.2600021362305,40.2,76147624.0
Turkiye,TUR,2014,56.6774865730574,44.4588113158811,69.1570930044891,51.1322857116819,41.5696509673947,61.1569583578263,47.511413687558,51.0373665521645,92.1219361989572,12209.3862327674,4.60079447270559,8.85457271364316,9.901,50.512,83.6024850744433,95.4400024414062,41.2,77181884.0
Turkiye,TUR,2015,,,,,,,,53.7449791423583,92.0327105332494,11064.6494504662,5.80557386628684,7.67085364845885,10.304,51.3,87.2167107972537,95.5999984741211,42.9,78218479.0
Turkiye,TUR,2016,,,,,,,,58.3477340145685,91.9286950751339,10984.3643169061,3.32366508200445,7.7751341532833,10.899,52.0,88.1020958581776,95.8600006103516,41.9,79277962.0
Turkiye,TUR,2017,68.5903080534789,54.2938243729192,82.9945648225982,56.3754096111506,55.9270983586882,71.9402378244238,57.4380932554562,64.6846176835371,93.6407569517097,10756.3877677883,7.82585730002594,11.1443110840764,10.919,52.832,88.0320472717286,96.1500015258789,43.5,80312698.0
Turkiye,TUR,2018,,,,,,,,71.0427608433809,94.9085818111026,9684.11819884721,3.46815306092219,16.3324638988929,10.956,53.212,88.1655749576173,,42.4,81407204.0
Turkiye,TUR,2019,,,,,,,,73.9767022871511,94.6498130829997,9395.23378001368,1.30162365464503,15.1768215720022,13.73,52.951,88.6618152857124,96.7399978637695,43.8,82579440.0
Turkiye,TUR,2020,,,,,,,,77.6695605,95.3960853737199,8798.11791709313,1.80306247087255,12.2789574462574,13.148,49.334,88.9303114965222,,43.0,83384680.0
Turkiye,TUR,2021,74.0916612877286,62.5451650030143,85.343679137251,61.3740973521557,72.742452624104,74.4564231695797,61.5382693108141,81.40843745,99.5415432248525,9981.76398411336,11.811094450607,19.5964926913324,11.969,51.359,89.1762048153239,97.2600021362305,44.4,84147318.0
Turkiye,TUR,2022,,,,,,,,83.43716576,103.720593629066,10897.8397861365,5.44122511322401,72.3088359891207,10.465,53.055,89.0381164550781,,44.5,84979913.0
Turkiye,TUR,2023,,,,,,,,85.96074155,105.684032912794,13375.0947282864,5.04512369812289,53.8594087593315,9.388,53.313,89.0218446796121,,43.7,85325965.0
Turkiye,TUR,2024,81.5545478352063,71.6675500449687,91.6080831238213,75.5367583458805,65.2395251221829,85.5706060940068,70.295002174836,87.3078767,107.826875714392,15892.7157287241,3.3276230893799,58.5064507300342,8.8,54.2,89.3443122873887,,,85518661.0
Turkmenistan,TKM,2011,0.404911517118832,,,,,,,5.0,93.2537591382086,5143.61929334647,14.7183120474814,,4.003,45.496,46.9397537877858,,,5683417.0
Turkmenistan,TKM,2012,,,,,,,,7.195799828,101.574473198628,6053.8748468749,11.0508311776258,,3.994,44.819,46.9603023107661,,,5808546.0
Turkmenistan,TKM,2013,,,,,,,,9.600000381,103.130970254107,6599.64529055481,10.1628450365084,,3.993,44.271,46.9788451198152,,,5939341.0
Turkmenistan,TKM,2014,,,,,,,,12.19999981,118.613404511362,7164.14536184006,10.3497353947965,,4.005,43.776,46.9954085410955,,,6075283.0
Turkmenistan,TKM,2015,,,,,,,,14.99680042,126.162969350539,5759.497903834,6.45254918531575,,4.016,43.535,47.0100189007695,,,6215770.0
Turkmenistan,TKM,2016,,,,,,,,17.99029922,134.826174862709,5238.00827202546,6.22909997062793,,4.026,43.325,47.0227025249994,,,6360041.0
Turkmenistan,TKM,2017,40.5764131969046,35.5171080941356,45.7125533660727,39.4209697755709,15.5431045447919,48.8334047075464,9.92283612390975,,,5125.54920055808,6.45138358820188,,4.035,43.115,47.0334857399476,,,6507061.0
Turkmenistan,TKM,2018,,,,,,,,,87.7729687399519,3911.98557297865,6.20602363832646,,4.036,42.931,47.0423948717765,,,6655524.0
Turkmenistan,TKM,2019,,,,,,,,,88.2099411752948,4365.1152919542,6.33169567608873,,4.035,42.756,47.0494562466485,,,6803944.0
Turkmenistan,TKM,2020,,,,,,,,,88.7029504834018,3935.37749365223,5.87065623130427,,4.489,41.547,47.0546961907259,,,6949912.0
Turkmenistan,TKM,2021,,,,,,,,,88.1929367884543,3713.20113171765,6.15115785574542,,4.458,41.701,47.0581410301711,,,7092043.0
Turkmenistan,TKM,2022,,,,,,,,,,5198.18947409551,6.23491365071671,,4.017,42.202,47.0592103414926,99.9000015258789,,7230193.0
Turkmenistan,TKM,2023,,,,,,,,,,5298.46421949276,6.31879850268643,,4.007,41.992,47.0678875054171,,,7364438.0
Turkmenistan,TKM,2024,,,,,,,,,,5904.25772576512,6.28235647996578,,4.02,42.169,47.0875253910294,,,7494498.0
Turks and Caicos Islands,TCA,2011,,,,,,,,,,27327.4006354146,4.62049892978239,,,,90.7312950817828,,,30846.0
Turks and Caicos Islands,TCA,2012,,,,,,,,,,25923.6156503875,-2.66655562053364,,,,91.0352667584286,,,32127.0
Turks and Caicos Islands,TCA,2013,,,,,,,,,,25653.819867471,1.07088049554032,,,,91.3168927865286,,,33653.0
Turks and Caicos Islands,TCA,2014,,,,,,,,,,27292.5820256776,8.71129580824217,,,,91.5971200472541,,,35050.0
Turks and Caicos Islands,TCA,2015,,,,,,,,,,29457.0140691162,11.3148293929929,,,,91.8737937193851,,,36605.0
Turks and Caicos Islands,TCA,2016,,,,,,,,,,31373.5612684327,7.25118627570265,,,,92.1466904484552,,,38315.0
Turks and Caicos Islands,TCA,2017,,,,,,,,,,30014.2309523213,74.5879880544188,,,,92.4155868799755,,,39913.0
Turks and Caicos Islands,TCA,2018,,,,,,,,,,31625.616593277,6.75264845178367,,,,92.6802596594323,,,41559.0
Turks and Caicos Islands,TCA,2019,,,,,,,,,,31780.5217068989,4.98170549382992,,,,92.9404854322845,,,43166.0
Turks and Caicos Islands,TCA,2020,,,,,,,,,,20690.9160546118,-33.8170973434652,,,,93.1960408439605,,,44386.0
Turks and Caicos Islands,TCA,2021,,,,,,,,,,27329.2885087196,29.6293781722414,,,,93.4467025398547,,,45243.0
Turks and Caicos Islands,TCA,2022,,,,,,,,,,31280.5418020808,14.0871234168153,,,,93.6922471653237,,,45847.0
Turks and Caicos Islands,TCA,2023,,,,,,,,,,35470.2151608295,13.7311481139228,,,,93.9324513656818,,,46198.0
Turks and Caicos Islands,TCA,2024,,,,,,,,,,37506.7798431288,5.63682517443362,,,,94.1670917861964,,,46535.0
Tuvalu,TUV,2011,,,,,,,,16.5,19.7588126159555,3679.5325726267,7.52010985962886,0.5005807431527,,,56.0428770356731,,,10780.0
Tuvalu,TUV,2012,,,,,,,,18.70000076,25.6081946222791,3558.89749224226,-2.8527626821171,,,,56.8964903305448,,,10934.0
Tuvalu,TUV,2013,,,,,,,,21.20000076,30.9062812471593,3524.00277634143,3.80502330116951,,,,57.6314336806359,,,11001.0
Tuvalu,TUV,2014,,,,,,,,24.10000038,34.5957756737072,3518.13249227107,1.66722583350807,,,,58.2999596618832,,,10984.0
Tuvalu,TUV,2015,,,,,,,,27.29999924,60.2024993158807,3352.66722400181,9.37896384662504,,,,58.9148502652344,,,10963.0
Tuvalu,TUV,2016,,,,,,,,31.0,69.5333943275389,3779.15293916285,4.77650497336539,,,,59.4744768348285,,,10930.0
Tuvalu,TUV,2017,,,,,,,,35.20000076,73.6038273990248,4166.79162422818,3.26802914033142,,,,59.9531274910912,,,10869.0
Tuvalu,TUV,2018,,,,,,,,,79.0624127988094,4467.21144027065,1.38668386152332,,,,60.5596409590777,,,10751.0
Tuvalu,TUV,2019,,,,,,,,,85.0581230507513,5058.85266607659,13.4465048163198,,,,61.2406529218636,,,10581.0
Tuvalu,TUV,2020,,,,,,,,,86.5467833445524,5029.57159284173,-3.03030303030303,,,,61.9212610534937,,,10399.0
Tuvalu,TUV,2021,,,,,,,,,88.2872277810477,6042.51983141155,0.0,,,,62.6098296425994,,,10194.0
Tuvalu,TUV,2022,,,,,,,,,98.8590872698158,5414.74642912412,-10.9375,,,,63.3065768081154,100.0,,9992.0
Tuvalu,TUV,2023,,,,,,,,,,5143.8397437226,3.50877192982458,,,,64.0117206689787,,,9816.0
Tuvalu,TUV,2024,,,,,,,,,,5883.50257114002,3.38983050847457,,,,64.7254793441291,,,9646.0
Uganda,UGA,2011,20.4614192079115,15.0635186201917,25.7830122357305,9.87003834032227,12.3869481449529,26.2182801037121,14.222397840509,4.599999905,50.0591238800663,835.620060555838,9.3916554927176,16.5643496174515,3.523,80.156,20.0561028736631,,,33354543.0
Uganda,UGA,2012,,,,,,,,4.800000191,47.6342672974029,795.222867553127,3.83745560605229,12.6790377224659,3.551,69.919,21.372369321253,70.1999969482422,41.0,34337438.0
Uganda,UGA,2013,,,,,,,,5.099999905,51.1323160552035,818.285427416713,3.58690582623025,4.90520875694557,1.91,84.524,22.7367659239271,,,35337042.0
Uganda,UGA,2014,44.447154358521,36.6332838325585,52.3556578891782,28.8055038610712,35.0350052812248,50.9221527453947,36.7948207806677,5.400000095,55.9572451997482,896.054795546394,5.10630732539796,3.07570668958641,2.357,77.206,24.1938503391826,68.5100021362305,,36395539.0
Uganda,UGA,2015,,,,,,,,5.699999809,53.8755501186925,862.934610355811,5.18785986002466,5.58968606251725,2.681,75.584,24.9777856560427,,,37531446.0
Uganda,UGA,2016,,,,,,,,5.9,58.8633638178484,752.696571725656,4.78100029254482,5.70637504616212,3.002,73.777,25.6953567134098,69.0999984741211,42.8,38799152.0
Uganda,UGA,2017,59.1991511838928,52.7064122025169,66.0769958679875,47.2989682640939,57.1416052179425,60.6080276224175,46.6462653654414,7.417900085,62.0968142578109,765.218332297361,3.13140551723596,5.20971705914209,3.428,71.759,26.4139260579546,,,40177388.0
Uganda,UGA,2018,,,,,,,,9.326299667,58.8753608703264,792.16570022814,6.30392378262997,2.61601190952274,3.249,74.794,27.1280475018884,,,41565831.0
Uganda,UGA,2019,,,,,,,,11.72579956,59.0598078769828,822.171150036357,6.43874503276439,2.867588034469,3.057,77.242,27.8369781799403,,42.7,42999637.0
Uganda,UGA,2020,,,,,,,,7.4,62.2824129624858,845.766463890124,2.95130642218098,3.31332289544502,3.819,78.009,28.5399752271502,,,44457152.0
Uganda,UGA,2021,65.914011087313,65.0628896875427,66.8822379222055,51.3881762786007,62.6527404861013,68.1297546394425,54.2593239824582,10.0,65.6220730009172,882.791717542504,3.53658034070898,2.20457204757414,3.416,79.3,29.2362957789022,79.0476540680567,,45910930.0
Uganda,UGA,2022,,,,,,,,9.636899948,70.1401117953081,963.067314117178,4.58802192181773,7.1957888597581,2.885,80.03,29.9251969709665,,,47312719.0
Uganda,UGA,2023,,,,,,,,9.286999702,76.2966796632588,1002.30913917142,5.33697295511469,5.35094804280395,2.754,79.998,30.6059359395495,80.5100021362305,,48656601.0
Uganda,UGA,2024,72.8273757556063,66.3670902474203,80.2678606568995,66.8868869234163,66.7441953214858,76.9347109084957,64.8079887063478,8.949831061,83.165031466902,1077.91278438613,6.05558075875589,3.32338033691819,2.74,79.972,31.2777698213557,77.0400009155273,,50015092.0
Ukraine,UKR,2011,41.2685749442218,39.2077527093748,43.8778598871484,30.2448257744646,45.1661501909097,40.4821988429078,12.3877169210928,28.7082628400713,121.941606633464,3656.69799804688,5.44528081048476,7.95572466274652,7.851,56.266,68.7234299826222,,24.6,46307853.0
Ukraine,UKR,2012,,,,,,,,35.27,130.859020572585,3951.34228515625,0.152314967200653,0.568727971803862,7.529,56.273,68.8241983107739,,24.7,46210056.0
Ukraine,UKR,2013,,,,,,,,40.954128997,138.441124320457,4129.89697265625,0.045439094492707,-0.238948626045407,7.17,56.279,68.9326288082226,,24.6,46126770.0
Ukraine,UKR,2014,52.7148134392787,51.6856478787881,54.0178930262508,43.7391436986864,55.9446575921768,52.1892115724859,20.9835879496568,46.2359754571651,144.278847394403,3054.908203125,-10.0788949840953,12.0718562874251,9.27,56.286,69.0554339301313,,24.0,45972380.0
Ukraine,UKR,2015,,,,,,,,48.8846436813218,142.003037907188,2094.47387695313,-9.7729872128676,48.6998646434424,9.14,56.292,69.1587317201337,,25.5,45784896.0
Ukraine,UKR,2016,,,,,,,,53.0009695981884,133.168953931474,2158.46118164063,2.44098194492067,13.9127101997797,9.35,56.299,69.2102241609089,,25.0,45616832.0
Ukraine,UKR,2017,62.9023288438411,61.3211722499966,65.0290829347088,53.2602144162062,53.8797419083689,64.1952152111569,30.5967862527302,58.8894794459775,131.356511508927,2604.28759765625,2.35997228099491,14.4383227488749,9.5,56.305,69.2633108489282,,26.0,45436041.0
Ukraine,UKR,2018,,,,,,,,62.5531553933869,127.753861022152,3059.0517578125,3.48836234022659,10.9518559353178,8.799,56.312,69.3157992777909,,26.1,45208907.0
Ukraine,UKR,2019,,,,,,,,70.1248442995263,130.629436256062,3619.86157226563,3.19950386354134,7.88671745611133,8.194,56.318,69.3527648708735,,26.6,44957458.0
Ukraine,UKR,2020,,,,,,,,75.03790912,129.341230786476,3709.76928710938,-3.75281793983162,2.73249209419427,9.475,55.087,69.3839100516745,,25.6,44680014.0
Ukraine,UKR,2021,83.5648133398349,80.6856582690021,87.0726379019367,79.7302771653259,90.8892632280523,82.6839246894633,44.9383735061357,79.21829353,135.025688989835,4775.94580078125,3.44562065945944,9.36313917695223,9.834,54.639,69.4027032653896,,,44298640.0
Ukraine,UKR,2022,,,,,,,,80.47429657,120.261144906234,4199.6708984375,-28.7585842155085,20.1836366617478,,,69.42345912103,,,41048766.0
Ukraine,UKR,2023,,,,,,,,81.58059692,133.38012811971,5139.59814453125,5.53473354963334,12.8490222828559,,,69.4754455027606,,,37732836.0
Ukraine,UKR,2024,87.581225854266,83.8855969447319,91.5174220952965,81.5206322830376,92.9277148887562,86.9972071488144,84.0104630508427,82.47489929,,5391.62255859375,3.24811808426423,6.50198464669254,,,69.5315643200148,,,37860221.0
United Arab Emirates,ARE,2011,59.7323702767485,47.2084354869167,68.776231243201,52.8977265477766,26.319549289259,73.2746809916255,42.6088445704585,78.0,162.893623558443,51921.8890746408,6.73651167897515,0.87734659568512,2.587,76.869,83.5695007795347,,,7104538.0
United Arab Emirates,ARE,2012,,,,,,,,84.9999915049492,183.740632066882,53141.6251661086,4.68325642918792,0.662268900269009,2.323,77.046,83.7643244751488,,,7391448.0
United Arab Emirates,ARE,2013,,,,,,,,88.0,205.105475119726,53247.2278745159,4.9184505919085,1.1011183637571,2.125,77.334,83.9558135814626,,32.5,7693031.0
United Arab Emirates,ARE,2014,83.7433268781272,67.6806200532205,89.9819822630497,77.6929587365218,66.7392514508185,88.4041523119258,64.4202155441849,90.4000107121939,204.191832969644,52725.2307981936,4.63291785879667,2.34626865671643,1.999,77.672,84.1438806787019,,,8059440.0
United Arab Emirates,ARE,2015,,,,,,,,90.5,206.839413263939,44910.3458860776,7.08766622657654,4.06996608361593,1.793,77.997,84.3284383471193,,,8505237.0
United Arab Emirates,ARE,2016,,,,,,,,90.6000073180483,220.411614691071,42721.1136110991,5.65790147196586,1.61748808904198,1.64,78.446,84.5093991669984,,,8935095.0
United Arab Emirates,ARE,2017,88.2103911038117,76.4167186193151,92.6721593753115,82.9903703612701,60.2096192604377,90.7353321354226,70.8787531078766,94.8199225383446,214.701342068567,43733.6242018215,-1.06137114472548,1.96682557818842,2.462,78.759,84.686675718659,,,9223225.0
United Arab Emirates,ARE,2018,,,,,,,,98.4500017817194,214.842134318761,47135.3478795605,1.53720634021511,3.06863379251997,2.236,79.108,84.8601805824625,,26.4,9346701.0
United Arab Emirates,ARE,2019,,,,,,,,99.1499979561243,209.033214126867,45938.6084572227,1.27129120536284,-1.93108114782173,2.331,79.467,85.0298263388195,97.7799987792969,,9445785.0
United Arab Emirates,ARE,2020,,,,,,,,100.0,194.467749671801,37991.738387966,-8.69343363776639,-2.07940317940944,4.294,78.781,85.1955255681984,,,9401038.0
United Arab Emirates,ARE,2021,85.7421930087712,86.6829485997078,85.3945542078018,83.3963852937825,79.4338574142122,87.1586652498761,75.9677670946687,100.0,186.30089463245,44118.4936214315,4.55280140106356,0.179935336174431,3.105,77.054,85.3571908511355,98.129997253418,,9575152.0
United Arab Emirates,ARE,2022,,,,,,,,100.0,195.624592490241,50759.7590190204,7.51452414254605,5.29122604376849,2.872,77.242,85.5147347682487,98.2900009155273,,10074977.0
United Arab Emirates,ARE,2023,,,,,,,,100.0,199.423843889179,49850.6945082084,4.30113648499413,1.62670837213248,2.151,78.367,85.6680699002526,98.0599975585938,,10483751.0
United Arab Emirates,ARE,2024,,,,,,,,100.0,203.206410299544,50273.5126243239,3.99181200361831,1.66336510224894,2.16,78.484,85.8171088279791,98.8099975585938,,10986400.0
United Kingdom,GBR,2011,97.201284899645,97.651985620265,96.7070356040732,96.6492005694814,91.0408255842158,97.9548976762696,89.8929536875383,85.3799985496322,121.49766447536,42295.9273835322,0.851437739020326,3.8561124468282,8.195,61.778,81.1359685592627,,33.2,63258810.0
United Kingdom,GBR,2012,,,,,,,,87.4799984242111,122.465231814068,42688.3263728372,1.52826034721852,2.5732347965453,8.279,61.99,81.2905667759508,,33.1,63711000.0
United Kingdom,GBR,2013,,,,,,,,89.8441,122.184696024755,43607.6636827371,1.71846961308464,2.29166666666659,7.752,62.009,81.4573768694887,,32.7,64138000.0
United Kingdom,GBR,2014,98.9310547976756,98.6527309133106,99.2217005433475,98.0837341556043,90.7583792575475,100.0,100.0,91.6133009176453,120.958261038047,47746.9810645521,3.16017351468152,1.45112016293279,6.398,62.131,81.6355750750722,,33.1,64619000.0
United Kingdom,GBR,2015,,,,,,,,92.0002998740234,121.211739725133,45256.040227057,2.14040560033371,0.36804684232536,5.552,62.25,81.8243772295647,,33.3,65087000.0
United Kingdom,GBR,2016,,,,,,,,94.7758006318882,119.786558760596,41258.5374285695,2.20652020635357,1.0084173681141,4.909,62.408,82.0229991698295,,33.1,65606000.0
United Kingdom,GBR,2017,96.366318852125,96.0734367415868,96.6740866065722,94.473513929297,83.5203366431192,98.7131823330391,90.2228519938531,90.4245504868553,119.206737402819,40918.0520870944,3.02322219840339,2.55775577557747,4.501,62.412,82.23065673273,,32.6,65964000.0
United Kingdom,GBR,2018,,,,,,,,90.692008988783,118.184381927412,43704.3162296687,1.55133095078786,2.29283990345938,4.145,62.619,82.4465657551295,,33.7,66287000.0
United Kingdom,GBR,2019,,,,,,,,92.5166285497138,120.250108782533,43160.6843971799,1.25629899760824,1.73810460086513,3.657,62.625,82.6699420738913,,32.8,66628000.0
United Kingdom,GBR,2020,,,,,,,,94.81820132,117.304850715261,40815.1255364787,-10.047896637362,0.989486703772491,4.472,62.573,82.9000015258789,,32.7,66740000.0
United Kingdom,GBR,2021,99.7632738299911,99.9090517704621,99.6127612541258,99.5684103892191,100.0,99.735346820639,98.3316494050925,96.19650269,117.887430294308,47695.6491523474,8.5431118453255,2.51837109614213,4.864,61.973,82.9886431523641,,32.4,66978000.0
United Kingdom,GBR,2022,,,,,,,,95.46530151,119.833999505569,47034.7795621476,5.14970388522993,7.92204883147902,3.768,61.905,83.0753982997505,,,67636000.0
United Kingdom,GBR,2023,,,,,,,,95.44719696,122.781542240418,49919.6896621586,0.271650048355255,6.79396706793963,4.025,61.811,83.1601932891335,,,68526000.0
United Kingdom,GBR,2024,99.2843092777584,99.2689870562959,99.3005630735761,100.0,100.0,99.1760136035857,100.0,95.4720993,121.643331373201,53341.3131094262,1.08027716858781,3.2715729463592,4.361,61.556,83.2429544416085,,,69281000.0
United States,USA,2011,87.9578658638029,84.0690581399157,91.9819404591238,78.5778086487061,76.1346081661272,90.2882068717113,47.1923286788899,69.7294607619268,94.682964660635,50024.8812320773,1.56440685205419,3.156841568622,8.949,63.232,80.6957554256024,,41.2,311839461.0
United States,USA,2012,,,,,,,,74.7,96.1284261999864,51708.3940614082,2.28911339009767,2.06933726526067,8.069,63.11,80.6837493386238,,41.2,314339099.0
United States,USA,2013,,,,,,,,71.4,97.0595305732914,53297.3862901595,2.11783009443471,1.46483265562717,7.375,62.735,80.660889281215,,40.9,316726282.0
United States,USA,2014,93.5838007921263,94.7977101824712,92.3612617236252,87.69114876944,87.5635175357175,94.8046267058246,59.8634244277003,73.0,99.839569071329,55153.3940182967,2.52381981757846,1.62222297740817,6.168,62.447,80.6242231779766,,41.7,319257560.0
United States,USA,2015,,,,,,,,74.5542024462761,101.831958781319,56849.4697923159,2.94555045227337,0.118627135552451,5.28,62.267,80.5707989535091,,41.5,321815121.0
United States,USA,2016,,,,,,,,85.5444212887222,102.751864866695,57976.628204291,1.81945147909089,1.26158320570536,4.869,62.431,80.4976645324131,,41.3,324353340.0
United States,USA,2017,93.1221843138765,92.6862456595629,93.5703395175217,85.2185675346076,86.9444178862733,94.2130469046015,64.5688563123978,87.2748891687657,102.380562632686,60047.7190728307,2.45762230126449,2.13011000365961,4.355,62.548,80.4018678392891,,41.4,326608609.0
United States,USA,2018,,,,,,,,88.498903165152,103.935307364,62875.6661382728,2.96650506701943,2.44258329692817,3.896,62.592,80.2804567987377,,41.8,328529577.0
United States,USA,2019,,,,,,,,89.4302848575712,105.32074052965,65227.9565911038,2.58382533052225,1.81221007526021,3.669,62.848,80.1304793353594,,41.9,330226227.0
United States,USA,2020,,,,,,,,90.34470367,103.855170008567,64465.2971415748,-2.081375977796,1.23358439630629,8.055,61.556,79.997451762548,,40.0,331578104.0
United States,USA,2021,94.9532296473716,96.7918915249746,93.0887141747744,91.2456385601511,93.8018128391475,95.157024284965,57.715844054122,91.2684021,106.324514306135,71441.2319805947,6.15202247867526,4.69785886363742,5.349,61.501,80.0074765140272,,39.7,332100166.0
United States,USA,2022,,,,,,,,92.72850037,108.785640656159,78008.6895811877,2.52421385073222,8.00279982052121,3.65,61.794,80.0324978239707,,41.7,333996304.0
United States,USA,2023,,,,,,,,93.52559662,112.410910606372,82586.7847707894,2.93436322440155,4.11633838374488,3.638,62.08,80.071561119178,,41.8,336755052.0
United States,USA,2024,97.0230983290589,97.1092143262693,96.9368554605958,95.5767682441686,87.6628290445134,98.7844248115205,92.7320585202772,94.69380188,113.190481805755,86169.6641581917,2.79318715363841,2.94952520485207,4.022,61.959,80.1247798047184,,41.8,340003797.0
Uruguay,URY,2011,23.5426008998817,23.8296467904199,23.2125066597585,8.81690297513699,12.3668651158826,26.1827258896667,10.9699521376843,51.4046610563616,143.001961329496,15132.2675725587,5.16213302463606,8.0928320630299,6.307,66.016,94.6036824756941,98.3399963378906,42.2,3326825.0
Uruguay,URY,2012,,,,,,,,54.453768680746,149.770867131119,16259.5940814256,3.53817872056869,8.09776580573602,6.451,65.223,94.7606597546186,98.4000015258789,39.9,3335401.0
Uruguay,URY,2013,,,,,,,,57.69,157.471339957678,18335.2594772322,4.63753862902416,8.57513504005397,6.444,64.844,94.8844735142936,98.3600006103516,40.5,3345337.0
Uruguay,URY,2014,45.5857273469335,41.2656145202029,50.5615596077899,33.2113071428608,29.5131129883117,49.5360984379697,32.86095948115,61.4624951684405,163.782686705197,18322.4276767157,3.23879122952364,8.87735333229828,6.547,65.873,94.9897821210514,98.4400024414062,40.1,3356334.0
Uruguay,URY,2015,,,,,,,,64.5707870971624,153.368406394623,17125.9016800298,0.370741257681345,8.66626987079328,7.488,64.934,95.0800002298303,98.5199966430664,40.1,3368017.0
Uruguay,URY,2016,,,,,,,,66.40000153,151.414841550708,17009.7584207276,1.68979822971775,9.6394134763508,7.841,64.612,95.1585424955685,98.5599975585938,39.7,3379283.0
Uruguay,URY,2017,63.8680056828288,60.6288371445556,67.6058493626492,48.6147281082385,44.1169235996379,68.7183528789075,51.4663070822897,70.3223543994698,150.440084782428,19184.6626114272,1.74037649141989,6.2180938256186,7.89,64.114,95.2288235732042,98.620002746582,39.5,3388438.0
Uruguay,URY,2018,,,,,,,,80.7268428795854,131.363332934653,19249.9404677501,0.164777608846705,7.60653360377047,8.336,63.679,95.2942581176758,98.6999969482422,39.7,3394534.0
Uruguay,URY,2019,,,,,,,,83.3515337667548,133.236724531865,18315.7350377437,0.928351027546341,7.88198870879619,8.836,63.494,95.3479309082031,98.7699966430664,39.7,3397206.0
Uruguay,URY,2020,,,,,,,,85.47100067,133.90170192835,15757.5341990356,-7.35732706897301,9.75640636078194,10.413,61.103,95.3997650146484,98.9596198051761,40.2,3398968.0
Uruguay,URY,2021,74.1272677007413,75.726963457999,72.3503944884716,63.229477918047,59.4622530335434,77.3529517637869,65.3603089226492,87.64440155,138.112989243956,17881.8119616753,5.84427325018082,7.74791402314762,9.328,62.887,95.4497146606445,,40.8,3396695.0
Uruguay,URY,2022,,,,,,,,89.87304314,139.828801269747,21009.2883798725,4.60623000920732,9.10437983075437,7.877,63.181,95.4977416992188,98.8499984741211,40.6,3390913.0
Uruguay,URY,2023,,,,,,,,90.92590332,141.71948663565,23378.6399733516,0.761749241321681,5.86910359896119,8.355,64.584,95.5439605712891,98.8254937778285,40.9,3388081.0
Uruguay,URY,2024,73.7451275567861,73.2856919264603,74.2464297281832,62.8504097371847,62.432302710555,75.9696490932443,60.4552359826769,91.99109007,145.501755749445,24308.4954958447,3.32575905957381,4.84914366613156,8.209,65.018,95.5981951588181,98.9100036621094,40.0,3386588.0
Uzbekistan,UZB,2011,22.5039189572923,21.2931522658435,23.8178070360844,19.2842201998109,15.0205667106027,26.0058518837966,10.3110083257017,18.6,88.2684522563008,2338.55462817306,8.12793681625645,13.7797446476602,4.96,55.55,51.3395500183105,,,28823196.0
Uzbekistan,UZB,2012,,,,,,,,23.60000038,69.2849333824939,2573.95586785056,7.35682138899483,13.2088026688373,4.87,55.798,51.3359680175781,,,29261903.0
Uzbekistan,UZB,2013,,,,,,,,26.79999924,72.3319640163618,2781.38869470315,7.9217749261021,11.8414333622049,4.86,55.877,51.1276969909668,99.9899978637695,,29724065.0
Uzbekistan,UZB,2014,40.7100128887211,39.3352532737355,42.1921844455598,34.8606071252996,24.8653072742292,47.9179658346985,24.3090804960167,35.5,71.5984657244746,3021.00331668049,7.71373911707978,9.28309356162695,5.09,56.061,50.8868713378906,99.9800033569336,,30222994.0
Uzbekistan,UZB,2015,,,,,,,,42.79999924,70.8415066778981,3172.89899391083,7.94477659311639,8.75188196737508,5.15,56.286,50.6597328186035,99.9800033569336,,30749346.0
Uzbekistan,UZB,2016,,,,,,,,46.79130173,74.3669818295078,3128.42307170099,6.71108022628,8.130886695236,5.16,56.447,50.6572189331055,99.9899978637695,,31284568.0
Uzbekistan,UZB,2017,37.0897362684589,35.9690781340014,38.3331690579668,30.9178405980364,20.8981165666026,43.6261906747153,20.9487773477322,48.6999988524556,76.2604866788199,2271.4730109511,4.70027401956061,13.8757425441635,5.83,56.468,50.6787376403809,,,31819178.0
Uzbekistan,UZB,2018,,,,,,,,55.2000006732722,71.744368617656,1894.09088741408,5.72368380757618,17.5241796514055,5.392,56.552,50.5814971923828,99.9899978637695,,32373490.0
Uzbekistan,UZB,2019,,,,,,,,70.3999986481458,101.259829415713,2128.66067138334,6.79331098484522,14.5257359560687,4.936,56.626,50.5920104980469,100.0,,32964701.0
Uzbekistan,UZB,2020,,,,,,,,71.09999824,99.4063901870675,2087.96374711792,1.62162281640448,12.8677297362606,5.293,55.517,50.7670402526855,,,33586372.0
Uzbekistan,UZB,2021,44.1347902834696,38.8183128905487,50.2356196575346,41.4951362821386,24.4000249700926,49.7869659492366,23.8513721184318,76.59043014,102.410090312681,2370.36480555669,8.20448512353877,10.8492397508122,5.364,56.03,50.9269905090332,100.0,32.9,34243696.0
Uzbekistan,UZB,2022,,,,,,,,83.90000012,105.471643327627,2698.60262953369,6.08592335737373,11.4466436998836,4.456,57.685,50.9847412109375,100.0,31.2,34938955.0
Uzbekistan,UZB,2023,,,,,,,,89.01361047,106.884847592051,3015.97705069457,6.31603004201926,9.95659071258018,4.434,57.743,50.9964841114568,,34.5,35652307.0
Uzbekistan,UZB,2024,59.6583830145186,60.7039265407325,58.5397971163848,61.6991328968796,35.414358743409,66.760624024743,39.259012572243,89.50550079,110.492018573638,3337.45492058664,6.67618796188361,9.62825465956682,4.439,57.701,50.9986686706543,,34.6,36361859.0
Vanuatu,VUT,2011,,,,,,,,9.199999809,56.2507701027625,3163.1861645138,3.13980290023437,0.8737931047811,4.811,63.759,24.7861634049013,,,243474.0
Vanuatu,VUT,2012,,,,,,,,10.59799957,58.6958530715236,3004.78416664293,1.01004768692017,1.34740362877658,4.936,63.128,24.8183551383933,,,248883.0
Vanuatu,VUT,2013,,,,,,,,11.30000019,50.0011788653029,3392.56675091682,0.463390415135436,1.45893371757921,5.038,62.492,24.8407362750263,,,254482.0
Vanuatu,VUT,2014,,,,,,,,18.79999924,59.9642637565324,3378.36411965135,3.10512947273315,0.798863838097023,5.137,61.853,24.8549637694775,,,260240.0
Vanuatu,VUT,2015,,,,,,,,22.35140038,65.6961078688167,3214.41948587141,3.50101268962098,2.48326875660439,5.168,61.209,24.8626945764242,,,266101.0
Vanuatu,VUT,2016,,,,,,,,,80.3430520385024,3339.83436471043,3.61980830670927,0.842069084035061,5.197,60.561,24.8654875642873,,,272087.0
Vanuatu,VUT,2017,,,,,,,,,81.8708326900222,3585.31798081216,4.22332192519966,3.08452624403546,5.247,59.909,24.7644441456437,,,278507.0
Vanuatu,VUT,2018,,,,,,,,,88.1402514907505,3626.18862522473,2.51532789491979,2.33096379566866,5.353,59.254,24.2729727045038,,,285259.0
Vanuatu,VUT,2019,,,,,,,,,90.8330907409627,3635.62344878185,3.27677257380314,2.76252019386111,5.444,58.596,23.5024668917075,92.4744486976738,32.3,291985.0
Vanuatu,VUT,2020,,,,,,,,,82.3909682859418,3404.30359167624,-5.72530282073851,5.32935073101715,4.046,58.039,22.4186852094794,89.7930993872856,,298858.0
Vanuatu,VUT,2021,,,,,,,,,81.6914485987419,3576.13770954363,-1.16332488626091,2.34328358208953,4.776,58.284,22.2501822422475,,,305868.0
Vanuatu,VUT,2022,,,,,,,,,81.6202730589115,3679.53524327491,5.59195729750803,6.67930581887121,5.077,58.425,22.2541249733107,,,313046.0
Vanuatu,VUT,2023,,,,,,,,,89.2943082123161,3708.18942411253,5.82973013269719,11.1825017088175,5.011,58.399,22.2651966823901,87.9599990844727,,320409.0
Vanuatu,VUT,2024,,,,,,,,,,3959.87703462363,3.76564827114278,1.14348948727412,4.988,58.345,22.2866933360645,,,327777.0
"Venezuela, RB",VEN,2011,44.1166616188675,36.1505408502486,53.0591611895652,30.7447069260221,17.511001325656,53.8242477543081,32.122359828671,40.22,98.6184338835709,10843.9229703167,4.12186379928315,26.0902123160959,6.902,63.626,88.8079278904659,94.7699966430664,,29185212.0
"Venezuela, RB",VEN,2012,,,,,,,,49.0500830729861,103.435247267139,12582.0125686037,5.67986230636832,21.0689956331876,6.601,63.114,88.8401868543141,95.9871889937429,,29553826.0
"Venezuela, RB",VEN,2013,,,,,,,,54.90000153,103.28923003251,8642.37380007027,1.30293159609121,40.6394275161589,7.54,62.635,88.8786817039721,,,29912198.0
"Venezuela, RB",VEN,2014,57.0263255388671,53.2573684740236,61.108911179546,48.0314479111527,27.6261743796323,66.5440741676812,37.931264710753,57.0,100.905474597326,7101.15006382986,-3.85852090032154,62.1686499794829,6.821,62.154,88.9163913525251,,,30254079.0
"Venezuela, RB",VEN,2015,,,,,,,,58.0,95.1577930404332,4096.61989137473,-6.18729096989966,121.738085297503,6.139,61.671,88.9539804079292,96.6100006103516,,30573972.0
"Venezuela, RB",VEN,2016,,,,,,,,60.0,89.713138519105,3671.23004093383,-17.1122994652406,254.948534781816,5.319,61.185,88.9914428378712,97.129997253418,,30765720.0
"Venezuela, RB",VEN,2017,73.494507088005,70.0380101575445,77.3059433710311,60.1840356511286,56.9840583014876,78.2752922176726,57.9375308903843,,80.1355411817503,3791.63262049576,-15.6989247311828,,5.045,59.903,89.0287726100378,97.1837183128414,,30565323.0
"Venezuela, RB",VEN,2018,,,,,,,,,69.5499623049054,3421.51341607593,-19.6428571428571,,5.468,58.193,89.0659636921159,,,29807592.0
"Venezuela, RB",VEN,2019,,,,,,,,49.05009842,63.8474442929871,2523.11527549578,-27.6190476190476,,5.89,55.163,89.1030100517924,,,28938098.0
"Venezuela, RB",VEN,2020,,,,,,,,72.44110107,58.1625657953324,1506.04169391285,-29.8245614035088,,7.53,48.178,89.1399056567545,,,28444077.0
"Venezuela, RB",VEN,2021,84.3948009275794,79.6660056431576,89.0619066648864,78.2085437500663,62.2448522065365,91.4927901492757,83.0016050786551,74.11219788,60.2344883065715,2004.93572921136,0.625000000000014,,7.027,48.611,89.1766444746891,,,28237826.0
"Venezuela, RB",VEN,2022,,,,,,,,75.82180023,66.4667731210739,3155.04190923584,8.07453416149069,,5.646,50.883,89.2132204732836,,,28213017.0
"Venezuela, RB",VEN,2023,,,,,,,,76.33190155,70.2197325918151,3617.47038396528,4.02298850574712,,5.407,51.366,89.249627620225,,,28300854.0
"Venezuela, RB",VEN,2024,87.3184627954851,87.7033336249902,86.9300365024269,84.4291999175201,76.3922099595066,90.3803014459266,79.1494147346836,76.67890167,71.0075917225029,4244.45723136019,5.52486187845305,,5.321,52.05,89.285859883201,,,28405543.0
Viet Nam,VNM,2011,21.3694926755785,18.9092637436254,24.0045644646234,11.0485841724382,22.647788691719,20.9356336474214,4.50582375069762,35.07,143.91372373164,1950.92504174913,6.41316889681683,18.6777322770706,0.999,76.372,30.6996041680996,,,88468314.0
Viet Nam,VNM,2012,,,,,,,,36.79999924,147.104457946743,2185.11767654291,5.5045447041189,9.09470339557193,1.027,76.323,31.1222779403029,,35.6,89510356.0
Viet Nam,VNM,2013,,,,,,,,38.5,136.614018439735,2359.51736472828,5.55351081026072,6.59267475899192,1.316,77.234,31.5334201724543,,,90573104.0
Viet Nam,VNM,2014,30.9509468007991,32.0312178437901,29.8183388205363,18.7117039241262,37.4371905601413,29.0211714959545,15.3406010948464,41.0,148.504309214861,2546.38464459903,6.42224312118567,4.08455446637625,1.256,77.306,31.9480269945454,,34.8,91679578.0
Viet Nam,VNM,2015,,,,,,,,45.0,129.627056599416,2577.56885340113,6.98715430598611,0.631200905175685,1.848,77.43,32.3810945365679,,,92823254.0
Viet Nam,VNM,2016,,,,,,,,53.0,128.297962650408,2735.0604380416,6.69000892660424,2.66824816969082,1.848,76.965,32.8476189285136,,35.3,94000117.0
Viet Nam,VNM,2017,30.7957930492479,30.4197003358315,31.2050989564739,20.2775223656029,34.2172074418207,29.879436496354,13.0474491556189,58.1400000036297,126.097912313395,2956.10992127753,6.94019037359206,3.52025688811618,1.874,77.2,33.3625963003742,,,95176977.0
Viet Nam,VNM,2018,,,,,,,,69.8479286837965,146.137840768403,3222.31003125366,7.46500685572751,3.53962805942641,1.161,77.482,33.9410227821412,,35.7,96237319.0
Viet Nam,VNM,2019,,,,,,,,68.6615802057338,140.192561828615,3440.90025375434,7.35926270105006,2.79582367452244,1.681,76.615,34.6239134999511,95.75,,97173776.0
Viet Nam,VNM,2020,,,,,,,,70.30000012,141.655558720912,3534.03953482647,2.86541320912272,3.22093436652515,2.103,74.367,35.5706676299742,,36.8,98079191.0
Viet Nam,VNM,2021,,,,,,,,74.20999985,136.806313165021,3704.1935590038,2.55372852648131,1.83471554810462,2.383,73.738,36.6540656426603,,,98935098.0
Viet Nam,VNM,2022,56.2657536272923,52.7808370407716,59.9552974993432,40.6903784266149,54.5634971012489,56.6516020837243,21.7664904911469,78.58999918,137.852422819653,4147.69777213621,8.53750041218142,3.15650749963112,1.57,74.484,37.5478515625,96.129997253418,36.1,99680655.0
Viet Nam,VNM,2023,,,,,,,,78.08,130.991428667547,4322.82572261566,4.97865959483225,3.25289282667662,1.645,73.545,38.1298904418945,,,100352192.0
Viet Nam,VNM,2024,70.5507533567583,69.8844155477409,71.2493314689508,48.1091971005892,72.1566679336018,70.1939598345198,33.4836318159282,84.15,127.606471743496,4716.6599379632,7.03955197123018,3.62109273885844,1.602,73.134,38.4900703430176,,,100987686.0
Virgin Islands (U.S.),VIR,2011,,,,,,,,35.6,,38997.1373164651,-8.20424555364315,,11.337,61.475,94.6553578863453,,,108290.0
Virgin Islands (U.S.),VIR,2012,,,,,,,,40.5479,,37795.3192590675,-14.8125,,11.387,60.337,94.7353591077883,,,108188.0
Virgin Islands (U.S.),VIR,2013,,,,,,,,45.3,,34597.9766940328,-6.28515529469308,,11.802,56.95,94.8105958193224,,,108041.0
Virgin Islands (U.S.),VIR,2014,,,,,,,,50.07,,33045.3643795999,-1.77453027139875,,11.871,56.265,94.8797070702488,,,107882.0
Virgin Islands (U.S.),VIR,2015,,,,,,,,54.839137296,,34007.3529411765,-0.425079702444208,,11.649,58.651,94.9413319098685,,,107712.0
Virgin Islands (U.S.),VIR,2016,,,,,,,,59.60831579895,,35324.9748874586,1.6008537886873,,11.734,58.324,94.9941093874829,,,107516.0
Virgin Islands (U.S.),VIR,2017,,,,,,,,64.3774942980087,,35365.0693039774,-0.735294117647058,,11.445,59.135,95.0366785523929,,,107281.0
Virgin Islands (U.S.),VIR,2018,,,,,,,,,,36663.2087550584,1.87830687830687,,11.703,55.066,95.0676784538999,,,107001.0
Virgin Islands (U.S.),VIR,2019,,,,,,,,,89.5124925872467,38633.5298915336,2.90833549727343,,11.774,52.303,95.0857481413049,,,106669.0
Virgin Islands (U.S.),VIR,2020,,,,,,,,,91.2127880328822,39787.3741650202,-1.61493817814787,,14.366,52.454,95.0974024521293,,,106290.0
Virgin Islands (U.S.),VIR,2021,,,,,,,,,91.7189273471447,42571.0777368471,3.66760707873814,,13.508,53.562,95.1604310610968,,,105870.0
Virgin Islands (U.S.),VIR,2022,,,,,,,,,91.4619626157421,44320.909185774,-1.31123206333498,,12.092,54.524,95.2171514724412,,,105413.0
Virgin Islands (U.S.),VIR,2023,,,,,,,,,,,,,11.358,54.564,95.2740790945924,,,104917.0
Virgin Islands (U.S.),VIR,2024,,,,,,,,,,,,,11.423,54.471,95.3312197036061,,,104377.0
West Bank and Gaza,PSE,2011,19.4280315485088,10.1861740977222,28.6660734485789,7.99409914888863,8.6824456445287,25.6218326310054,12.7822460310533,41.08000183,70.0930147126709,2880.79843707909,9.60080848913594,2.8772435849594,17.597,41.362,84.2340950604341,95.0299987792969,34.4,3882986.0
West Bank and Gaza,PSE,2012,,,,,,,,43.4,74.3645845516098,3067.43872735614,6.09645656326154,2.77908768282492,19.202,41.679,84.5465135943222,95.6699981689453,,3979998.0
West Bank and Gaza,PSE,2013,,,,,,,,46.59999847,73.9290856335225,3315.29753909282,4.69856986552234,1.72439933626931,19.894,41.801,84.8178459889593,96.0500030517578,,4076708.0
West Bank and Gaza,PSE,2014,24.2438057330998,21.2148549543373,27.3375461482883,15.6402577211687,10.5757326335333,33.4915081685237,25.0947385731424,53.6651997924171,72.4102229180943,3352.11259506043,-0.157866650855297,1.73298510037447,20.526,42.118,85.0433335176723,96.2099990844727,,4173398.0
West Bank and Gaza,PSE,2015,,,,,,,,56.70000076,78.0924303863817,3272.15432360708,3.72129967114788,1.43161145810476,23.005,43.967,85.2182174537886,96.4800033569336,,4270092.0
West Bank and Gaza,PSE,2016,,,,,,,,59.90000153,80.1510726160054,3527.61382413178,8.86461881995935,-0.219106604907316,23.939,43.769,85.3377390706351,96.7200012207031,33.7,4367088.0
West Bank and Gaza,PSE,2017,25.0221747008253,15.9107728934959,34.4360022949327,11.9815739402805,12.1657133695321,33.0769205399184,18.126114915384,63.29999924,84.2593832303374,3620.36048715937,1.41936756294787,0.212570934228881,25.677,44.004,85.3782255354,96.9199981689453,,4454805.0
West Bank and Gaza,PSE,2018,,,,,,,,64.3999937114499,90.2055254286487,3562.33094270256,1.22707737782703,-0.195107773730735,26.256,43.452,85.5351131070872,97.2200012207031,,4569087.0
West Bank and Gaza,PSE,2019,,,,,,,,70.6225837001758,86.7372172316252,3656.85827137011,1.36268746558062,1.58018333639455,25.34,44.27,85.8136174183656,97.379997253418,,4685306.0
West Bank and Gaza,PSE,2020,,,,,,,,76.18160248,80.1297988122355,3233.56863835858,-11.3184661065134,-0.735332001092191,25.895,40.936,86.0741183743925,97.5100021362305,,4803269.0
West Bank and Gaza,PSE,2021,33.6425508866377,25.927658065924,41.4381977364089,17.4399652116782,18.2936516541714,42.390656006823,30.5021843463976,,78.1621094563592,3678.63565662194,7.01198227592003,1.23748102831369,26.39,43.367,86.334956387337,97.6840000894857,,4922749.0
West Bank and Gaza,PSE,2022,,,,,,,,88.64690554,76.5666403406424,3799.95527015163,4.08276027347105,3.74122391852077,24.42,44.991,86.5961423216016,97.8399963378906,,5043612.0
West Bank and Gaza,PSE,2023,,,,,,,,86.63765334,76.6918854204372,3607.41611858821,-0.97217780620403,5.87110177678988,,,86.8576870415886,,36.4,5165775.0
West Bank and Gaza,PSE,2024,39.6209836077699,27.7345491731852,51.181464130948,33.1063553167404,23.4405094632974,49.0562491592002,34.5955293978022,,,3028.25481286981,-22.8573273913324,53.6691458303782,,,87.1196014117004,97.9389541214558,,5289152.0
"Yemen, Rep.",YEM,2011,3.6599537986911,,,,,,,14.90499973,42.3015755016596,1186.47500581215,-12.7148969035133,19.5435617131144,13.311,38.924,30.9237389467026,,,27582897.0
"Yemen, Rep.",YEM,2012,,,,,,,,17.44650078,48.8857444140036,1245.05068272078,2.39299021364694,9.88538714484871,13.473,38.213,31.2031839858628,,,28433647.0
"Yemen, Rep.",YEM,2013,,,,,,,,20.0,57.4650413919417,1378.75002954928,4.82351908493912,10.9684421500198,13.673,37.564,31.4427187944215,,,29312952.0
"Yemen, Rep.",YEM,2014,6.44848186259134,,,,,,,22.54999924,56.5732322792042,1430.16420964026,-0.188690241954504,8.10472583623915,13.467,36.972,31.8626162180918,,36.7,30226309.0
"Yemen, Rep.",YEM,2015,,,,,,,,24.08539963,48.2100525815999,1362.1738120601,-27.9945462502541,,17.9,32.068,32.3883178702702,,,31159379.0
"Yemen, Rep.",YEM,2016,,,,,,,,24.57920074,51.1789525743709,975.359417003225,-9.37512379736752,,18.42,32.282,32.9512008005236,,,32109010.0
"Yemen, Rep.",YEM,2017,,,,,,,,,46.4111228575355,811.165970405745,-5.07179568062152,,18.611,32.47,33.5586912522175,,,33090921.0
"Yemen, Rep.",YEM,2018,,,,,,,,,44.8810541777362,633.887202451545,0.752447592962554,,17.593,32.612,34.2106045810864,,,34085182.0
"Yemen, Rep.",YEM,2019,,,,,,,,17.49099922,43.3990001198471,,,,17.213,32.729,34.9067561732024,,,35111408.0
"Yemen, Rep.",YEM,2020,,,,,,,,,42.0037568704771,,,,17.963,32.487,35.7025604580302,,,36134863.0
"Yemen, Rep.",YEM,2021,,,,,,,,,47.8090200303014,,,,18.312,32.308,36.0704951256305,,,37140230.0
"Yemen, Rep.",YEM,2022,11.9033656433415,5.43631354617772,18.3451844121311,6.50493974547528,5.00995602610102,16.1080518800915,6.9816569745174,,46.4534353720531,,,,17.224,33.025,36.3226310308295,,,38222876.0
"Yemen, Rep.",YEM,2023,,,,,,,,,50.8937810578557,,,,16.944,33.106,36.5707979836506,,,39390799.0
"Yemen, Rep.",YEM,2024,,,,,,,,,,,,,16.97,33.185,36.8077517596594,,,40583164.0
Zambia,ZMB,2011,21.3649091881019,23.3373853809143,19.3929234877127,8.76669321829372,12.8176299414459,26.2977993769305,9.20527495940134,3.5,56.5498570557445,1624.86817763443,5.56925219263019,6.4293968107234,10.548,59.018,40.3684491825881,,,14437796.0
Zambia,ZMB,2012,,,,,,,,4.099999905,70.5708583739075,1710.05061343728,7.59738104901994,6.57589970757698,7.85,58.972,40.7698556821596,,,14913629.0
Zambia,ZMB,2013,,,,,,,,4.8,67.5095981900639,1820.71854827391,5.05753695047252,6.97767605490307,7.272,58.914,41.1682266235825,,,15398997.0
Zambia,ZMB,2014,35.644871301019,33.2477691575508,38.1350851453337,20.5722722568914,28.8433610116085,39.5770247903742,22.4396643611234,6.5,63.6342658198343,1707.48573136694,4.69328316376705,7.80687553566333,6.576,58.843,41.5634741658525,,,15895315.0
Zambia,ZMB,2015,,,,,,,,8.8,70.4778478853307,1295.87788680068,2.92037511217961,10.1105928909618,5.951,58.763,41.9555104679652,,55.8,16399089.0
Zambia,ZMB,2016,,,,,,,,10.30000019,71.0460770668914,1239.08527877713,3.75510031678988,17.8697300795268,5.244,58.674,42.3442476889162,,,16914423.0
Zambia,ZMB,2017,45.8632574748937,40.278877907231,51.6809247376072,31.2449634949863,41.5426341020674,48.444166542131,30.9000325324272,12.19999981,77.0500111230113,1483.46577328065,3.52586277149926,6.57731154205644,4.529,58.577,42.7295979877011,,,17441320.0
Zambia,ZMB,2018,,,,,,,,14.2999970950012,86.0723321005416,1463.89997855593,4.03449389667165,7.4945719272852,5.032,58.475,43.1114735233156,71.129997253418,,17973569.0
Zambia,ZMB,2019,,,,,,,,14.47189999,93.0147820773422,1258.98619844462,1.44130602603785,9.15031644316296,5.538,59.544,43.4897864547552,,,18513839.0
Zambia,ZMB,2020,,,,,,,,14.64579964,100.235122888213,951.644316655957,-2.78505506545167,15.7330604721369,6.032,60.872,43.8644489410157,81.7530087399265,,19059395.0
Zambia,ZMB,2021,48.521887299618,44.9844337455222,52.4849790092609,32.9143886287809,44.506118008212,50.7426626863776,33.0219726794444,14.82190037,103.28257957834,1127.16077872857,6.23492204726448,22.0207676245777,5.197,60.099,44.2353731410926,79.9494621864846,,19603607.0
Zambia,ZMB,2022,,,,,,,,15.0,98.4372601156219,1447.12310138035,5.21122360356247,10.9932039209136,5.993,59.532,44.5988511178469,79.9841479741156,51.5,20152938.0
Zambia,ZMB,2023,,,,,,,,16.45070076,102.06156495632,1330.72780576709,5.36794285493059,10.884531691282,5.861,61.961,45.0285853521585,,,20723965.0
Zambia,ZMB,2024,72.7024245599811,70.172074871881,75.4614346484177,58.7956699275909,61.515767600297,79.6105946241842,61.9882588828619,17.10099983,108.704779873813,1187.10943350064,3.82004825518591,14.9856262747939,5.898,61.902,45.4703838491279,71.7699966430664,,21314956.0
Zimbabwe,ZWE,2011,39.651208895891,37.1244111339536,42.5455749456014,24.0925927373015,22.3553713491855,50.2087095531817,,8.399999619,67.6698277302716,1037.77565157218,14.1939156801139,3.4661297281749,5.368,66.013,32.7567295776968,,43.2,13595424.0
Zimbabwe,ZWE,2012,,,,,,,,12.0,91.2870035773198,1239.22709745709,16.6654290410337,3.72532666110646,5.057,66.092,32.7931752128328,,,13817887.0
Zimbabwe,ZWE,2013,,,,,,,,15.5,97.2838146490947,1362.99498323368,1.98948554025198,1.63495041543822,4.948,66.148,32.9019343169941,,,14013808.0
Zimbabwe,ZWE,2014,32.3892493998773,28.9797182746217,35.9539033258086,16.3031319868224,23.9638173769242,36.9464549199226,20.8674589101024,16.3647399572904,83.0460608477621,1372.91526173161,2.37698561663417,-0.19778481012661,4.774,66.158,33.1628075970801,,,14207359.0
Zimbabwe,ZWE,2015,,,,,,,,22.74279976,88.5991977366782,1387.12632595026,1.77985356392176,-2.43096842383404,5.399,66.13,33.5612641766874,,,14399013.0
Zimbabwe,ZWE,2016,,,,,,,,23.12000084,88.2100456333277,1408.13945253431,0.75579405855224,-1.54366960054161,5.896,66.07,34.0799460726314,,,14600294.0
Zimbabwe,ZWE,2017,55.2851376051058,51.6649260153328,59.2274998414783,43.6011797000716,48.3546823373693,58.7692331502695,37.9223941791059,24.39999962,95.136682697741,3445.44941020134,4.73441117758482,0.893962316050027,6.35,65.989,34.7014953017273,,44.3,14812482.0
Zimbabwe,ZWE,2018,,,,,,,,25.0,85.8627371320218,2270.89531874302,5.00992154297603,10.6188658669575,6.788,65.894,35.4085538807905,,,15034452.0
Zimbabwe,ZWE,2019,,,,,,,,26.5883007,86.4094297249598,2184.52155388801,-6.33244976028571,255.304990757856,7.373,65.795,36.1837638266364,93.2300033569336,50.3,15271368.0
Zimbabwe,ZWE,2020,,,,,,,,29.29856532,84.9604118996672,2059.63704025274,-7.81695060188729,557.201817362051,8.617,64.665,37.0097671560802,,,15526888.0
Zimbabwe,ZWE,2021,59.7459292908934,53.9752701929203,65.8617142354212,46.9225338081734,49.5798604690391,64.6846193035788,47.4616569684568,32.5923996,90.2538486226365,2613.6167414057,8.46801676808001,98.5461050920624,9.54,65.397,37.8692058859373,,,15797210.0
Zimbabwe,ZWE,2022,,,,,,,,36.25650024,88.9958314912836,2536.40197087505,6.13926327570213,104.705170628667,10.087,65.214,38.7055207169041,,,16069056.0
Zimbabwe,ZWE,2023,,,,,,,,38.67480087,91.6344110473757,2195.22502010174,5.3508687909833,,9.348,67.786,39.2919370795795,,,16340822.0
Zimbabwe,ZWE,2024,49.5216018025126,46.9940182067327,52.4013370486159,38.2144157150038,38.23407208412,54.6643548021549,33.8236387289404,41.64279938,94.2451753366358,2496.15514995576,1.67649454921512,,9.435,67.725,39.8933716820696,,,16634373.0
